Date,Open,High,Low,Close,Volume,Dividends,Stock Splits,Capital Gains
2021-07-23 00:00:00-04:00,24.954999923706055,24.97599983215332,24.950000762939453,24.97599983215332,600,0.0,0.0,0.0
2021-07-26 00:00:00-04:00,24.8700008392334,24.871999740600586,24.8700008392334,24.871999740600586,400,0.0,0.0,0.0
2021-07-27 00:00:00-04:00,24.69099998474121,24.69099998474121,24.69099998474121,24.69099998474121,100,0.0,0.0,0.0
2021-07-28 00:00:00-04:00,24.770000457763672,24.959999084472656,24.770000457763672,24.920000076293945,41400,0.0,0.0,0.0
2021-07-29 00:00:00-04:00,25.104999542236328,25.1200008392334,25.072999954223633,25.072999954223633,40400,0.0,0.0,0.0
2021-07-30 00:00:00-04:00,25.0,25.0,24.90999984741211,24.969999313354492,462800,0.0,0.0,0.0
2021-08-02 00:00:00-04:00,25.06999969482422,25.079999923706055,25.027000427246094,25.027000427246094,237100,0.0,0.0,0.0
2021-08-03 00:00:00-04:00,25.1299991607666,25.200000762939453,25.128999710083008,25.160999298095703,573000,0.0,0.0,0.0
2021-08-04 00:00:00-04:00,25.270000457763672,25.280000686645508,25.15999984741211,25.167999267578125,67700,0.0,0.0,0.0
2021-08-05 00:00:00-04:00,25.209999084472656,25.219999313354492,25.187999725341797,25.201000213623047,51700,0.0,0.0,0.0
2021-08-06 00:00:00-04:00,25.18000030517578,25.18000030517578,25.06999969482422,25.09000015258789,164200,0.0,0.0,0.0
2021-08-09 00:00:00-04:00,25.09000015258789,25.1299991607666,25.09000015258789,25.097999572753906,161200,0.0,0.0,0.0
2021-08-10 00:00:00-04:00,25.110000610351562,25.149999618530273,25.110000610351562,25.128999710083008,61300,0.0,0.0,0.0
2021-08-11 00:00:00-04:00,25.204999923706055,25.290000915527344,25.204999923706055,25.26099967956543,248400,0.0,0.0,0.0
2021-08-12 00:00:00-04:00,25.1299991607666,25.200000762939453,25.1299991607666,25.200000762939453,166700,0.0,0.0,0.0
2021-08-13 00:00:00-04:00,25.219999313354492,25.239999771118164,25.18000030517578,25.21500015258789,486000,0.0,0.0,0.0
2021-08-16 00:00:00-04:00,25.010000228881836,25.09000015258789,24.989999771118164,25.084999084472656,17800,0.0,0.0,0.0
2021-08-17 00:00:00-04:00,24.860000610351562,24.8700008392334,24.75,24.825000762939453,90600,0.0,0.0,0.0
2021-08-18 00:00:00-04:00,24.920000076293945,24.940000534057617,24.80699920654297,24.80699920654297,190100,0.0,0.0,0.0
2021-08-19 00:00:00-04:00,24.59000015258789,24.610000610351562,24.540000915527344,24.572999954223633,11500,0.0,0.0,0.0
2021-08-20 00:00:00-04:00,24.540000915527344,24.610000610351562,24.540000915527344,24.610000610351562,30800,0.0,0.0,0.0
2021-08-23 00:00:00-04:00,24.81999969482422,24.850000381469727,24.81800079345703,24.81800079345703,35700,0.0,0.0,0.0
2021-08-24 00:00:00-04:00,25.020000457763672,25.06999969482422,25.020000457763672,25.035999298095703,10400,0.0,0.0,0.0
2021-08-25 00:00:00-04:00,25.010000228881836,25.079999923706055,25.010000228881836,25.075000762939453,90700,0.0,0.0,0.0
2021-08-26 00:00:00-04:00,24.961000442504883,24.961000442504883,24.922000885009766,24.922000885009766,4400,0.0,0.0,0.0
2021-08-27 00:00:00-04:00,25.111000061035156,25.15999984741211,25.100000381469727,25.13599967956543,37300,0.0,0.0,0.0
2021-08-30 00:00:00-04:00,25.121000289916992,25.209999084472656,25.121000289916992,25.15999984741211,14200,0.0,0.0,0.0
2021-08-31 00:00:00-04:00,25.299999237060547,25.299999237060547,25.229999542236328,25.270000457763672,10900,0.0,0.0,0.0
2021-09-01 00:00:00-04:00,25.424999237060547,25.510000228881836,25.424999237060547,25.46500015258789,14300,0.0,0.0,0.0
2021-09-02 00:00:00-04:00,25.56999969482422,25.56999969482422,25.5,25.51300048828125,14500,0.0,0.0,0.0
2021-09-03 00:00:00-04:00,25.59000015258789,25.670000076293945,25.59000015258789,25.655000686645508,23200,0.0,0.0,0.0
2021-09-07 00:00:00-04:00,25.690000534057617,25.735000610351562,25.68400001525879,25.68400001525879,17300,0.0,0.0,0.0
2021-09-08 00:00:00-04:00,25.55500030517578,25.55500030517578,25.405000686645508,25.43600082397461,27900,0.0,0.0,0.0
2021-09-09 00:00:00-04:00,25.450000762939453,25.5,25.399999618530273,25.440000534057617,23900,0.0,0.0,0.0
2021-09-10 00:00:00-04:00,25.59000015258789,25.59000015258789,25.389999389648438,25.389999389648438,32500,0.0,0.0,0.0
2021-09-13 00:00:00-04:00,25.56999969482422,25.56999969482422,25.469999313354492,25.520000457763672,31000,0.0,0.0,0.0
2021-09-14 00:00:00-04:00,25.5,25.5,25.350000381469727,25.3799991607666,11500,0.0,0.0,0.0
2021-09-15 00:00:00-04:00,25.334999084472656,25.429000854492188,25.309999465942383,25.429000854492188,40800,0.0,0.0,0.0
2021-09-16 00:00:00-04:00,25.309999465942383,25.309999465942383,25.200000762939453,25.309999465942383,6800,0.0,0.0,0.0
2021-09-17 00:00:00-04:00,25.235000610351562,25.235000610351562,25.065000534057617,25.097999572753906,11400,0.0,0.0,0.0
2021-09-20 00:00:00-04:00,24.81999969482422,24.81999969482422,24.5,24.649999618530273,24500,0.0,0.0,0.0
2021-09-21 00:00:00-04:00,24.850000381469727,24.905000686645508,24.829999923706055,24.839000701904297,17300,0.0,0.0,0.0
2021-09-22 00:00:00-04:00,25.03499984741211,25.100000381469727,25.0,25.009000778198242,14500,0.0,0.0,0.0
2021-09-23 00:00:00-04:00,25.18000030517578,25.239999771118164,25.18000030517578,25.211999893188477,17100,0.0,0.0,0.0
2021-09-24 00:00:00-04:00,25.010000228881836,25.020000457763672,24.969999313354492,24.989999771118164,9200,0.0,0.0,0.0
2021-09-27 00:00:00-04:00,25.010000228881836,25.024999618530273,25.0,25.007999420166016,9700,0.0,0.0,0.0
2021-09-28 00:00:00-04:00,24.760000228881836,24.760000228881836,24.534000396728516,24.55699920654297,21700,0.0,0.0,0.0
2021-09-29 00:00:00-04:00,24.559999465942383,24.600000381469727,24.479000091552734,24.479000091552734,26000,0.0,0.0,0.0
2021-09-30 00:00:00-04:00,24.604999542236328,24.604999542236328,24.479999542236328,24.492000579833984,15300,0.0,0.0,0.0
2021-10-01 00:00:00-04:00,24.440000534057617,24.549999237060547,24.3700008392334,24.524999618530273,8500,0.0,0.0,0.0
2021-10-04 00:00:00-04:00,24.309999465942383,24.309999465942383,24.239999771118164,24.29800033569336,24300,0.0,0.0,0.0
2021-10-05 00:00:00-04:00,24.40999984741211,24.479000091552734,24.40999984741211,24.43400001525879,5800,0.0,0.0,0.0
2021-10-06 00:00:00-04:00,24.15999984741211,24.329999923706055,24.139999389648438,24.31599998474121,15800,0.0,0.0,0.0
2021-10-07 00:00:00-04:00,24.586999893188477,24.586999893188477,24.53700065612793,24.53700065612793,2300,0.0,0.0,0.0
2021-10-08 00:00:00-04:00,24.549999237060547,24.56999969482422,24.520000457763672,24.538000106811523,4300,0.0,0.0,0.0
2021-10-11 00:00:00-04:00,24.649999618530273,24.649999618530273,24.459999084472656,24.459999084472656,13800,0.0,0.0,0.0
2021-10-12 00:00:00-04:00,24.476999282836914,24.520000457763672,24.45199966430664,24.45199966430664,4700,0.0,0.0,0.0
2021-10-13 00:00:00-04:00,24.579999923706055,24.709999084472656,24.579999923706055,24.701000213623047,6600,0.0,0.0,0.0
2021-10-14 00:00:00-04:00,24.829999923706055,24.8799991607666,24.829999923706055,24.8700008392334,54000,0.0,0.0,0.0
2021-10-15 00:00:00-04:00,24.985000610351562,25.06999969482422,24.985000610351562,25.05299949645996,37700,0.0,0.0,0.0
2021-10-18 00:00:00-04:00,24.929000854492188,25.040000915527344,24.929000854492188,25.0049991607666,73100,0.0,0.0,0.0
2021-10-19 00:00:00-04:00,25.18000030517578,25.219999313354492,25.149999618530273,25.170000076293945,21000,0.0,0.0,0.0
2021-10-20 00:00:00-04:00,25.25,25.270000457763672,25.229999542236328,25.239999771118164,37900,0.0,0.0,0.0
2021-10-21 00:00:00-04:00,25.1299991607666,25.15999984741211,25.06999969482422,25.06999969482422,35300,0.0,0.0,0.0
2021-10-22 00:00:00-04:00,25.239999771118164,25.239999771118164,25.079999923706055,25.159000396728516,48400,0.0,0.0,0.0
2021-10-25 00:00:00-04:00,25.149999618530273,25.190000534057617,25.149999618530273,25.172000885009766,14400,0.0,0.0,0.0
2021-10-26 00:00:00-04:00,25.299999237060547,25.600000381469727,25.114999771118164,25.14299964904785,33800,0.0,0.0,0.0
2021-10-27 00:00:00-04:00,25.1299991607666,25.1299991607666,25.0,25.0,15800,0.0,0.0,0.0
2021-10-28 00:00:00-04:00,25.0049991607666,25.139999389648438,25.0049991607666,25.114999771118164,15400,0.0,0.0,0.0
2021-10-29 00:00:00-04:00,24.889999389648438,24.937999725341797,24.860000610351562,24.937999725341797,32300,0.0,0.0,0.0
2021-11-01 00:00:00-04:00,25.065000534057617,25.155000686645508,25.049999237060547,25.155000686645508,12600,0.0,0.0,0.0
2021-11-02 00:00:00-04:00,25.06999969482422,25.09000015258789,25.038999557495117,25.038999557495117,8500,0.0,0.0,0.0
2021-11-03 00:00:00-04:00,25.0049991607666,25.235000610351562,25.0049991607666,25.215999603271484,10900,0.0,0.0,0.0
2021-11-04 00:00:00-04:00,25.184999465942383,25.219999313354492,25.104000091552734,25.165000915527344,13900,0.0,0.0,0.0
2021-11-05 00:00:00-04:00,25.18000030517578,25.200000762939453,25.139999389648438,25.191999435424805,58800,0.0,0.0,0.0
2021-11-08 00:00:00-05:00,25.288999557495117,25.31999969482422,25.270000457763672,25.299999237060547,14200,0.0,0.0,0.0
2021-11-09 00:00:00-05:00,25.2189998626709,25.239999771118164,25.184999465942383,25.229999542236328,116300,0.0,0.0,0.0
2021-11-10 00:00:00-05:00,25.1299991607666,25.20599937438965,24.959999084472656,24.979999542236328,105400,0.0,0.0,0.0
2021-11-11 00:00:00-05:00,25.190000534057617,25.190000534057617,25.15999984741211,25.160999298095703,32500,0.0,0.0,0.0
2021-11-12 00:00:00-05:00,25.229999542236328,25.290000915527344,25.190000534057617,25.260000228881836,112600,0.0,0.0,0.0
2021-11-15 00:00:00-05:00,25.349000930786133,25.349000930786133,25.200000762939453,25.200000762939453,32600,0.0,0.0,0.0
2021-11-16 00:00:00-05:00,25.030000686645508,25.325000762939453,25.0,25.325000762939453,36200,0.0,0.0,0.0
2021-11-17 00:00:00-05:00,25.170000076293945,25.525999069213867,25.093000411987305,25.5,25400,0.0,0.0,0.0
2021-11-18 00:00:00-05:00,25.030000686645508,25.059999465942383,24.899999618530273,25.020000457763672,57100,0.0,0.0,0.0
2021-11-19 00:00:00-05:00,24.899999618530273,24.96500015258789,24.878000259399414,24.891000747680664,73200,0.0,0.0,0.0
2021-11-22 00:00:00-05:00,24.844999313354492,24.889999389648438,24.733999252319336,24.733999252319336,18600,0.0,0.0,0.0
2021-11-23 00:00:00-05:00,24.75,24.75,24.64299964904785,24.722999572753906,30300,0.0,0.0,0.0
2021-11-24 00:00:00-05:00,24.530000686645508,24.7450008392334,24.530000686645508,24.7450008392334,22100,0.0,0.0,0.0
2021-11-26 00:00:00-05:00,24.170000076293945,24.420000076293945,24.114999771118164,24.141000747680664,9200,0.0,0.0,0.0
2021-11-29 00:00:00-05:00,23.940000534057617,24.270000457763672,23.924999237060547,24.149999618530273,25800,0.0,0.0,0.0
2021-11-30 00:00:00-05:00,24.198999404907227,24.219999313354492,23.95599937438965,24.1200008392334,37200,0.0,0.0,0.0
2021-12-01 00:00:00-05:00,24.290000915527344,24.360000610351562,23.969999313354492,23.969999313354492,8300,0.0,0.0,0.0
2021-12-02 00:00:00-05:00,24.219999313354492,24.389999389648438,24.190000534057617,24.209999084472656,100400,0.0,0.0,0.0
2021-12-03 00:00:00-05:00,24.22800064086914,24.229999542236328,24.010000228881836,24.110000610351562,9500,0.0,0.0,0.0
2021-12-06 00:00:00-05:00,24.139999389648438,24.34000015258789,24.139999389648438,24.219999313354492,607700,0.0,0.0,0.0
2021-12-07 00:00:00-05:00,24.540000915527344,24.65999984741211,24.540000915527344,24.65999984741211,30900,0.0,0.0,0.0
2021-12-08 00:00:00-05:00,24.634000778198242,24.687000274658203,24.6200008392334,24.65999984741211,78700,0.0,0.0,0.0
2021-12-09 00:00:00-05:00,24.540000915527344,24.56999969482422,24.524999618530273,24.54199981689453,12900,0.0,0.0,0.0
2021-12-10 00:00:00-05:00,24.559999465942383,24.579999923706055,24.479999542236328,24.540000915527344,15100,0.0,0.0,0.0
2021-12-13 00:00:00-05:00,24.479999542236328,24.479999542236328,24.309999465942383,24.309999465942383,27400,0.0,0.0,0.0
2021-12-14 00:00:00-05:00,24.290000915527344,24.290000915527344,24.15999984741211,24.229999542236328,36500,0.0,0.0,0.0
2021-12-15 00:00:00-05:00,24.174999237060547,24.389999389648438,24.059999465942383,24.389999389648438,29300,0.0,0.0,0.0
2021-12-16 00:00:00-05:00,24.524999618530273,24.540000915527344,24.360000610351562,24.389999389648438,81400,0.0,0.0,0.0
2021-12-17 00:00:00-05:00,24.246000289916992,24.399999618530273,24.209999084472656,24.219999313354492,26100,0.0,0.0,0.0
2021-12-20 00:00:00-05:00,23.90999984741211,24.09000015258789,23.90999984741211,24.030000686645508,18400,0.0,0.0,0.0
2021-12-21 00:00:00-05:00,24.190000534057617,24.309999465942383,24.17099952697754,24.280000686645508,16200,0.0,0.0,0.0
2021-12-22 00:00:00-05:00,24.30900001525879,24.510000228881836,24.30900001525879,24.510000228881836,41700,0.0,0.0,0.0
2021-12-23 00:00:00-05:00,24.510000228881836,24.6299991607666,24.510000228881836,24.59000015258789,38500,0.0,0.0,0.0
2021-12-27 00:00:00-05:00,24.56999969482422,24.704999923706055,24.56999969482422,24.690000534057617,90100,0.0,0.0,0.0
2021-12-28 00:00:00-05:00,27.010000228881836,27.010000228881836,24.68000030517578,24.799999237060547,33700,0.0,0.0,0.0
2021-12-29 00:00:00-05:00,24.270000457763672,24.3700008392334,24.260000228881836,24.280000686645508,13300,0.0,0.0,0.0
2021-12-30 00:00:00-05:00,24.350000381469727,24.361000061035156,24.299999237060547,24.34000015258789,108700,0.0,0.0,0.0
2021-12-31 00:00:00-05:00,24.25,24.43000030517578,24.25,24.329999923706055,82400,0.0,0.0,0.0
2022-01-03 00:00:00-05:00,24.344999313354492,24.450000762939453,24.344999313354492,24.440000534057617,19400,0.0,0.0,0.0
2022-01-04 00:00:00-05:00,24.5,24.5,24.426000595092773,24.440000534057617,24000,0.0,0.0,0.0
2022-01-05 00:00:00-05:00,24.524999618530273,24.530000686645508,24.239999771118164,24.239999771118164,34300,0.0,0.0,0.0
2022-01-06 00:00:00-05:00,24.209999084472656,24.235000610351562,24.15999984741211,24.170000076293945,26400,0.0,0.0,0.0
2022-01-07 00:00:00-05:00,24.233999252319336,24.280000686645508,24.15999984741211,24.270000457763672,14000,0.0,0.0,0.0
2022-01-10 00:00:00-05:00,24.059999465942383,24.139999389648438,24.0,24.100000381469727,27200,0.0,0.0,0.0
2022-01-11 00:00:00-05:00,24.219999313354492,24.450000762939453,24.209999084472656,24.43000030517578,58200,0.0,0.0,0.0
2022-01-12 00:00:00-05:00,24.65999984741211,24.702999114990234,24.610000610351562,24.670000076293945,44200,0.0,0.0,0.0
2022-01-13 00:00:00-05:00,24.649999618530273,24.65999984741211,24.450000762939453,24.450000762939453,40600,0.0,0.0,0.0
2022-01-14 00:00:00-05:00,24.409000396728516,24.479999542236328,24.319000244140625,24.420000076293945,42600,0.0,0.0,0.0
2022-01-18 00:00:00-05:00,24.145999908447266,24.25,24.020000457763672,24.06999969482422,47400,0.0,0.0,0.0
2022-01-19 00:00:00-05:00,24.2549991607666,24.2549991607666,24.110000610351562,24.114999771118164,51200,0.0,0.0,0.0
2022-01-20 00:00:00-05:00,24.309999465942383,24.389999389648438,24.059999465942383,24.110000610351562,23700,0.0,0.0,0.0
2022-01-21 00:00:00-05:00,24.030000686645508,24.040000915527344,23.75,23.75,80800,0.0,0.0,0.0
2022-01-24 00:00:00-05:00,23.440000534057617,23.56999969482422,23.149999618530273,23.559999465942383,204300,0.0,0.0,0.0
2022-01-25 00:00:00-05:00,23.43000030517578,23.59000015258789,23.209999084472656,23.450000762939453,19600,0.0,0.0,0.0
2022-01-26 00:00:00-05:00,23.639999389648438,23.649999618530273,23.31999969482422,23.3700008392334,24700,0.0,0.0,0.0
2022-01-27 00:00:00-05:00,23.399999618530273,23.413000106811523,23.170000076293945,23.209999084472656,21400,0.0,0.0,0.0
2022-01-28 00:00:00-05:00,23.040000915527344,23.260000228881836,23.0,23.229999542236328,11700,0.0,0.0,0.0
2022-01-31 00:00:00-05:00,23.46500015258789,23.700000762939453,23.46500015258789,23.690000534057617,19700,0.0,0.0,0.0
2022-02-01 00:00:00-05:00,23.719999313354492,23.860000610351562,23.700000762939453,23.81999969482422,143700,0.0,0.0,0.0
2022-02-02 00:00:00-05:00,23.885000228881836,23.989999771118164,23.885000228881836,23.969999313354492,55900,0.0,0.0,0.0
2022-02-03 00:00:00-05:00,23.78499984741211,23.78499984741211,23.663999557495117,23.663999557495117,11600,0.0,0.0,0.0
2022-02-04 00:00:00-05:00,23.674999237060547,23.78499984741211,23.600000381469727,23.690000534057617,11700,0.0,0.0,0.0
2022-02-07 00:00:00-05:00,23.760000228881836,23.829999923706055,23.690000534057617,23.690000534057617,13100,0.0,0.0,0.0
2022-02-08 00:00:00-05:00,23.75,23.829999923706055,23.690000534057617,23.799999237060547,11500,0.0,0.0,0.0
2022-02-09 00:00:00-05:00,24.145000457763672,24.170000076293945,24.094999313354492,24.149999618530273,298600,0.0,0.0,0.0
2022-02-10 00:00:00-05:00,24.059999465942383,24.239999771118164,23.90999984741211,23.90999984741211,95700,0.0,0.0,0.0
2022-02-11 00:00:00-05:00,23.950000762939453,23.975000381469727,23.600000381469727,23.68000030517578,41100,0.0,0.0,0.0
2022-02-14 00:00:00-05:00,23.47599983215332,23.540000915527344,23.420000076293945,23.479999542236328,31000,0.0,0.0,0.0
2022-02-15 00:00:00-05:00,23.753999710083008,23.8799991607666,23.729999542236328,23.8799991607666,16600,0.0,0.0,0.0
2022-02-16 00:00:00-05:00,23.791000366210938,24.030000686645508,23.78499984741211,23.920000076293945,34500,0.0,0.0,0.0
2022-02-17 00:00:00-05:00,23.760000228881836,23.80500030517578,23.600000381469727,23.610000610351562,47400,0.0,0.0,0.0
2022-02-18 00:00:00-05:00,23.610000610351562,23.6299991607666,23.459999084472656,23.459999084472656,17700,0.0,0.0,0.0
2022-02-22 00:00:00-05:00,23.260000228881836,23.594999313354492,23.229999542236328,23.229999542236328,74300,0.0,0.0,0.0
2022-02-23 00:00:00-05:00,23.40999984741211,23.40999984741211,23.020000457763672,23.040000915527344,40700,0.0,0.0,0.0
2022-02-24 00:00:00-05:00,22.40999984741211,22.8700008392334,22.3799991607666,22.770000457763672,61900,0.0,0.0,0.0
2022-02-25 00:00:00-05:00,23.0,23.347999572753906,22.950000762939453,23.25,55900,0.0,0.0,0.0
2022-02-28 00:00:00-05:00,22.920000076293945,23.059999465942383,22.85099983215332,22.940000534057617,85700,0.0,0.0,0.0
2022-03-01 00:00:00-05:00,22.93000030517578,22.93000030517578,22.59000015258789,22.639999389648438,18800,0.0,0.0,0.0
2022-03-02 00:00:00-05:00,22.68000030517578,22.860000610351562,22.68000030517578,22.809999465942383,127300,0.0,0.0,0.0
2022-03-03 00:00:00-05:00,22.770000457763672,22.770000457763672,22.489999771118164,22.530000686645508,26700,0.0,0.0,0.0
2022-03-04 00:00:00-05:00,22.1200008392334,22.15999984741211,21.969999313354492,22.059999465942383,57900,0.0,0.0,0.0
2022-03-07 00:00:00-05:00,21.920000076293945,21.920000076293945,21.489999771118164,21.579999923706055,26400,0.0,0.0,0.0
2022-03-08 00:00:00-05:00,21.6200008392334,21.829999923706055,21.459999084472656,21.6200008392334,115700,0.0,0.0,0.0
2022-03-09 00:00:00-05:00,22.020000457763672,22.219999313354492,21.979999542236328,22.190000534057617,15400,0.0,0.0,0.0
2022-03-10 00:00:00-05:00,22.010000228881836,22.100000381469727,21.860000610351562,21.920000076293945,24100,0.0,0.0,0.0
2022-03-11 00:00:00-05:00,21.950000762939453,21.950000762939453,21.700000762939453,21.700000762939453,13600,0.0,0.0,0.0
2022-03-14 00:00:00-04:00,21.889999389648438,21.895000457763672,21.65999984741211,21.700000762939453,16000,0.0,0.0,0.0
2022-03-15 00:00:00-04:00,21.59000015258789,21.780000686645508,21.59000015258789,21.760000228881836,14300,0.0,0.0,0.0
2022-03-16 00:00:00-04:00,22.260000228881836,22.610000610351562,22.209999084472656,22.610000610351562,8300,0.0,0.0,0.0
2022-03-17 00:00:00-04:00,22.540000915527344,22.700000762939453,22.540000915527344,22.68000030517578,30000,0.0,0.0,0.0
2022-03-18 00:00:00-04:00,22.729999542236328,22.940000534057617,22.65999984741211,22.93000030517578,48800,0.0,0.0,0.0
2022-03-21 00:00:00-04:00,22.719999313354492,22.809999465942383,22.690000534057617,22.760000228881836,22600,0.0,0.0,0.0
2022-03-22 00:00:00-04:00,22.920000076293945,22.969999313354492,22.905000686645508,22.950000762939453,29000,0.0,0.0,0.0
2022-03-23 00:00:00-04:00,22.75,22.889999389648438,22.729999542236328,22.75,45900,0.0,0.0,0.0
2022-03-24 00:00:00-04:00,22.760000228881836,22.895000457763672,22.75,22.84000015258789,23900,0.0,0.0,0.0
2022-03-25 00:00:00-04:00,22.809999465942383,22.81999969482422,22.700000762939453,22.799999237060547,15600,0.0,0.0,0.0
2022-03-28 00:00:00-04:00,22.760000228881836,22.767000198364258,22.639999389648438,22.739999771118164,14600,0.0,0.0,0.0
2022-03-29 00:00:00-04:00,23.100000381469727,23.100000381469727,22.96500015258789,23.079999923706055,12300,0.0,0.0,0.0
2022-03-30 00:00:00-04:00,23.110000610351562,23.110000610351562,22.9950008392334,23.040000915527344,17500,0.0,0.0,0.0
2022-03-31 00:00:00-04:00,22.889999389648438,22.93000030517578,22.722000122070312,22.722000122070312,13500,0.0,0.0,0.0
2022-04-01 00:00:00-04:00,22.920000076293945,22.920000076293945,22.809999465942383,22.889999389648438,17900,0.0,0.0,0.0
2022-04-04 00:00:00-04:00,23.0,23.1200008392334,23.0,23.059999465942383,21200,0.0,0.0,0.0
2022-04-05 00:00:00-04:00,23.020000457763672,23.020000457763672,22.774999618530273,22.780000686645508,7500,0.0,0.0,0.0
2022-04-06 00:00:00-04:00,22.549999237060547,22.64900016784668,22.46500015258789,22.520000457763672,13900,0.0,0.0,0.0
2022-04-07 00:00:00-04:00,22.530000686645508,22.58099937438965,22.423999786376953,22.5,10800,0.0,0.0,0.0
2022-04-08 00:00:00-04:00,22.510000228881836,22.59000015258789,22.489999771118164,22.489999771118164,44800,0.0,0.0,0.0
2022-04-11 00:00:00-04:00,22.389999389648438,22.399999618530273,22.270000457763672,22.270000457763672,19900,0.0,0.0,0.0
2022-04-12 00:00:00-04:00,22.34000015258789,22.3700008392334,22.15999984741211,22.15999984741211,18700,0.0,0.0,0.0
2022-04-13 00:00:00-04:00,22.270000457763672,22.3799991607666,22.270000457763672,22.360000610351562,33000,0.0,0.0,0.0
2022-04-14 00:00:00-04:00,22.280000686645508,22.31999969482422,22.219999313354492,22.219999313354492,15900,0.0,0.0,0.0
2022-04-18 00:00:00-04:00,22.165000915527344,22.229999542236328,22.1299991607666,22.149999618530273,17200,0.0,0.0,0.0
2022-04-19 00:00:00-04:00,22.049999237060547,22.139999389648438,22.02199935913086,22.139999389648438,11100,0.0,0.0,0.0
2022-04-20 00:00:00-04:00,22.209999084472656,22.260000228881836,22.165000915527344,22.209999084472656,17400,0.0,0.0,0.0
2022-04-21 00:00:00-04:00,22.360000610351562,22.360000610351562,21.920000076293945,21.933000564575195,14300,0.0,0.0,0.0
2022-04-22 00:00:00-04:00,21.899999618530273,21.92099952697754,20.780000686645508,21.690000534057617,19100,0.0,0.0,0.0
2022-04-25 00:00:00-04:00,21.75,21.75,21.368000030517578,21.572999954223633,61700,0.0,0.0,0.0
2022-04-26 00:00:00-04:00,21.399999618530273,21.417999267578125,21.187000274658203,21.209999084472656,42100,0.0,0.0,0.0
2022-04-27 00:00:00-04:00,21.200000762939453,21.850000381469727,21.18000030517578,21.290000915527344,34800,0.0,0.0,0.0
2022-04-28 00:00:00-04:00,22.25,22.391000747680664,21.389999389648438,21.468000411987305,12200,0.0,0.0,0.0
2022-04-29 00:00:00-04:00,21.59000015258789,21.6200008392334,21.479999542236328,21.610000610351562,44200,0.0,0.0,0.0
2022-05-02 00:00:00-04:00,21.360000610351562,21.360000610351562,21.110000610351562,21.316999435424805,26200,0.0,0.0,0.0
2022-05-03 00:00:00-04:00,21.39699935913086,21.44499969482422,21.374000549316406,21.4060001373291,15700,0.0,0.0,0.0
2022-05-04 00:00:00-04:00,21.299999237060547,21.649999618530273,21.200000762939453,21.649999618530273,162700,0.0,0.0,0.0
2022-05-05 00:00:00-04:00,21.700000762939453,21.700000762939453,20.940000534057617,20.975000381469727,74800,0.0,0.0,0.0
2022-05-06 00:00:00-04:00,20.825000762939453,20.924999237060547,20.780000686645508,20.865999221801758,37300,0.0,0.0,0.0
2022-05-09 00:00:00-04:00,20.579999923706055,20.579999923706055,20.360000610351562,20.37299919128418,46200,0.0,0.0,0.0
2022-05-10 00:00:00-04:00,20.540000915527344,20.540000915527344,20.31999969482422,20.41200065612793,51100,0.0,0.0,0.0
2022-05-11 00:00:00-04:00,20.57900047302246,20.6299991607666,20.325000762939453,20.325000762939453,44100,0.0,0.0,0.0
2022-05-12 00:00:00-04:00,20.1299991607666,20.31999969482422,20.1299991607666,20.261999130249023,41300,0.0,0.0,0.0
2022-05-13 00:00:00-04:00,20.541000366210938,20.88800048828125,20.541000366210938,20.65999984741211,199900,0.0,0.0,0.0
2022-05-16 00:00:00-04:00,20.56999969482422,22.0,20.56999969482422,20.700000762939453,57500,0.0,0.0,0.0
2022-05-17 00:00:00-04:00,21.040000915527344,21.049999237060547,20.969999313354492,21.030000686645508,45000,0.0,0.0,0.0
2022-05-18 00:00:00-04:00,20.889999389648438,20.899999618530273,20.610000610351562,20.613000869750977,31100,0.0,0.0,0.0
2022-05-19 00:00:00-04:00,20.040000915527344,20.93000030517578,20.040000915527344,20.836999893188477,27300,0.0,0.0,0.0
2022-05-20 00:00:00-04:00,20.82900047302246,20.90999984741211,20.71500015258789,20.90999984741211,12600,0.0,0.0,0.0
2022-05-23 00:00:00-04:00,21.035999298095703,21.190000534057617,21.035999298095703,21.15999984741211,43500,0.0,0.0,0.0
2022-05-24 00:00:00-04:00,20.94499969482422,21.059999465942383,20.84000015258789,21.010000228881836,452000,0.0,0.0,0.0
2022-05-25 00:00:00-04:00,20.94099998474121,21.079999923706055,20.899999618530273,21.020000457763672,52300,0.0,0.0,0.0
2022-05-26 00:00:00-04:00,21.094999313354492,21.292999267578125,21.094999313354492,21.239999771118164,45700,0.0,0.0,0.0
2022-05-27 00:00:00-04:00,21.290000915527344,21.450000762939453,21.290000915527344,21.43199920654297,24300,0.0,0.0,0.0
2022-05-31 00:00:00-04:00,21.520000457763672,21.6200008392334,21.479999542236328,21.479999542236328,58000,0.0,0.0,0.0
2022-06-01 00:00:00-04:00,21.639999389648438,21.86400032043457,21.239999771118164,21.30500030517578,43000,0.0,0.0,0.0
2022-06-02 00:00:00-04:00,21.450000762939453,21.690000534057617,21.43000030517578,21.65999984741211,12400,0.0,0.0,0.0
2022-06-03 00:00:00-04:00,21.420000076293945,21.450000762939453,21.350000381469727,21.360000610351562,35300,0.0,0.0,0.0
2022-06-06 00:00:00-04:00,21.59000015258789,21.809999465942383,21.402000427246094,21.450000762939453,60300,0.0,0.0,0.0
2022-06-07 00:00:00-04:00,21.329999923706055,21.510000228881836,21.329999923706055,21.450000762939453,21300,0.0,0.0,0.0
2022-06-08 00:00:00-04:00,21.450000762939453,21.479999542236328,21.34000015258789,21.34000015258789,23900,0.0,0.0,0.0
2022-06-09 00:00:00-04:00,21.243999481201172,21.6299991607666,20.989999771118164,20.989999771118164,42400,0.0,0.0,0.0
2022-06-10 00:00:00-04:00,20.790000915527344,20.790000915527344,20.690000534057617,20.729999542236328,15700,0.0,0.0,0.0
2022-06-13 00:00:00-04:00,20.309999465942383,20.350000381469727,20.218000411987305,20.270000457763672,30100,0.0,0.0,0.0
2022-06-14 00:00:00-04:00,20.309999465942383,20.309999465942383,19.989999771118164,20.260000228881836,59700,0.0,0.0,0.0
2022-06-15 00:00:00-04:00,20.3700008392334,20.540000915527344,20.200000762939453,20.450000762939453,232000,0.0,0.0,0.0
2022-06-16 00:00:00-04:00,20.06999969482422,20.600000381469727,19.950000762939453,20.040000915527344,27900,0.0,0.0,0.0
2022-06-17 00:00:00-04:00,20.079999923706055,20.1299991607666,19.920000076293945,20.010000228881836,57700,0.0,0.0,0.0
2022-06-21 00:00:00-04:00,20.020000457763672,20.450000762939453,20.0,20.280000686645508,95500,0.0,0.0,0.0
2022-06-22 00:00:00-04:00,20.110000610351562,20.1200008392334,20.040000915527344,20.06999969482422,40100,0.0,0.0,0.0
2022-06-23 00:00:00-04:00,19.959999084472656,19.979999542236328,19.809999465942383,19.950000762939453,42400,0.0,0.0,0.0
2022-06-24 00:00:00-04:00,20.13800048828125,20.459999084472656,20.11199951171875,20.459999084472656,28000,0.0,0.0,0.0
2022-06-27 00:00:00-04:00,20.389999389648438,20.43000030517578,20.34000015258789,20.360000610351562,35400,0.0,0.0,0.0
2022-06-28 00:00:00-04:00,20.440000534057617,20.479999542236328,20.229999542236328,20.229999542236328,85100,0.0,0.0,0.0
2022-06-29 00:00:00-04:00,20.18000030517578,20.209999084472656,20.1299991607666,20.139999389648438,48900,0.0,0.0,0.0
2022-06-30 00:00:00-04:00,19.940000534057617,20.059999465942383,19.84000015258789,20.059999465942383,47900,0.0,0.0,0.0
2022-07-01 00:00:00-04:00,19.84000015258789,20.030000686645508,19.84000015258789,20.030000686645508,8500,0.0,0.0,0.0
2022-07-05 00:00:00-04:00,19.6299991607666,19.770000457763672,19.559999465942383,19.76300048828125,31300,0.0,0.0,0.0
2022-07-06 00:00:00-04:00,19.6299991607666,19.760000228881836,19.610000610351562,19.709999084472656,33000,0.0,0.0,0.0
2022-07-07 00:00:00-04:00,20.0,20.040000915527344,19.983999252319336,20.030000686645508,5700,0.0,0.0,0.0
2022-07-08 00:00:00-04:00,20.049999237060547,20.049999237060547,19.940000534057617,20.020000457763672,30500,0.0,0.0,0.0
2022-07-11 00:00:00-04:00,19.719999313354492,19.729999542236328,19.658000946044922,19.658000946044922,8200,0.0,0.0,0.0
2022-07-12 00:00:00-04:00,19.65999984741211,19.719999313354492,19.610000610351562,19.625999450683594,10900,0.0,0.0,0.0
2022-07-13 00:00:00-04:00,19.399999618530273,19.6200008392334,19.399999618530273,19.549999237060547,57800,0.0,0.0,0.0
2022-07-14 00:00:00-04:00,19.270000457763672,19.389999389648438,19.239999771118164,19.360000610351562,22900,0.0,0.0,0.0
2022-07-15 00:00:00-04:00,19.479999542236328,19.530000686645508,19.479999542236328,19.530000686645508,6800,0.0,0.0,0.0
2022-07-18 00:00:00-04:00,19.739999771118164,19.770000457763672,19.56999969482422,19.6299991607666,21500,0.0,0.0,0.0
2022-07-19 00:00:00-04:00,19.780000686645508,20.045000076293945,19.780000686645508,19.959999084472656,36100,0.0,0.0,0.0
2022-07-20 00:00:00-04:00,19.889999389648438,20.149999618530273,19.8700008392334,19.899999618530273,20800,0.0,0.0,0.0
2022-07-21 00:00:00-04:00,20.020000457763672,20.06999969482422,19.969999313354492,20.059999465942383,20900,0.0,0.0,0.0
2022-07-22 00:00:00-04:00,20.139999389648438,20.139999389648438,19.93000030517578,19.979999542236328,184100,0.0,0.0,0.0
2022-07-25 00:00:00-04:00,20.04199981689453,20.110000610351562,20.010000228881836,20.110000610351562,12700,0.0,0.0,0.0
2022-07-26 00:00:00-04:00,19.969999313354492,19.969999313354492,19.8700008392334,19.881999969482422,11100,0.0,0.0,0.0
2022-07-27 00:00:00-04:00,20.020000457763672,20.229999542236328,20.020000457763672,20.2189998626709,14700,0.0,0.0,0.0
2022-07-28 00:00:00-04:00,20.18000030517578,20.399999618530273,20.18000030517578,20.3700008392334,10400,0.0,0.0,0.0
2022-07-29 00:00:00-04:00,20.25,20.389999389648438,20.25,20.389999389648438,8900,0.0,0.0,0.0
2022-08-01 00:00:00-04:00,20.350000381469727,20.420000076293945,20.329999923706055,20.389999389648438,21300,0.0,0.0,0.0
2022-08-02 00:00:00-04:00,20.239999771118164,20.950000762939453,20.170000076293945,20.950000762939453,12600,0.0,0.0,0.0
2022-08-03 00:00:00-04:00,20.239999771118164,20.270000457763672,20.139999389648438,20.229999542236328,8100,0.0,0.0,0.0
2022-08-04 00:00:00-04:00,20.290000915527344,20.516000747680664,20.260000228881836,20.290000915527344,11100,0.0,0.0,0.0
2022-08-05 00:00:00-04:00,20.170000076293945,20.270000457763672,20.149999618530273,20.229999542236328,9900,0.0,0.0,0.0
2022-08-08 00:00:00-04:00,20.360000610351562,20.365999221801758,20.268999099731445,20.283000946044922,7000,0.0,0.0,0.0
2022-08-09 00:00:00-04:00,20.219999313354492,20.25,20.170000076293945,20.170000076293945,13200,0.0,0.0,0.0
2022-08-10 00:00:00-04:00,20.371999740600586,20.510000228881836,20.371999740600586,20.510000228881836,16400,0.0,0.0,0.0
2022-08-11 00:00:00-04:00,20.6299991607666,20.649999618530273,20.493000030517578,20.520000457763672,4900,0.0,0.0,0.0
2022-08-12 00:00:00-04:00,20.549999237060547,20.969999313354492,20.549999237060547,20.6299991607666,14800,0.0,0.0,0.0
2022-08-15 00:00:00-04:00,20.520000457763672,20.59000015258789,20.520000457763672,20.55299949645996,13600,0.0,0.0,0.0
2022-08-16 00:00:00-04:00,20.479999542236328,20.59000015258789,20.479999542236328,20.572999954223633,13300,0.0,0.0,0.0
2022-08-17 00:00:00-04:00,20.43000030517578,20.48900032043457,20.43000030517578,20.459999084472656,9400,0.0,0.0,0.0
2022-08-18 00:00:00-04:00,20.389999389648438,20.40999984741211,20.350000381469727,20.385000228881836,13400,0.0,0.0,0.0
2022-08-19 00:00:00-04:00,20.19499969482422,20.31999969482422,20.1299991607666,20.139999389648438,22400,0.0,0.0,0.0
2022-08-22 00:00:00-04:00,19.950000762939453,20.920000076293945,19.93000030517578,19.93000030517578,27900,0.0,0.0,0.0
2022-08-23 00:00:00-04:00,20.06999969482422,20.100000381469727,20.010000228881836,20.010000228881836,12600,0.0,0.0,0.0
2022-08-24 00:00:00-04:00,20.010000228881836,20.09000015258789,19.981000900268555,20.020000457763672,4500,0.0,0.0,0.0
2022-08-25 00:00:00-04:00,20.18000030517578,20.25,20.16699981689453,20.209999084472656,12800,0.0,0.0,0.0
2022-08-26 00:00:00-04:00,20.209999084472656,20.25,19.854999542236328,19.899999618530273,6700,0.0,0.0,0.0
2022-08-29 00:00:00-04:00,19.834999084472656,19.920000076293945,19.81999969482422,19.823999404907227,12100,0.0,0.0,0.0
2022-08-30 00:00:00-04:00,19.739999771118164,19.739999771118164,19.618000030517578,19.68000030517578,15700,0.0,0.0,0.0
2022-08-31 00:00:00-04:00,19.729999542236328,19.729999542236328,19.59000015258789,19.59000015258789,24000,0.0,0.0,0.0
2022-09-01 00:00:00-04:00,19.399999618530273,19.440000534057617,19.31999969482422,19.43000030517578,15500,0.0,0.0,0.0
2022-09-02 00:00:00-04:00,19.549999237060547,19.554000854492188,19.309999465942383,19.309999465942383,5700,0.0,0.0,0.0
2022-09-06 00:00:00-04:00,19.309999465942383,19.309999465942383,19.200000762939453,19.216999053955078,18600,0.0,0.0,0.0
2022-09-07 00:00:00-04:00,19.159000396728516,19.34000015258789,19.159000396728516,19.309999465942383,9000,0.0,0.0,0.0
2022-09-08 00:00:00-04:00,19.139999389648438,19.350000381469727,19.139999389648438,19.309999465942383,7400,0.0,0.0,0.0
2022-09-09 00:00:00-04:00,19.5,19.670000076293945,19.5,19.65999984741211,14400,0.0,0.0,0.0
2022-09-12 00:00:00-04:00,19.860000610351562,20.16200065612793,19.844999313354492,19.8700008392334,7600,0.0,0.0,0.0
2022-09-13 00:00:00-04:00,19.31999969482422,19.420000076293945,19.054000854492188,19.06999969482422,75300,0.0,0.0,0.0
2022-09-14 00:00:00-04:00,19.110000610351562,19.170000076293945,19.040000915527344,19.149999618530273,20300,0.0,0.0,0.0
2022-09-15 00:00:00-04:00,19.079999923706055,19.170000076293945,18.899999618530273,18.940000534057617,29500,0.0,0.0,0.0
2022-09-16 00:00:00-04:00,18.799999237060547,20.559999465942383,18.799999237060547,18.8700008392334,29900,0.0,0.0,0.0
2022-09-19 00:00:00-04:00,18.829999923706055,18.899999618530273,18.799999237060547,18.8799991607666,8500,0.0,0.0,0.0
2022-09-20 00:00:00-04:00,18.709999084472656,18.790000915527344,18.639999389648438,18.69499969482422,14200,0.0,0.0,0.0
2022-09-21 00:00:00-04:00,18.6299991607666,18.700000762939453,18.479999542236328,18.479999542236328,7700,0.0,0.0,0.0
2022-09-22 00:00:00-04:00,18.43000030517578,18.459999084472656,18.406999588012695,18.450000762939453,8000,0.0,0.0,0.0
2022-09-23 00:00:00-04:00,18.1200008392334,18.1200008392334,18.040000915527344,18.089000701904297,33200,0.0,0.0,0.0
2022-09-26 00:00:00-04:00,17.989999771118164,18.010000228881836,17.864999771118164,17.900999069213867,14300,0.0,0.0,0.0
2022-09-27 00:00:00-04:00,17.950000762939453,17.979999542236328,17.82900047302246,17.867000579833984,11700,0.0,0.0,0.0
2022-09-28 00:00:00-04:00,17.739999771118164,18.06999969482422,17.739999771118164,18.038000106811523,5100,0.0,0.0,0.0
2022-09-29 00:00:00-04:00,17.711999893188477,17.860000610351562,17.711999893188477,17.83300018310547,3500,0.0,0.0,0.0
2022-09-30 00:00:00-04:00,17.81999969482422,17.920000076293945,17.757999420166016,17.757999420166016,16700,0.0,0.0,0.0
2022-10-03 00:00:00-04:00,17.989999771118164,18.010000228881836,17.950000762939453,17.989999771118164,27800,0.0,0.0,0.0
2022-10-04 00:00:00-04:00,18.280000686645508,18.469999313354492,18.280000686645508,18.469999313354492,35700,0.0,0.0,0.0
2022-10-05 00:00:00-04:00,18.329999923706055,18.420000076293945,18.31999969482422,18.384000778198242,9300,0.0,0.0,0.0
2022-10-06 00:00:00-04:00,18.309999465942383,18.368999481201172,18.295000076293945,18.302000045776367,9200,0.0,0.0,0.0
2022-10-07 00:00:00-04:00,18.155000686645508,18.155000686645508,18.047000885009766,18.08799934387207,8200,0.0,0.0,0.0
2022-10-10 00:00:00-04:00,18.020000457763672,18.030000686645508,17.93000030517578,18.030000686645508,5500,0.0,0.0,0.0
2022-10-11 00:00:00-04:00,17.8700008392334,17.93000030517578,17.780000686645508,17.82699966430664,308600,0.0,0.0,0.0
2022-10-12 00:00:00-04:00,17.809999465942383,17.84000015258789,17.780000686645508,17.812999725341797,19100,0.0,0.0,0.0
2022-10-13 00:00:00-04:00,17.649999618530273,17.979999542236328,17.649999618530273,17.8799991607666,21400,0.0,0.0,0.0
2022-10-14 00:00:00-04:00,17.84000015258789,17.84000015258789,17.72100067138672,17.72100067138672,3400,0.0,0.0,0.0
2022-10-17 00:00:00-04:00,17.940000534057617,18.010000228881836,17.940000534057617,17.968000411987305,22300,0.0,0.0,0.0
2022-10-18 00:00:00-04:00,18.020000457763672,18.040000915527344,17.959999084472656,18.016000747680664,4500,0.0,0.0,0.0
2022-10-19 00:00:00-04:00,17.809999465942383,17.834999084472656,17.600000381469727,17.687999725341797,9300,0.0,0.0,0.0
2022-10-20 00:00:00-04:00,17.850000381469727,18.010000228881836,17.84000015258789,17.86400032043457,4700,0.0,0.0,0.0
2022-10-21 00:00:00-04:00,17.8799991607666,18.040000915527344,17.8799991607666,18.020999908447266,28400,0.0,0.0,0.0
2022-10-24 00:00:00-04:00,17.809999465942383,17.8700008392334,17.809999465942383,17.860000610351562,14100,0.0,0.0,0.0
2022-10-25 00:00:00-04:00,18.0,18.049999237060547,17.989999771118164,18.03499984741211,10300,0.0,0.0,0.0
2022-10-26 00:00:00-04:00,18.040000915527344,18.260000228881836,18.040000915527344,18.149999618530273,21700,0.0,0.0,0.0
2022-10-27 00:00:00-04:00,18.165000915527344,18.18000030517578,18.100000381469727,18.104999542236328,6200,0.0,0.0,0.0
2022-10-28 00:00:00-04:00,18.030000686645508,18.117000579833984,18.030000686645508,18.117000579833984,6600,0.0,0.0,0.0
2022-10-31 00:00:00-04:00,18.030000686645508,18.06999969482422,18.030000686645508,18.059999465942383,5700,0.0,0.0,0.0
2022-11-01 00:00:00-04:00,18.290000915527344,18.290000915527344,18.18000030517578,18.200000762939453,13400,0.0,0.0,0.0
2022-11-02 00:00:00-04:00,18.209999084472656,18.31999969482422,18.086999893188477,18.08799934387207,12800,0.0,0.0,0.0
2022-11-03 00:00:00-04:00,18.0,18.1299991607666,18.0,18.07699966430664,14800,0.0,0.0,0.0
2022-11-04 00:00:00-04:00,18.3799991607666,19.29800033569336,18.364999771118164,19.29800033569336,38500,0.0,0.0,0.0
2022-11-07 00:00:00-05:00,18.670000076293945,18.825000762939453,18.549999237060547,18.604999542236328,199500,0.0,0.0,0.0
2022-11-08 00:00:00-05:00,18.65999984741211,18.84000015258789,18.65999984741211,18.76799964904785,134400,0.0,0.0,0.0
2022-11-09 00:00:00-05:00,18.690000534057617,18.690000534057617,18.520000457763672,18.520000457763672,56300,0.0,0.0,0.0
2022-11-10 00:00:00-05:00,18.90999984741211,19.079999923706055,18.90999984741211,19.049999237060547,554400,0.0,0.0,0.0
2022-11-11 00:00:00-05:00,19.235000610351562,19.3700008392334,19.229999542236328,19.31800079345703,98200,0.0,0.0,0.0
2022-11-14 00:00:00-05:00,19.219999313354492,19.31999969482422,19.209999084472656,19.23200035095215,48300,0.0,0.0,0.0
2022-11-15 00:00:00-05:00,19.43000030517578,19.469999313354492,19.31999969482422,19.3700008392334,35600,0.0,0.0,0.0
2022-11-16 00:00:00-05:00,19.270000457763672,19.290000915527344,19.030000686645508,19.270999908447266,72300,0.0,0.0,0.0
2022-11-17 00:00:00-05:00,19.100000381469727,19.240999221801758,19.100000381469727,19.240999221801758,52600,0.0,0.0,0.0
2022-11-18 00:00:00-05:00,19.23200035095215,19.270000457763672,19.200000762939453,19.232999801635742,212000,0.0,0.0,0.0
2022-11-21 00:00:00-05:00,19.040000915527344,19.09600067138672,19.040000915527344,19.09600067138672,147600,0.0,0.0,0.0
2022-11-22 00:00:00-05:00,19.139999389648438,19.2450008392334,19.139999389648438,19.2450008392334,82100,0.0,0.0,0.0
2022-11-23 00:00:00-05:00,19.329999923706055,19.40999984741211,19.280000686645508,19.388999938964844,69500,0.0,0.0,0.0
2022-11-25 00:00:00-05:00,19.437999725341797,19.479999542236328,19.437999725341797,19.45199966430664,7400,0.0,0.0,0.0
2022-11-28 00:00:00-05:00,19.440000534057617,19.440000534057617,19.239999771118164,19.250999450683594,24400,0.0,0.0,0.0
2022-11-29 00:00:00-05:00,19.34000015258789,19.440000534057617,19.309999465942383,19.37299919128418,300700,0.0,0.0,0.0
2022-11-30 00:00:00-05:00,19.450000762939453,19.739999771118164,19.40999984741211,19.704999923706055,93800,0.0,0.0,0.0
2022-12-01 00:00:00-05:00,19.790000915527344,19.84000015258789,19.690000534057617,19.780000686645508,298800,0.0,0.0,0.0
2022-12-02 00:00:00-05:00,19.549999237060547,19.84000015258789,19.549999237060547,19.785999298095703,132800,0.0,0.0,0.0
2022-12-05 00:00:00-05:00,19.649999618530273,19.649999618530273,19.420000076293945,19.530000686645508,114700,0.0,0.0,0.0
2022-12-06 00:00:00-05:00,19.549999237060547,19.549999237060547,19.43000030517578,19.479000091552734,56200,0.0,0.0,0.0
2022-12-07 00:00:00-05:00,19.469999313354492,19.489999771118164,19.43000030517578,19.43000030517578,30000,0.0,0.0,0.0
2022-12-08 00:00:00-05:00,19.509000778198242,19.55500030517578,19.5,19.55500030517578,13500,0.0,0.0,0.0
2022-12-09 00:00:00-05:00,19.549999237060547,19.610000610351562,19.475000381469727,19.5049991607666,19100,0.0,0.0,0.0
2022-12-12 00:00:00-05:00,19.459999084472656,19.52899932861328,19.424999237060547,19.52899932861328,71200,0.0,0.0,0.0
2022-12-13 00:00:00-05:00,20.0,20.030000686645508,19.729999542236328,19.790000915527344,33300,0.0,0.0,0.0
2022-12-14 00:00:00-05:00,19.729999542236328,19.790000915527344,19.684999465942383,19.708999633789062,20300,0.0,0.0,0.0
2022-12-15 00:00:00-05:00,19.3799991607666,19.3799991607666,18.844999313354492,19.2450008392334,332500,0.0,0.0,0.0
2022-12-16 00:00:00-05:00,19.200000762939453,19.239999771118164,19.190000534057617,19.226999282836914,49300,0.0,0.0,0.0
2022-12-19 00:00:00-05:00,19.239999771118164,19.239999771118164,19.149999618530273,19.19300079345703,23200,0.0,0.0,0.0
2022-12-20 00:00:00-05:00,19.079999923706055,19.1299991607666,19.06999969482422,19.1200008392334,44600,0.0,0.0,0.0
2022-12-21 00:00:00-05:00,19.239999771118164,19.34000015258789,19.239999771118164,19.31800079345703,29400,0.0,0.0,0.0
2022-12-22 00:00:00-05:00,19.25,19.25,19.100000381469727,19.197999954223633,10700,0.0,0.0,0.0
2022-12-23 00:00:00-05:00,19.18000030517578,19.229999542236328,19.18000030517578,19.225000381469727,8500,0.0,0.0,0.0
2022-12-27 00:00:00-05:00,19.309999465942383,19.371000289916992,19.309999465942383,19.309999465942383,16500,0.0,0.0,0.0
2022-12-28 00:00:00-05:00,18.979999542236328,18.979999542236328,18.941999435424805,18.941999435424805,50000,0.0,0.0,0.0
2022-12-29 00:00:00-05:00,19.1299991607666,19.18899917602539,19.1299991607666,19.17300033569336,3400,0.0,0.0,0.0
2022-12-30 00:00:00-05:00,19.1299991607666,19.1299991607666,18.989999771118164,19.02400016784668,20700,0.0,0.0,0.0
2023-01-03 00:00:00-05:00,19.270000457763672,19.31999969482422,19.110000610351562,19.131000518798828,18600,0.0,0.0,0.0
2023-01-04 00:00:00-05:00,19.34000015258789,19.395000457763672,19.34000015258789,19.385000228881836,4500,0.0,0.0,0.0
2023-01-05 00:00:00-05:00,19.239999771118164,19.290000915527344,19.239999771118164,19.270000457763672,14700,0.0,0.0,0.0
2023-01-06 00:00:00-05:00,19.360000610351562,19.6200008392334,19.360000610351562,19.600000381469727,20500,0.0,0.0,0.0
2023-01-09 00:00:00-05:00,19.770000457763672,19.799999237060547,19.690000534057617,19.700000762939453,13700,0.0,0.0,0.0
2023-01-10 00:00:00-05:00,19.709999084472656,19.760000228881836,19.6200008392334,19.760000228881836,16200,0.0,0.0,0.0
2023-01-11 00:00:00-05:00,19.739999771118164,19.84000015258789,19.739999771118164,19.829999923706055,11300,0.0,0.0,0.0
2023-01-12 00:00:00-05:00,19.899999618530273,20.020000457763672,19.81999969482422,19.989999771118164,10900,0.0,0.0,0.0
2023-01-13 00:00:00-05:00,19.989999771118164,20.089000701904297,19.989999771118164,20.083999633789062,13300,0.0,0.0,0.0
2023-01-17 00:00:00-05:00,20.079999923706055,20.097000122070312,20.079999923706055,20.0939998626709,2500,0.0,0.0,0.0
2023-01-18 00:00:00-05:00,20.110000610351562,20.1299991607666,20.049999237060547,20.059999465942383,13300,0.0,0.0,0.0
2023-01-19 00:00:00-05:00,20.082000732421875,20.149999618530273,20.06999969482422,20.09000015258789,5900,0.0,0.0,0.0
2023-01-20 00:00:00-05:00,20.174999237060547,20.360000610351562,20.174999237060547,20.19499969482422,7700,0.0,0.0,0.0
2023-01-23 00:00:00-05:00,20.209999084472656,20.290000915527344,20.190000534057617,20.25,33700,0.0,0.0,0.0
2023-01-24 00:00:00-05:00,20.200000762939453,20.290000915527344,20.200000762939453,20.25,17900,0.0,0.0,0.0
2023-01-25 00:00:00-05:00,20.290000915527344,20.329999923706055,20.290000915527344,20.290000915527344,7100,0.0,0.0,0.0
2023-01-26 00:00:00-05:00,20.329999923706055,20.360000610351562,20.31999969482422,20.360000610351562,4600,0.0,0.0,0.0
2023-01-27 00:00:00-05:00,20.325000762939453,20.360000610351562,20.260000228881836,20.299999237060547,5100,0.0,0.0,0.0
2023-01-30 00:00:00-05:00,20.170000076293945,20.170000076293945,20.139999389648438,20.141000747680664,26600,0.0,0.0,0.0
2023-01-31 00:00:00-05:00,20.09000015258789,20.200000762939453,20.09000015258789,20.200000762939453,15200,0.0,0.0,0.0
2023-02-01 00:00:00-05:00,20.209999084472656,20.389999389648438,20.1299991607666,20.34000015258789,32100,0.0,0.0,0.0
2023-02-02 00:00:00-05:00,20.229999542236328,20.34000015258789,20.229999542236328,20.315000534057617,72500,0.0,0.0,0.0
2023-02-03 00:00:00-05:00,20.100000381469727,20.260000228881836,19.959999084472656,20.110000610351562,19900,0.0,0.0,0.0
2023-02-06 00:00:00-05:00,19.8700008392334,19.940000534057617,19.8700008392334,19.920000076293945,3500,0.0,0.0,0.0
2023-02-07 00:00:00-05:00,19.8799991607666,20.034000396728516,19.8799991607666,20.034000396728516,6000,0.0,0.0,0.0
2023-02-08 00:00:00-05:00,20.020000457763672,20.020000457763672,19.93000030517578,19.96299934387207,4100,0.0,0.0,0.0
2023-02-09 00:00:00-05:00,20.110000610351562,20.110000610351562,19.975000381469727,20.020000457763672,3800,0.0,0.0,0.0
2023-02-10 00:00:00-05:00,19.915000915527344,19.940000534057617,19.889999389648438,19.927000045776367,33600,0.0,0.0,0.0
2023-02-13 00:00:00-05:00,20.030000686645508,20.047000885009766,20.0,20.020000457763672,23100,0.0,0.0,0.0
2023-02-14 00:00:00-05:00,19.8799991607666,20.059999465942383,19.8799991607666,20.010000228881836,11200,0.0,0.0,0.0
2023-02-15 00:00:00-05:00,19.850000381469727,20.270000457763672,19.850000381469727,20.270000457763672,15100,0.0,0.0,0.0
2023-02-16 00:00:00-05:00,19.8799991607666,19.959999084472656,19.850000381469727,19.884000778198242,9200,0.0,0.0,0.0
2023-02-17 00:00:00-05:00,19.850000381469727,19.860000610351562,19.795000076293945,19.860000610351562,14600,0.0,0.0,0.0
2023-02-21 00:00:00-05:00,19.75,19.75,19.670000076293945,19.670000076293945,10000,0.0,0.0,0.0
2023-02-22 00:00:00-05:00,19.655000686645508,19.670000076293945,19.577999114990234,19.610000610351562,9600,0.0,0.0,0.0
2023-02-23 00:00:00-05:00,19.670000076293945,19.670000076293945,19.549999237060547,19.670000076293945,8100,0.0,0.0,0.0
2023-02-24 00:00:00-05:00,19.469999313354492,19.479999542236328,19.399999618530273,19.479999542236328,10200,0.0,0.0,0.0
2023-02-27 00:00:00-05:00,19.540000915527344,19.559999465942383,19.520000457763672,19.559999465942383,13600,0.0,0.0,0.0
2023-02-28 00:00:00-05:00,19.5,19.520000457763672,19.47100067138672,19.47100067138672,1100,0.0,0.0,0.0
2023-03-01 00:00:00-05:00,19.56999969482422,19.584999084472656,19.540000915527344,19.58300018310547,45700,0.0,0.0,0.0
2023-03-02 00:00:00-05:00,19.559999465942383,19.610000610351562,19.549999237060547,19.59000015258789,35800,0.0,0.0,0.0
2023-03-03 00:00:00-05:00,19.6299991607666,19.790000915527344,19.6299991607666,19.775999069213867,18800,0.0,0.0,0.0
2023-03-06 00:00:00-05:00,19.799999237060547,19.799999237060547,19.709999084472656,19.760000228881836,5600,0.0,0.0,0.0
2023-03-07 00:00:00-05:00,19.660999298095703,19.660999298095703,19.489999771118164,19.510000228881836,9300,0.0,0.0,0.0
2023-03-08 00:00:00-05:00,19.549999237060547,19.59000015258789,19.53499984741211,19.549999237060547,10400,0.0,0.0,0.0
2023-03-09 00:00:00-05:00,19.540000915527344,19.549999237060547,19.3700008392334,19.399999618530273,12700,0.0,0.0,0.0
2023-03-10 00:00:00-05:00,19.329999923706055,19.420000076293945,19.29599952697754,19.31999969482422,8600,0.0,0.0,0.0
2023-03-13 00:00:00-04:00,19.215999603271484,19.274999618530273,19.209999084472656,19.209999084472656,3300,0.0,0.0,0.0
2023-03-14 00:00:00-04:00,19.253999710083008,19.299999237060547,19.22100067138672,19.285999298095703,12200,0.0,0.0,0.0
2023-03-15 00:00:00-04:00,18.920000076293945,19.010000228881836,18.90999984741211,19.006000518798828,17400,0.0,0.0,0.0
2023-03-16 00:00:00-04:00,18.979999542236328,19.200000762939453,18.979999542236328,19.187000274658203,54300,0.0,0.0,0.0
2023-03-17 00:00:00-04:00,19.110000610351562,19.139999389648438,19.059999465942383,19.06399917602539,13600,0.0,0.0,0.0
2023-03-20 00:00:00-04:00,19.170000076293945,19.360000610351562,19.170000076293945,19.20199966430664,9500,0.0,0.0,0.0
2023-03-21 00:00:00-04:00,19.3700008392334,19.3799991607666,19.31999969482422,19.3799991607666,4800,0.0,0.0,0.0
2023-03-22 00:00:00-04:00,19.447999954223633,19.579999923706055,19.354000091552734,19.354000091552734,9300,0.0,0.0,0.0
2023-03-23 00:00:00-04:00,19.549999237060547,19.600000381469727,19.43000030517578,19.44300079345703,4000,0.0,0.0,0.0
2023-03-24 00:00:00-04:00,19.34000015258789,19.399999618530273,19.34000015258789,19.395999908447266,8900,0.0,0.0,0.0
2023-03-27 00:00:00-04:00,19.420000076293945,19.459999084472656,19.3700008392334,19.434999465942383,4500,0.0,0.0,0.0
2023-03-28 00:00:00-04:00,19.469999313354492,19.530000686645508,19.459999084472656,19.514999389648438,4900,0.0,0.0,0.0
2023-03-29 00:00:00-04:00,19.604999542236328,19.639999389648438,19.586000442504883,19.639999389648438,16600,0.0,0.0,0.0
2023-03-30 00:00:00-04:00,19.770000457763672,19.790000915527344,19.739999771118164,19.777000427246094,10200,0.0,0.0,0.0
2023-03-31 00:00:00-04:00,19.809999465942383,19.809999465942383,19.790000915527344,19.795000076293945,1100,0.0,0.0,0.0
2023-04-03 00:00:00-04:00,19.809999465942383,19.940000534057617,19.809999465942383,19.920000076293945,15800,0.0,0.0,0.0
2023-04-04 00:00:00-04:00,19.93000030517578,19.979999542236328,19.889999389648438,19.90999984741211,10000,0.0,0.0,0.0
2023-04-05 00:00:00-04:00,19.780000686645508,19.809999465942383,19.780000686645508,19.809999465942383,3600,0.0,0.0,0.0
2023-04-06 00:00:00-04:00,19.770000457763672,19.90999984741211,19.770000457763672,19.8700008392334,4900,0.0,0.0,0.0
2023-04-10 00:00:00-04:00,19.799999237060547,19.8700008392334,19.799999237060547,19.85099983215332,4900,0.0,0.0,0.0
2023-04-11 00:00:00-04:00,19.93000030517578,19.959999084472656,19.913000106811523,19.916000366210938,5900,0.0,0.0,0.0
2023-04-12 00:00:00-04:00,19.989999771118164,20.0,19.94700050354004,19.951000213623047,3800,0.0,0.0,0.0
2023-04-13 00:00:00-04:00,20.079999923706055,20.149999618530273,19.979999542236328,20.1200008392334,16200,0.0,0.0,0.0
2023-04-14 00:00:00-04:00,20.09000015258789,20.09000015258789,20.010000228881836,20.08099937438965,5800,0.0,0.0,0.0
2023-04-17 00:00:00-04:00,20.09000015258789,20.100000381469727,20.040000915527344,20.100000381469727,4100,0.0,0.0,0.0
2023-04-18 00:00:00-04:00,20.100000381469727,20.128000259399414,20.09000015258789,20.128000259399414,23900,0.0,0.0,0.0
2023-04-19 00:00:00-04:00,19.989999771118164,20.049999237060547,19.989999771118164,20.04199981689453,2900,0.0,0.0,0.0
2023-04-20 00:00:00-04:00,20.020000457763672,20.040000915527344,20.01799964904785,20.030000686645508,2400,0.0,0.0,0.0
2023-04-21 00:00:00-04:00,19.959999084472656,20.010000228881836,19.959999084472656,20.0049991607666,768700,0.0,0.0,0.0
2023-04-24 00:00:00-04:00,20.040000915527344,20.049999237060547,19.969999313354492,20.0310001373291,31700,0.0,0.0,0.0
2023-04-25 00:00:00-04:00,19.889999389648438,19.889999389648438,19.749000549316406,19.749000549316406,179700,0.0,0.0,0.0
2023-04-26 00:00:00-04:00,19.850000381469727,19.885000228881836,19.75,19.78499984741211,192700,0.0,0.0,0.0
2023-04-27 00:00:00-04:00,19.84000015258789,19.989999771118164,19.84000015258789,19.989999771118164,125000,0.0,0.0,0.0
2023-04-28 00:00:00-04:00,19.899999618530273,20.025999069213867,19.899999618530273,20.025999069213867,8300,0.0,0.0,0.0
2023-05-01 00:00:00-04:00,20.06100082397461,20.06100082397461,19.209999084472656,19.969999313354492,49300,0.0,0.0,0.0
2023-05-02 00:00:00-04:00,19.610000610351562,19.774999618530273,19.600000381469727,19.774999618530273,118200,0.0,0.0,0.0
2023-05-03 00:00:00-04:00,19.850000381469727,19.8799991607666,19.812999725341797,19.812999725341797,86900,0.0,0.0,0.0
2023-05-04 00:00:00-04:00,19.719999313354492,19.875,19.719999313354492,19.834999084472656,460200,0.0,0.0,0.0
2023-05-05 00:00:00-04:00,19.8799991607666,20.125,19.8799991607666,20.110000610351562,9000,0.0,0.0,0.0
2023-05-08 00:00:00-04:00,20.139999389648438,20.139999389648438,20.113000869750977,20.113000869750977,31100,0.0,0.0,0.0
2023-05-09 00:00:00-04:00,20.0,20.079999923706055,19.969999313354492,20.049999237060547,104400,0.0,0.0,0.0
2023-05-10 00:00:00-04:00,20.010000228881836,20.040000915527344,19.649999618530273,20.040000915527344,46000,0.0,0.0,0.0
2023-05-11 00:00:00-04:00,19.850000381469727,19.948999404907227,19.850000381469727,19.948999404907227,5900,0.0,0.0,0.0
2023-05-12 00:00:00-04:00,19.829999923706055,19.860000610351562,19.600000381469727,19.854000091552734,14400,0.0,0.0,0.0
2023-05-15 00:00:00-04:00,20.05500030517578,20.09000015258789,20.030000686645508,20.049999237060547,17800,0.0,0.0,0.0
2023-05-16 00:00:00-04:00,19.920000076293945,19.920000076293945,19.604000091552734,19.87299919128418,16800,0.0,0.0,0.0
2023-05-17 00:00:00-04:00,19.950000762939453,19.989999771118164,19.920000076293945,19.989999771118164,7900,0.0,0.0,0.0
2023-05-18 00:00:00-04:00,19.823999404907227,19.899999618530273,19.799999237060547,19.899999618530273,7300,0.0,0.0,0.0
2023-05-19 00:00:00-04:00,19.94499969482422,19.975000381469727,19.94499969482422,19.975000381469727,1900,0.0,0.0,0.0
2023-05-22 00:00:00-04:00,20.040000915527344,20.059999465942383,19.959999084472656,19.959999084472656,3000,0.0,0.0,0.0
2023-05-23 00:00:00-04:00,19.850000381469727,19.850000381469727,19.739999771118164,19.743999481201172,2200,0.0,0.0,0.0
2023-05-24 00:00:00-04:00,19.51300048828125,19.559999465942383,19.290000915527344,19.510000228881836,14900,0.0,0.0,0.0
2023-05-25 00:00:00-04:00,19.44099998474121,19.475000381469727,19.3799991607666,19.461999893188477,7200,0.0,0.0,0.0
2023-05-26 00:00:00-04:00,19.645000457763672,19.665000915527344,19.6299991607666,19.658000946044922,3300,0.0,0.0,0.0
2023-05-30 00:00:00-04:00,19.469999313354492,19.469999313354492,19.415000915527344,19.461000442504883,169500,0.0,0.0,0.0
2023-05-31 00:00:00-04:00,19.30500030517578,19.30500030517578,19.125,19.238000869750977,10400,0.0,0.0,0.0
2023-06-01 00:00:00-04:00,19.420000076293945,19.579999923706055,19.420000076293945,19.56999969482422,3700,0.0,0.0,0.0
2023-06-02 00:00:00-04:00,19.834999084472656,19.8700008392334,19.780000686645508,19.81999969482422,7500,0.0,0.0,0.0
2023-06-05 00:00:00-04:00,19.809999465942383,19.809999465942383,19.75,19.76799964904785,11300,0.0,0.0,0.0
2023-06-06 00:00:00-04:00,19.729999542236328,19.930999755859375,19.729999542236328,19.92099952697754,7500,0.0,0.0,0.0
2023-06-07 00:00:00-04:00,19.849000930786133,19.849000930786133,19.770000457763672,19.792999267578125,5600,0.0,0.0,0.0
2023-06-08 00:00:00-04:00,19.86400032043457,19.940000534057617,19.86400032043457,19.940000534057617,2000,0.0,0.0,0.0
2023-06-09 00:00:00-04:00,19.959999084472656,19.979999542236328,19.93000030517578,19.940000534057617,7100,0.0,0.0,0.0
2023-06-12 00:00:00-04:00,19.940000534057617,20.030000686645508,19.940000534057617,20.006999969482422,17500,0.0,0.0,0.0
2023-06-13 00:00:00-04:00,20.149999618530273,20.209999084472656,20.135000228881836,20.163000106811523,2500,0.0,0.0,0.0
2023-06-14 00:00:00-04:00,20.299999237060547,20.299999237060547,20.190000534057617,20.242000579833984,4300,0.0,0.0,0.0
2023-06-15 00:00:00-04:00,20.329999923706055,20.424999237060547,20.329999923706055,20.42300033569336,2200,0.0,0.0,0.0
2023-06-16 00:00:00-04:00,20.459999084472656,20.459999084472656,20.393999099731445,20.393999099731445,3900,0.0,0.0,0.0
2023-06-20 00:00:00-04:00,20.145000457763672,20.200000762939453,20.145000457763672,20.163999557495117,9200,0.0,0.0,0.0
2023-06-21 00:00:00-04:00,20.084999084472656,20.209999084472656,20.084999084472656,20.158000946044922,19700,0.0,0.0,0.0
2023-06-22 00:00:00-04:00,20.049999237060547,20.079999923706055,20.04599952697754,20.04599952697754,10800,0.0,0.0,0.0
2023-06-23 00:00:00-04:00,19.80500030517578,19.829999923706055,19.77899932861328,19.79400062561035,9700,0.0,0.0,0.0
2023-06-26 00:00:00-04:00,19.889999389648438,19.924999237060547,19.799999237060547,19.84000015258789,18500,0.0,0.0,0.0
2023-06-27 00:00:00-04:00,19.954999923706055,20.0,19.954999923706055,19.979999542236328,2600,0.0,0.0,0.0
2023-06-28 00:00:00-04:00,19.68000030517578,19.729999542236328,19.670000076293945,19.694000244140625,8700,0.0,0.0,0.0
2023-06-29 00:00:00-04:00,19.559999465942383,19.68000030517578,19.559999465942383,19.663000106811523,5300,0.0,0.0,0.0
2023-06-30 00:00:00-04:00,19.850000381469727,19.905000686645508,19.834999084472656,19.863000869750977,9600,0.0,0.0,0.0
2023-07-03 00:00:00-04:00,19.989999771118164,19.989999771118164,19.90999984741211,19.930999755859375,1900,0.0,0.0,0.0
2023-07-05 00:00:00-04:00,19.790000915527344,19.81999969482422,19.75,19.76300048828125,12900,0.0,0.0,0.0
2023-07-06 00:00:00-04:00,19.4950008392334,19.4950008392334,19.389999389648438,19.45199966430664,4700,0.0,0.0,0.0
2023-07-07 00:00:00-04:00,19.53499984741211,19.649999618530273,19.53499984741211,19.614999771118164,2800,0.0,0.0,0.0
2023-07-10 00:00:00-04:00,19.589000701904297,19.652000427246094,19.589000701904297,19.63800048828125,4200,0.0,0.0,0.0
2023-07-11 00:00:00-04:00,19.709999084472656,19.799999237060547,19.709999084472656,19.797000885009766,8900,0.0,0.0,0.0
2023-07-12 00:00:00-04:00,20.06999969482422,20.170000076293945,20.059999465942383,20.135000228881836,9500,0.0,0.0,0.0
2023-07-13 00:00:00-04:00,20.34000015258789,20.378000259399414,20.34000015258789,20.378000259399414,7100,0.0,0.0,0.0
2023-07-14 00:00:00-04:00,20.299999237060547,20.309999465942383,20.25,20.280000686645508,6700,0.0,0.0,0.0
2023-07-17 00:00:00-04:00,20.209999084472656,20.309999465942383,20.209999084472656,20.29199981689453,16500,0.0,0.0,0.0
2023-07-18 00:00:00-04:00,20.260000228881836,20.3700008392334,20.260000228881836,20.351999282836914,14300,0.0,0.0,0.0
2023-07-19 00:00:00-04:00,20.3700008392334,20.3700008392334,20.260000228881836,20.292999267578125,5500,0.0,0.0,0.0
2023-07-20 00:00:00-04:00,20.280000686645508,20.280000686645508,20.209999084472656,20.2450008392334,14800,0.0,0.0,0.0
2023-07-21 00:00:00-04:00,20.239999771118164,20.298999786376953,20.209999084472656,20.229999542236328,13400,0.0,0.0,0.0
2023-07-24 00:00:00-04:00,20.2450008392334,20.329999923706055,20.229999542236328,20.260000228881836,38200,0.0,0.0,0.0
2023-07-25 00:00:00-04:00,20.350000381469727,20.3799991607666,20.329999923706055,20.363000869750977,6200,0.0,0.0,0.0
2023-07-26 00:00:00-04:00,20.350000381469727,20.459999084472656,20.350000381469727,20.459999084472656,12800,0.0,0.0,0.0
2023-07-27 00:00:00-04:00,20.454999923706055,20.5,20.31599998474121,20.31599998474121,3400,0.0,0.0,0.0
2023-07-28 00:00:00-04:00,20.459999084472656,20.56999969482422,20.459999084472656,20.540000915527344,2900,0.0,0.0,0.0
2023-07-31 00:00:00-04:00,20.559999465942383,20.584999084472656,20.520000457763672,20.520000457763672,173500,0.0,0.0,0.0
2023-08-01 00:00:00-04:00,20.299999237060547,20.360000610351562,20.299999237060547,20.33799934387207,157800,0.0,0.0,0.0
2023-08-02 00:00:00-04:00,20.030000686645508,20.030000686645508,19.940000534057617,19.986000061035156,655200,0.0,0.0,0.0
2023-08-03 00:00:00-04:00,19.93000030517578,20.1200008392334,19.920000076293945,19.9689998626709,192400,0.0,0.0,0.0
2023-08-04 00:00:00-04:00,20.09000015258789,20.209999084472656,20.010000228881836,20.06999969482422,64400,0.0,0.0,0.0
2023-08-07 00:00:00-04:00,20.06999969482422,20.139999389648438,20.06999969482422,20.139999389648438,90800,0.0,0.0,0.0
2023-08-08 00:00:00-04:00,19.889999389648438,20.040000915527344,19.871000289916992,20.030000686645508,75400,0.0,0.0,0.0
2023-08-09 00:00:00-04:00,20.033000946044922,20.040000915527344,19.989999771118164,19.996999740600586,367600,0.0,0.0,0.0
2023-08-10 00:00:00-04:00,20.219999313354492,20.219999313354492,20.045000076293945,20.06999969482422,275000,0.0,0.0,0.0
2023-08-11 00:00:00-04:00,19.920000076293945,19.979999542236328,19.8700008392334,19.940000534057617,797500,0.0,0.0,0.0
2023-08-14 00:00:00-04:00,19.809999465942383,19.860000610351562,19.770000457763672,19.850000381469727,218800,0.0,0.0,0.0
2023-08-15 00:00:00-04:00,19.639999389648438,19.68000030517578,19.570999145507812,19.6200008392334,64800,0.0,0.0,0.0
2023-08-16 00:00:00-04:00,19.579999923706055,19.579999923706055,19.469999313354492,19.489999771118164,164800,0.0,0.0,0.0
2023-08-17 00:00:00-04:00,19.51799964904785,19.51799964904785,19.389999389648438,19.420000076293945,66700,0.0,0.0,0.0
2023-08-18 00:00:00-04:00,19.34000015258789,19.399999618530273,19.34000015258789,19.3799991607666,82600,0.0,0.0,0.0
2023-08-21 00:00:00-04:00,19.3700008392334,19.43000030517578,19.309999465942383,19.399999618530273,39700,0.0,0.0,0.0
2023-08-22 00:00:00-04:00,19.40999984741211,19.43000030517578,19.34000015258789,19.34000015258789,13400,0.0,0.0,0.0
2023-08-23 00:00:00-04:00,19.389999389648438,19.6200008392334,19.389999389648438,19.610000610351562,14900,0.0,0.0,0.0
2023-08-24 00:00:00-04:00,19.534000396728516,19.534000396728516,19.395000457763672,19.395000457763672,7300,0.0,0.0,0.0
2023-08-25 00:00:00-04:00,19.3700008392334,19.507999420166016,19.3700008392334,19.472000122070312,15200,0.0,0.0,0.0
2023-08-28 00:00:00-04:00,19.59000015258789,19.65999984741211,19.579999923706055,19.65999984741211,44900,0.0,0.0,0.0
2023-08-29 00:00:00-04:00,19.729999542236328,19.920000076293945,19.719999313354492,19.90999984741211,52100,0.0,0.0,0.0
2023-08-30 00:00:00-04:00,19.860000610351562,19.86400032043457,19.836000442504883,19.84000015258789,15000,0.0,0.0,0.0
2023-08-31 00:00:00-04:00,19.770000457763672,19.81399917602539,19.716999053955078,19.790000915527344,75800,0.0,0.0,0.0
2023-09-01 00:00:00-04:00,19.854999542236328,19.8799991607666,19.798999786376953,19.850000381469727,15100,0.0,0.0,0.0
2023-09-05 00:00:00-04:00,19.684999465942383,19.719999313354492,19.65999984741211,19.700000762939453,11100,0.0,0.0,0.0
2023-09-06 00:00:00-04:00,19.642000198364258,19.674999237060547,19.530000686645508,19.579999923706055,26100,0.0,0.0,0.0
2023-09-07 00:00:00-04:00,19.524999618530273,19.530000686645508,19.469999313354492,19.530000686645508,16600,0.0,0.0,0.0
2023-09-08 00:00:00-04:00,19.490999221801758,19.510000228881836,19.469999313354492,19.47800064086914,21100,0.0,0.0,0.0
2023-09-11 00:00:00-04:00,19.6200008392334,19.68000030517578,19.6200008392334,19.65999984741211,49300,0.0,0.0,0.0
2023-09-12 00:00:00-04:00,19.600000381469727,19.68000030517578,19.600000381469727,19.65999984741211,98300,0.0,0.0,0.0
2023-09-13 00:00:00-04:00,19.6299991607666,19.635000228881836,19.549999237060547,19.59000015258789,12200,0.0,0.0,0.0
2023-09-14 00:00:00-04:00,19.649999618530273,19.81999969482422,19.649999618530273,19.81999969482422,29700,0.0,0.0,0.0
2023-09-15 00:00:00-04:00,19.729999542236328,19.829999923706055,19.69499969482422,19.760000228881836,53400,0.0,0.0,0.0
2023-09-18 00:00:00-04:00,19.670000076293945,19.709999084472656,19.6200008392334,19.670000076293945,41700,0.0,0.0,0.0
2023-09-19 00:00:00-04:00,19.65999984741211,19.690000534057617,19.649999618530273,19.649999618530273,21800,0.0,0.0,0.0
2023-09-20 00:00:00-04:00,19.780000686645508,19.81999969482422,19.600000381469727,19.65999984741211,46700,0.0,0.0,0.0
2023-09-21 00:00:00-04:00,19.434999465942383,19.434999465942383,19.309999465942383,19.329999923706055,30100,0.0,0.0,0.0
2023-09-22 00:00:00-04:00,19.489999771118164,19.489999771118164,19.3799991607666,19.3799991607666,41300,0.0,0.0,0.0
2023-09-25 00:00:00-04:00,19.336000442504883,19.363000869750977,19.309999465942383,19.363000869750977,38400,0.0,0.0,0.0
2023-09-26 00:00:00-04:00,19.190000534057617,19.190000534057617,19.110000610351562,19.110000610351562,25700,0.0,0.0,0.0
2023-09-27 00:00:00-04:00,19.110000610351562,19.110000610351562,18.979999542236328,19.010000228881836,42300,0.0,0.0,0.0
2023-09-28 00:00:00-04:00,19.059999465942383,19.155000686645508,19.059999465942383,19.1200008392334,37200,0.0,0.0,0.0
2023-09-29 00:00:00-04:00,19.260000228881836,19.260000228881836,19.100000381469727,19.128999710083008,37900,0.0,0.0,0.0
2023-10-02 00:00:00-04:00,18.989999771118164,19.010000228881836,18.8700008392334,18.8799991607666,133400,0.0,0.0,0.0
2023-10-03 00:00:00-04:00,18.770000457763672,18.795000076293945,18.6299991607666,18.65999984741211,44000,0.0,0.0,0.0
2023-10-04 00:00:00-04:00,18.600000381469727,18.639999389648438,18.53499984741211,18.59000015258789,78100,0.0,0.0,0.0
2023-10-05 00:00:00-04:00,18.709999084472656,18.799999237060547,18.639999389648438,18.780000686645508,19200,0.0,0.0,0.0
2023-10-06 00:00:00-04:00,18.649999618530273,19.0,18.649999618530273,18.969999313354492,28900,0.0,0.0,0.0
2023-10-09 00:00:00-04:00,18.766000747680664,18.93000030517578,18.766000747680664,18.93000030517578,29400,0.0,0.0,0.0
2023-10-10 00:00:00-04:00,19.09000015258789,19.155000686645508,19.03499984741211,19.114999771118164,32300,0.0,0.0,0.0
2023-10-11 00:00:00-04:00,19.149999618530273,19.229999542236328,19.149999618530273,19.229999542236328,32900,0.0,0.0,0.0
2023-10-12 00:00:00-04:00,19.149999618530273,19.149999618530273,19.049999237060547,19.049999237060547,29400,0.0,0.0,0.0
2023-10-13 00:00:00-04:00,19.11199951171875,19.11199951171875,18.90999984741211,18.93000030517578,30900,0.0,0.0,0.0
2023-10-16 00:00:00-04:00,18.954999923706055,19.079999923706055,18.954999923706055,19.049999237060547,38500,0.0,0.0,0.0
2023-10-17 00:00:00-04:00,18.950000762939453,19.10700035095215,18.940000534057617,19.010000228881836,42300,0.0,0.0,0.0
2023-10-18 00:00:00-04:00,18.8799991607666,18.8799991607666,18.729999542236328,18.729999542236328,54400,0.0,0.0,0.0
2023-10-19 00:00:00-04:00,18.71500015258789,18.75200080871582,18.649999618530273,18.65999984741211,38800,0.0,0.0,0.0
2023-10-20 00:00:00-04:00,18.6299991607666,18.6299991607666,18.450000762939453,18.450000762939453,60600,0.0,0.0,0.0
2023-10-23 00:00:00-04:00,18.43000030517578,18.562999725341797,18.389999389648438,18.440000534057617,36000,0.0,0.0,0.0
2023-10-24 00:00:00-04:00,18.524999618530273,18.584999084472656,18.510000228881836,18.549999237060547,47200,0.0,0.0,0.0
2023-10-25 00:00:00-04:00,18.482999801635742,18.489999771118164,18.420000076293945,18.450000762939453,67800,0.0,0.0,0.0
2023-10-26 00:00:00-04:00,18.3799991607666,18.3799991607666,18.299999237060547,18.344999313354492,28200,0.0,0.0,0.0
2023-10-27 00:00:00-04:00,18.399999618530273,18.399999618530273,18.270999908447266,18.290000915527344,38600,0.0,0.0,0.0
2023-10-30 00:00:00-04:00,18.510000228881836,18.530000686645508,18.430999755859375,18.459999084472656,33700,0.0,0.0,0.0
2023-10-31 00:00:00-04:00,18.459999084472656,18.510000228881836,18.42799949645996,18.479999542236328,17800,0.0,0.0,0.0
2023-11-01 00:00:00-04:00,18.530000686645508,18.64900016784668,18.530000686645508,18.64900016784668,45000,0.0,0.0,0.0
2023-11-02 00:00:00-04:00,18.94300079345703,19.0,18.920000076293945,18.989999771118164,51500,0.0,0.0,0.0
2023-11-03 00:00:00-04:00,19.139999389648438,19.229999542236328,19.139999389648438,19.184999465942383,93300,0.0,0.0,0.0
2023-11-06 00:00:00-05:00,19.18000030517578,19.229999542236328,19.1200008392334,19.170000076293945,22100,0.0,0.0,0.0
2023-11-07 00:00:00-05:00,19.06999969482422,19.128999710083008,19.059999465942383,19.059999465942383,11700,0.0,0.0,0.0
2023-11-08 00:00:00-05:00,19.094999313354492,19.128000259399414,19.0,19.030000686645508,34200,0.0,0.0,0.0
2023-11-09 00:00:00-05:00,19.159000396728516,19.159000396728516,19.030000686645508,19.040000915527344,15200,0.0,0.0,0.0
2023-11-10 00:00:00-05:00,18.979999542236328,19.118999481201172,18.979999542236328,19.06999969482422,9500,0.0,0.0,0.0
2023-11-13 00:00:00-05:00,19.110000610351562,19.219999313354492,19.059999465942383,19.160999298095703,17300,0.0,0.0,0.0
2023-11-14 00:00:00-05:00,19.540000915527344,19.600000381469727,19.479999542236328,19.530000686645508,14200,0.0,0.0,0.0
2023-11-15 00:00:00-05:00,19.649999618530273,19.655000686645508,19.549999237060547,19.559999465942383,43700,0.0,0.0,0.0
2023-11-16 00:00:00-05:00,19.469999313354492,19.479999542236328,19.3799991607666,19.479999542236328,35800,0.0,0.0,0.0
2023-11-17 00:00:00-05:00,19.6200008392334,19.6299991607666,19.549999237060547,19.56999969482422,9600,0.0,0.0,0.0
2023-11-20 00:00:00-05:00,19.6299991607666,19.65999984741211,19.579999923706055,19.579999923706055,11800,0.0,0.0,0.0
2023-11-21 00:00:00-05:00,19.6200008392334,19.6200008392334,19.510000228881836,19.510000228881836,13900,0.0,0.0,0.0
2023-11-22 00:00:00-05:00,19.469999313354492,19.59000015258789,19.450000762939453,19.59000015258789,24700,0.0,0.0,0.0
2023-11-24 00:00:00-05:00,19.590999603271484,19.649999618530273,19.590999603271484,19.610000610351562,4100,0.0,0.0,0.0
2023-11-27 00:00:00-05:00,19.600000381469727,19.6299991607666,19.549999237060547,19.59000015258789,32400,0.0,0.0,0.0
2023-11-28 00:00:00-05:00,19.660999298095703,19.700000762939453,19.6200008392334,19.665000915527344,7100,0.0,0.0,0.0
2023-11-29 00:00:00-05:00,19.739999771118164,19.739999771118164,19.6200008392334,19.6200008392334,10100,0.0,0.0,0.0
2023-11-30 00:00:00-05:00,19.645000457763672,19.68000030517578,19.600000381469727,19.639999389648438,6000,0.0,0.0,0.0
2023-12-01 00:00:00-05:00,19.700000762939453,19.84000015258789,19.65999984741211,19.790000915527344,7300,0.0,0.0,0.0
2023-12-04 00:00:00-05:00,19.649999618530273,19.68000030517578,19.59000015258789,19.642000198364258,17900,0.0,0.0,0.0
2023-12-05 00:00:00-05:00,19.670000076293945,19.670000076293945,19.559999465942383,19.59000015258789,11100,0.0,0.0,0.0
2023-12-06 00:00:00-05:00,19.799999237060547,19.799999237060547,19.579999923706055,19.611000061035156,10000,0.0,0.0,0.0
2023-12-07 00:00:00-05:00,19.652000427246094,19.739999771118164,19.652000427246094,19.695999145507812,12200,0.0,0.0,0.0
2023-12-08 00:00:00-05:00,19.690000534057617,19.719999313354492,19.6299991607666,19.69499969482422,21500,0.0,0.0,0.0
2023-12-11 00:00:00-05:00,19.687000274658203,19.75,19.68000030517578,19.725000381469727,6700,0.0,0.0,0.0
2023-12-12 00:00:00-05:00,19.709999084472656,19.760000228881836,19.639999389648438,19.725000381469727,13100,0.0,0.0,0.0
2023-12-13 00:00:00-05:00,19.790000915527344,20.0,19.639999389648438,19.972999572753906,25200,0.0,0.0,0.0
2023-12-14 00:00:00-05:00,20.1200008392334,20.170000076293945,20.06999969482422,20.15999984741211,18600,0.0,0.0,0.0
2023-12-15 00:00:00-05:00,20.089000701904297,20.089000701904297,19.93000030517578,19.95800018310547,8400,0.0,0.0,0.0
2023-12-18 00:00:00-05:00,20.059999465942383,20.06999969482422,20.000999450683594,20.045000076293945,91800,0.0,0.0,0.0
2023-12-19 00:00:00-05:00,20.18000030517578,20.224000930786133,20.149999618530273,20.202999114990234,5900,0.0,0.0,0.0
2023-12-20 00:00:00-05:00,20.128000259399414,20.229999542236328,19.979999542236328,19.979999542236328,15300,0.0,0.0,0.0
2023-12-21 00:00:00-05:00,20.15999984741211,20.260000228881836,20.1299991607666,20.235000610351562,7600,0.0,0.0,0.0
2023-12-22 00:00:00-05:00,20.270000457763672,20.299999237060547,20.229999542236328,20.2450008392334,8800,0.0,0.0,0.0
2023-12-26 00:00:00-05:00,20.312000274658203,20.3700008392334,20.280000686645508,20.290000915527344,9200,0.0,0.0,0.0
2023-12-27 00:00:00-05:00,19.940000534057617,20.040000915527344,19.940000534057617,20.0049991607666,14000,0.0,0.0,0.0
2023-12-28 00:00:00-05:00,20.049999237060547,20.1200008392334,19.979999542236328,20.059999465942383,18200,0.0,0.0,0.0
2023-12-29 00:00:00-05:00,20.08300018310547,20.110000610351562,19.989999771118164,19.989999771118164,17400,0.0,0.0,0.0
2024-01-02 00:00:00-05:00,19.899999618530273,20.100000381469727,19.84000015258789,19.889999389648438,74400,0.0,0.0,0.0
2024-01-03 00:00:00-05:00,19.790000915527344,19.850000381469727,19.729999542236328,19.795000076293945,21700,0.0,0.0,0.0
2024-01-04 00:00:00-05:00,19.764999389648438,19.84000015258789,19.731000900268555,19.785999298095703,9400,0.0,0.0,0.0
2024-01-05 00:00:00-05:00,19.780000686645508,19.899999618530273,19.740999221801758,19.829999923706055,7200,0.0,0.0,0.0
2024-01-08 00:00:00-05:00,19.892000198364258,20.0,19.892000198364258,19.989999771118164,19300,0.0,0.0,0.0
2024-01-09 00:00:00-05:00,19.75,19.8799991607666,19.75,19.78499984741211,50100,0.0,0.0,0.0
2024-01-10 00:00:00-05:00,19.899999618530273,19.90999984741211,19.819000244140625,19.851999282836914,13800,0.0,0.0,0.0
2024-01-11 00:00:00-05:00,19.829999923706055,19.90999984741211,19.731000900268555,19.861000061035156,17000,0.0,0.0,0.0
2024-01-12 00:00:00-05:00,20.030000686645508,20.030000686645508,19.93000030517578,19.945999145507812,11600,0.0,0.0,0.0
2024-01-16 00:00:00-05:00,19.729999542236328,19.729999542236328,19.579999923706055,19.6299991607666,12600,0.0,0.0,0.0
2024-01-17 00:00:00-05:00,19.360000610351562,19.450000762939453,19.34000015258789,19.389999389648438,16800,0.0,0.0,0.0
2024-01-18 00:00:00-05:00,19.540000915527344,19.56999969482422,19.420000076293945,19.5,72300,0.0,0.0,0.0
2024-01-19 00:00:00-05:00,19.469999313354492,19.65999984741211,19.461000442504883,19.579999923706055,28000,0.0,0.0,0.0
2024-01-22 00:00:00-05:00,19.639999389648438,19.707000732421875,19.600000381469727,19.600000381469727,15000,0.0,0.0,0.0
2024-01-23 00:00:00-05:00,19.59000015258789,19.68000030517578,19.56999969482422,19.600000381469727,20200,0.0,0.0,0.0
2024-01-24 00:00:00-05:00,19.81999969482422,19.889999389648438,19.760000228881836,19.760000228881836,7400,0.0,0.0,0.0
2024-01-25 00:00:00-05:00,19.760000228881836,19.8700008392334,19.75,19.790000915527344,10400,0.0,0.0,0.0
2024-01-26 00:00:00-05:00,19.860000610351562,19.950000762939453,19.860000610351562,19.860000610351562,11100,0.0,0.0,0.0
2024-01-29 00:00:00-05:00,19.899999618530273,19.989999771118164,19.84000015258789,19.964000701904297,14200,0.0,0.0,0.0
2024-01-30 00:00:00-05:00,19.868000030517578,19.950000762939453,19.868000030517578,19.905000686645508,6000,0.0,0.0,0.0
2024-01-31 00:00:00-05:00,19.979999542236328,20.06999969482422,19.799999237060547,19.809999465942383,327100,0.0,0.0,0.0
2024-02-01 00:00:00-05:00,19.920000076293945,19.989999771118164,19.889999389648438,19.940000534057617,20400,0.0,0.0,0.0
2024-02-02 00:00:00-05:00,19.81999969482422,19.8700008392334,19.774999618530273,19.799999237060547,20300,0.0,0.0,0.0
2024-02-05 00:00:00-05:00,19.75,19.81999969482422,19.69700050354004,19.777000427246094,39700,0.0,0.0,0.0
2024-02-06 00:00:00-05:00,19.790000915527344,20.0049991607666,19.790000915527344,19.959999084472656,706300,0.0,0.0,0.0
2024-02-07 00:00:00-05:00,20.030000686645508,20.030000686645508,19.90999984741211,19.959999084472656,240200,0.0,0.0,0.0
2024-02-08 00:00:00-05:00,19.950000762939453,19.959999084472656,19.8799991607666,19.8799991607666,88900,0.0,0.0,0.0
2024-02-09 00:00:00-05:00,19.950000762939453,20.010000228881836,19.916000366210938,20.0,14900,0.0,0.0,0.0
2024-02-12 00:00:00-05:00,20.09000015258789,20.1200008392334,20.020000457763672,20.020000457763672,460300,0.0,0.0,0.0
2024-02-13 00:00:00-05:00,19.899999618530273,19.899999618530273,19.670000076293945,19.760000228881836,85600,0.0,0.0,0.0
2024-02-14 00:00:00-05:00,19.950000762939453,20.01799964904785,19.895000457763672,19.97100067138672,22300,0.0,0.0,0.0
2024-02-15 00:00:00-05:00,20.1299991607666,20.18000030517578,20.030000686645508,20.145000457763672,37600,0.0,0.0,0.0
2024-02-16 00:00:00-05:00,20.229999542236328,20.260000228881836,20.170000076293945,20.18400001525879,32700,0.0,0.0,0.0
2024-02-20 00:00:00-05:00,20.34000015258789,20.34000015258789,20.219999313354492,20.242000579833984,56600,0.0,0.0,0.0
2024-02-21 00:00:00-05:00,20.270000457763672,20.270000457763672,20.190000534057617,20.2549991607666,19000,0.0,0.0,0.0
2024-02-22 00:00:00-05:00,20.415000915527344,20.479999542236328,20.375,20.469999313354492,54900,0.0,0.0,0.0
2024-02-23 00:00:00-05:00,20.389999389648438,20.5,20.3799991607666,20.479999542236328,49000,0.0,0.0,0.0
2024-02-26 00:00:00-05:00,20.489999771118164,20.5,20.420000076293945,20.469999313354492,34900,0.0,0.0,0.0
2024-02-27 00:00:00-05:00,20.441999435424805,20.510000228881836,20.43000030517578,20.440000534057617,38100,0.0,0.0,0.0
2024-02-28 00:00:00-05:00,20.440000534057617,20.440000534057617,20.270000457763672,20.31599998474121,22700,0.0,0.0,0.0
2024-02-29 00:00:00-05:00,20.451000213623047,20.468000411987305,20.350000381469727,20.420000076293945,16300,0.0,0.0,0.0
2024-03-01 00:00:00-05:00,20.549999237060547,20.649999618530273,20.549999237060547,20.6200008392334,102700,0.0,0.0,0.0
2024-03-04 00:00:00-05:00,20.518999099731445,20.579999923706055,20.469999313354492,20.559999465942383,30300,0.0,0.0,0.0
2024-03-05 00:00:00-05:00,20.46500015258789,20.540000915527344,20.3700008392334,20.3799991607666,14400,0.0,0.0,0.0
2024-03-06 00:00:00-05:00,20.559999465942383,20.719999313354492,20.559999465942383,20.639999389648438,15900,0.0,0.0,0.0
2024-03-07 00:00:00-05:00,20.690000534057617,20.850000381469727,20.690000534057617,20.780000686645508,20000,0.0,0.0,0.0
2024-03-08 00:00:00-05:00,20.850000381469727,20.850000381469727,20.649999618530273,20.729999542236328,49300,0.0,0.0,0.0
2024-03-11 00:00:00-04:00,20.610000610351562,20.708999633789062,20.58099937438965,20.700000762939453,11700,0.0,0.0,0.0
2024-03-12 00:00:00-04:00,20.65999984741211,20.860000610351562,20.65999984741211,20.860000610351562,18300,0.0,0.0,0.0
2024-03-13 00:00:00-04:00,20.791000366210938,20.84000015258789,20.770000457763672,20.809999465942383,10800,0.0,0.0,0.0
2024-03-14 00:00:00-04:00,20.8799991607666,20.8799991607666,20.6200008392334,20.670000076293945,43200,0.0,0.0,0.0
2024-03-15 00:00:00-04:00,20.770000457763672,20.770000457763672,20.709999084472656,20.739999771118164,18300,0.0,0.0,0.0
2024-03-18 00:00:00-04:00,20.725000381469727,20.760000228881836,20.68000030517578,20.68000030517578,48900,0.0,0.0,0.0
2024-03-19 00:00:00-04:00,20.65999984741211,20.75,20.6200008392334,20.70599937438965,26500,0.0,0.0,0.0
2024-03-20 00:00:00-04:00,20.719999313354492,20.895000457763672,20.67099952697754,20.8700008392334,30500,0.0,0.0,0.0
2024-03-21 00:00:00-04:00,21.0,21.0,20.860000610351562,20.90999984741211,21000,0.0,0.0,0.0
2024-03-22 00:00:00-04:00,20.83300018310547,20.8799991607666,20.799999237060547,20.820999145507812,17000,0.0,0.0,0.0
2024-03-25 00:00:00-04:00,20.847000122070312,20.860000610351562,20.799999237060547,20.81999969482422,18500,0.0,0.0,0.0
2024-03-26 00:00:00-04:00,20.790000915527344,20.790000915527344,20.68000030517578,20.760000228881836,36500,0.0,0.0,0.0
2024-03-27 00:00:00-04:00,20.7549991607666,20.860000610351562,20.7549991607666,20.860000610351562,33900,0.0,0.0,0.0
2024-03-28 00:00:00-04:00,20.860000610351562,20.899999618530273,20.809999465942383,20.809999465942383,33600,0.0,0.0,0.0
2024-04-01 00:00:00-04:00,20.875,20.8799991607666,20.75,20.829999923706055,45700,0.0,0.0,0.0
2024-04-02 00:00:00-04:00,20.68000030517578,20.760000228881836,20.670000076293945,20.71500015258789,28400,0.0,0.0,0.0
2024-04-03 00:00:00-04:00,20.790000915527344,20.860000610351562,20.774999618530273,20.84000015258789,42000,0.0,0.0,0.0
2024-04-04 00:00:00-04:00,20.969999313354492,20.979999542236328,20.670000076293945,20.68000030517578,53700,0.0,0.0,0.0
2024-04-05 00:00:00-04:00,20.59000015258789,20.790000915527344,20.59000015258789,20.780000686645508,16600,0.0,0.0,0.0
2024-04-08 00:00:00-04:00,20.854000091552734,20.899999618530273,20.81999969482422,20.8799991607666,37900,0.0,0.0,0.0
2024-04-09 00:00:00-04:00,20.989999771118164,21.0,20.829999923706055,20.860000610351562,16300,0.0,0.0,0.0
2024-04-10 00:00:00-04:00,20.600000381469727,20.719999313354492,20.600000381469727,20.709999084472656,53400,0.0,0.0,0.0
2024-04-11 00:00:00-04:00,20.760000228881836,20.760000228881836,20.549999237060547,20.739999771118164,15100,0.0,0.0,0.0
2024-04-12 00:00:00-04:00,20.559999465942383,20.559999465942383,20.360000610351562,20.420000076293945,26900,0.0,0.0,0.0
2024-04-15 00:00:00-04:00,20.600000381469727,20.600000381469727,20.270000457763672,20.270000457763672,25100,0.0,0.0,0.0
2024-04-16 00:00:00-04:00,20.06999969482422,20.170000076293945,20.049999237060547,20.1200008392334,25300,0.0,0.0,0.0
2024-04-17 00:00:00-04:00,20.90999984741211,20.90999984741211,20.041000366210938,20.1200008392334,31800,0.0,0.0,0.0
2024-04-18 00:00:00-04:00,20.040000915527344,20.18000030517578,20.040000915527344,20.059999465942383,568000,0.0,0.0,0.0
2024-04-19 00:00:00-04:00,20.059999465942383,20.1200008392334,20.010000228881836,20.100000381469727,66100,0.0,0.0,0.0
2024-04-22 00:00:00-04:00,20.170000076293945,20.350000381469727,20.170000076293945,20.299999237060547,35200,0.0,0.0,0.0
2024-04-23 00:00:00-04:00,20.440000534057617,20.489999771118164,20.3700008392334,20.479999542236328,8600,0.0,0.0,0.0
2024-04-24 00:00:00-04:00,20.479999542236328,20.479999542236328,20.329999923706055,20.450000762939453,17400,0.0,0.0,0.0
2024-04-25 00:00:00-04:00,20.21500015258789,20.459999084472656,20.21500015258789,20.459999084472656,14900,0.0,0.0,0.0
2024-04-26 00:00:00-04:00,20.524999618530273,20.56999969482422,20.469999313354492,20.542999267578125,23700,0.0,0.0,0.0
2024-04-29 00:00:00-04:00,20.690000534057617,20.709999084472656,20.59000015258789,20.709999084472656,21400,0.0,0.0,0.0
2024-04-30 00:00:00-04:00,20.670000076293945,20.670000076293945,20.420000076293945,20.450000762939453,13300,0.0,0.0,0.0
2024-05-01 00:00:00-04:00,20.489999771118164,20.6200008392334,20.3799991607666,20.440000534057617,24900,0.0,0.0,0.0
2024-05-02 00:00:00-04:00,20.6200008392334,20.780000686645508,20.599000930786133,20.725000381469727,29200,0.0,0.0,0.0
2024-05-03 00:00:00-04:00,20.799999237060547,20.899999618530273,20.770000457763672,20.829999923706055,17100,0.0,0.0,0.0
2024-05-06 00:00:00-04:00,20.924999237060547,20.989999771118164,20.899999618530273,20.93000030517578,53500,0.0,0.0,0.0
2024-05-07 00:00:00-04:00,20.96299934387207,20.989999771118164,20.899999618530273,20.899999618530273,31500,0.0,0.0,0.0
2024-05-08 00:00:00-04:00,20.926000595092773,20.950000762939453,20.8700008392334,20.950000762939453,12200,0.0,0.0,0.0
2024-05-09 00:00:00-04:00,20.8700008392334,21.049999237060547,20.8700008392334,20.989999771118164,28000,0.0,0.0,0.0
2024-05-10 00:00:00-04:00,21.09000015258789,21.09000015258789,20.979999542236328,20.989999771118164,9400,0.0,0.0,0.0
2024-05-13 00:00:00-04:00,21.079999923706055,21.110000610351562,21.020000457763672,21.05500030517578,11200,0.0,0.0,0.0
2024-05-14 00:00:00-04:00,21.138999938964844,21.200000762939453,21.08099937438965,21.174999237060547,34300,0.0,0.0,0.0
2024-05-15 00:00:00-04:00,21.170000076293945,21.34000015258789,21.15999984741211,21.239999771118164,23200,0.0,0.0,0.0
2024-05-16 00:00:00-04:00,21.249000549316406,21.290000915527344,21.190000534057617,21.21299934387207,13500,0.0,0.0,0.0
2024-05-17 00:00:00-04:00,21.31999969482422,21.360000610351562,21.270000457763672,21.31999969482422,13500,0.0,0.0,0.0
2024-05-20 00:00:00-04:00,21.31999969482422,21.389999389648438,21.290000915527344,21.34000015258789,16900,0.0,0.0,0.0
2024-05-21 00:00:00-04:00,21.270000457763672,21.299999237060547,21.229999542236328,21.299999237060547,13300,0.0,0.0,0.0
2024-05-22 00:00:00-04:00,21.2189998626709,21.239999771118164,21.09000015258789,21.190000534057617,15300,0.0,0.0,0.0
2024-05-23 00:00:00-04:00,21.219999313354492,21.219999313354492,21.020000457763672,21.1200008392334,22800,0.0,0.0,0.0
2024-05-24 00:00:00-04:00,21.184999465942383,21.260000228881836,21.18000030517578,21.219999313354492,25600,0.0,0.0,0.0
2024-05-28 00:00:00-04:00,21.190000534057617,21.25,21.132999420166016,21.149999618530273,60500,0.0,0.0,0.0
2024-05-29 00:00:00-04:00,21.049999237060547,21.049999237060547,20.90999984741211,20.979999542236328,48600,0.0,0.0,0.0
2024-05-30 00:00:00-04:00,21.059999465942383,21.100000381469727,21.0,21.079999923706055,29400,0.0,0.0,0.0
2024-05-31 00:00:00-04:00,21.1299991607666,21.139999389648438,21.0,21.139999389648438,15700,0.0,0.0,0.0
2024-06-03 00:00:00-04:00,21.260000228881836,21.290000915527344,21.139999389648438,21.229999542236328,23200,0.0,0.0,0.0
2024-06-04 00:00:00-04:00,21.065000534057617,21.1200008392334,21.010000228881836,21.1200008392334,28400,0.0,0.0,0.0
2024-06-05 00:00:00-04:00,21.200000762939453,21.260000228881836,21.131000518798828,21.260000228881836,9800,0.0,0.0,0.0
2024-06-06 00:00:00-04:00,21.299999237060547,21.329999923706055,21.219999313354492,21.309999465942383,25700,0.0,0.0,0.0
2024-06-07 00:00:00-04:00,21.43000030517578,21.43000030517578,21.100000381469727,21.149999618530273,24500,0.0,0.0,0.0
2024-06-10 00:00:00-04:00,21.059999465942383,21.15999984741211,21.010000228881836,21.15999984741211,12200,0.0,0.0,0.0
2024-06-11 00:00:00-04:00,20.969999313354492,21.030000686645508,20.93000030517578,21.010000228881836,14300,0.0,0.0,0.0
2024-06-12 00:00:00-04:00,21.170000076293945,21.229999542236328,21.059999465942383,21.059999465942383,15900,0.0,0.0,0.0
2024-06-13 00:00:00-04:00,21.139999389648438,21.139999389648438,20.920000076293945,20.979999542236328,5200,0.0,0.0,0.0
2024-06-14 00:00:00-04:00,20.780000686645508,20.8700008392334,20.760000228881836,20.8700008392334,26200,0.0,0.0,0.0
2024-06-17 00:00:00-04:00,20.770000457763672,20.920000076293945,20.746000289916992,20.920000076293945,21900,0.0,0.0,0.0
2024-06-18 00:00:00-04:00,20.90999984741211,21.020000457763672,20.90999984741211,20.93000030517578,32800,0.0,0.0,0.0
2024-06-20 00:00:00-04:00,21.049999237060547,21.049999237060547,20.959999084472656,21.030000686645508,30800,0.0,0.0,0.0
2024-06-21 00:00:00-04:00,20.920000076293945,20.93000030517578,20.83099937438965,20.8700008392334,35500,0.0,0.0,0.0
2024-06-24 00:00:00-04:00,21.010000228881836,21.09000015258789,21.0,21.049999237060547,23400,0.0,0.0,0.0
2024-06-25 00:00:00-04:00,21.010000228881836,21.040000915527344,20.959999084472656,21.030000686645508,55600,0.0,0.0,0.0
2024-06-26 00:00:00-04:00,20.93000030517578,20.950000762939453,20.8700008392334,20.920000076293945,23600,0.0,0.0,0.0
2024-06-27 00:00:00-04:00,20.399999618530273,20.579999923706055,20.399999618530273,20.520000457763672,36400,0.0,0.0,0.0
2024-06-28 00:00:00-04:00,20.56999969482422,20.6299991607666,20.489999771118164,20.559999465942383,50000,0.0,0.0,0.0
2024-07-01 00:00:00-04:00,20.65999984741211,20.670000076293945,20.525999069213867,20.579999923706055,42700,0.0,0.0,0.0
2024-07-02 00:00:00-04:00,20.545000076293945,20.65999984741211,20.545000076293945,20.65999984741211,28700,0.0,0.0,0.0
2024-07-03 00:00:00-04:00,20.790000915527344,20.8700008392334,20.790000915527344,20.8700008392334,22600,0.0,0.0,0.0
2024-07-05 00:00:00-04:00,20.969999313354492,20.969999313354492,20.829999923706055,20.90999984741211,23400,0.0,0.0,0.0
2024-07-08 00:00:00-04:00,20.639999389648438,20.979999542236328,20.639999389648438,20.920000076293945,30200,0.0,0.0,0.0
2024-07-09 00:00:00-04:00,20.889999389648438,20.950000762939453,20.84000015258789,20.920000076293945,30100,0.0,0.0,0.0
2024-07-10 00:00:00-04:00,20.940000534057617,21.06999969482422,20.920000076293945,21.059999465942383,19800,0.0,0.0,0.0
2024-07-11 00:00:00-04:00,21.200000762939453,21.200000762939453,21.079999923706055,21.1200008392334,19500,0.0,0.0,0.0
2024-07-12 00:00:00-04:00,21.25,21.309999465942383,21.190000534057617,21.190000534057617,18400,0.0,0.0,0.0
2024-07-15 00:00:00-04:00,21.149999618530273,21.149999618530273,21.020000457763672,21.049999237060547,14900,0.0,0.0,0.0
2024-07-16 00:00:00-04:00,21.040000915527344,21.190000534057617,21.040000915527344,21.18000030517578,30500,0.0,0.0,0.0
2024-07-17 00:00:00-04:00,21.059999465942383,21.1200008392334,20.989999771118164,21.059999465942383,25700,0.0,0.0,0.0
2024-07-18 00:00:00-04:00,20.8799991607666,21.110000610351562,20.8799991607666,20.8799991607666,27200,0.0,0.0,0.0
2024-07-19 00:00:00-04:00,20.8700008392334,20.8700008392334,20.81100082397461,20.81999969482422,6700,0.0,0.0,0.0
2024-07-22 00:00:00-04:00,20.940000534057617,20.989999771118164,20.905000686645508,20.989999771118164,38400,0.0,0.0,0.0
2024-07-23 00:00:00-04:00,20.84000015258789,20.889999389648438,20.84000015258789,20.8700008392334,17000,0.0,0.0,0.0
2024-07-24 00:00:00-04:00,20.84000015258789,20.850000381469727,20.645000457763672,20.649999618530273,27200,0.0,0.0,0.0
2024-07-25 00:00:00-04:00,20.514999389648438,20.670000076293945,20.485000610351562,20.559999465942383,83600,0.0,0.0,0.0
2024-07-26 00:00:00-04:00,20.65399932861328,20.780000686645508,20.649999618530273,20.780000686645508,184700,0.0,0.0,0.0
2024-07-29 00:00:00-04:00,20.690000534057617,20.75,20.6299991607666,20.719999313354492,18100,0.0,0.0,0.0
2024-07-30 00:00:00-04:00,20.75,20.759000778198242,20.649999618530273,20.739999771118164,188800,0.0,0.0,0.0
2024-07-31 00:00:00-04:00,20.969999313354492,21.09000015258789,20.945999145507812,21.030000686645508,35800,0.0,0.0,0.0
2024-08-01 00:00:00-04:00,20.8799991607666,20.8799991607666,20.530000686645508,20.59000015258789,38200,0.0,0.0,0.0
2024-08-02 00:00:00-04:00,20.29599952697754,20.334999084472656,20.16200065612793,20.31999969482422,34500,0.0,0.0,0.0
2024-08-05 00:00:00-04:00,19.649999618530273,19.899999618530273,19.540000915527344,19.860000610351562,14700,0.0,0.0,0.0
2024-08-06 00:00:00-04:00,19.690000534057617,19.959999084472656,19.68000030517578,19.889999389648438,13400,0.0,0.0,0.0
2024-08-07 00:00:00-04:00,20.204999923706055,20.25,19.9689998626709,19.989999771118164,21700,0.0,0.0,0.0
2024-08-08 00:00:00-04:00,20.329999923706055,20.34000015258789,20.1299991607666,20.34000015258789,18300,0.0,0.0,0.0
2024-08-09 00:00:00-04:00,20.309999465942383,20.40999984741211,20.309999465942383,20.398000717163086,20300,0.0,0.0,0.0
2024-08-12 00:00:00-04:00,20.600000381469727,20.600000381469727,20.395999908447266,20.469999313354492,44800,0.0,0.0,0.0
2024-08-13 00:00:00-04:00,20.549999237060547,20.719999313354492,20.53499984741211,20.719999313354492,12300,0.0,0.0,0.0
2024-08-14 00:00:00-04:00,20.698999404907227,20.760000228881836,20.65999984741211,20.739999771118164,36700,0.0,0.0,0.0
2024-08-15 00:00:00-04:00,21.049999237060547,21.049999237060547,20.899999618530273,20.959999084472656,35300,0.0,0.0,0.0
2024-08-16 00:00:00-04:00,21.1299991607666,21.1299991607666,20.93899917602539,21.06999969482422,37500,0.0,0.0,0.0
2024-08-19 00:00:00-04:00,21.155000686645508,21.260000228881836,21.155000686645508,21.239999771118164,4000,0.0,0.0,0.0
2024-08-20 00:00:00-04:00,21.160999298095703,21.160999298095703,21.11199951171875,21.139999389648438,14300,0.0,0.0,0.0
2024-08-21 00:00:00-04:00,21.3799991607666,21.3799991607666,21.194000244140625,21.229999542236328,30600,0.0,0.0,0.0
2024-08-22 00:00:00-04:00,21.170000076293945,21.170000076293945,21.055999755859375,21.09000015258789,14500,0.0,0.0,0.0
2024-08-23 00:00:00-04:00,21.290000915527344,21.40999984741211,21.290000915527344,21.3700008392334,32200,0.0,0.0,0.0
2024-08-26 00:00:00-04:00,21.229999542236328,21.25,21.150999069213867,21.229999542236328,38000,0.0,0.0,0.0
2024-08-27 00:00:00-04:00,21.270000457763672,21.309999465942383,21.260000228881836,21.284000396728516,37000,0.0,0.0,0.0
2024-08-28 00:00:00-04:00,21.389999389648438,21.389999389648438,21.139999389648438,21.200000762939453,43400,0.0,0.0,0.0
2024-08-29 00:00:00-04:00,21.219999313354492,21.325000762939453,21.200000762939453,21.229000091552734,31300,0.0,0.0,0.0
2024-08-30 00:00:00-04:00,21.30500030517578,21.31999969482422,21.200000762939453,21.31999969482422,17900,0.0,0.0,0.0
2024-09-03 00:00:00-04:00,21.15999984741211,21.200000762939453,20.950000762939453,21.0,29100,0.0,0.0,0.0
2024-09-04 00:00:00-04:00,20.979999542236328,21.030000686645508,20.90999984741211,21.030000686645508,21200,0.0,0.0,0.0
2024-09-05 00:00:00-04:00,20.959999084472656,21.06999969482422,20.940000534057617,21.030000686645508,33800,0.0,0.0,0.0
2024-09-06 00:00:00-04:00,21.040000915527344,21.040000915527344,20.709999084472656,20.709999084472656,11400,0.0,0.0,0.0
2024-09-09 00:00:00-04:00,20.940000534057617,20.969999313354492,20.8700008392334,20.93000030517578,34400,0.0,0.0,0.0
2024-09-10 00:00:00-04:00,20.989999771118164,20.989999771118164,20.760000228881836,20.8700008392334,22000,0.0,0.0,0.0
2024-09-11 00:00:00-04:00,20.84000015258789,20.979999542236328,20.68000030517578,20.96500015258789,32300,0.0,0.0,0.0
2024-09-12 00:00:00-04:00,21.040000915527344,21.15999984741211,21.030000686645508,21.149999618530273,21600,0.0,0.0,0.0
2024-09-13 00:00:00-04:00,21.34000015258789,21.34000015258789,21.18000030517578,21.219999313354492,32100,0.0,0.0,0.0
2024-09-16 00:00:00-04:00,21.290000915527344,21.31999969482422,21.25,21.31999969482422,18200,0.0,0.0,0.0
2024-09-17 00:00:00-04:00,21.149999618530273,21.350000381469727,21.149999618530273,21.239999771118164,15300,0.0,0.0,0.0
2024-09-18 00:00:00-04:00,21.219999313354492,21.378999710083008,21.190000534057617,21.229999542236328,16200,0.0,0.0,0.0
2024-09-19 00:00:00-04:00,21.530000686645508,21.6200008392334,21.469999313354492,21.57699966430664,10900,0.0,0.0,0.0
2024-09-20 00:00:00-04:00,21.459999084472656,21.489999771118164,21.391000747680664,21.469999313354492,17200,0.0,0.0,0.0
2024-09-23 00:00:00-04:00,21.549999237060547,21.59000015258789,21.530000686645508,21.549999237060547,8700,0.0,0.0,0.0
2024-09-24 00:00:00-04:00,21.770000457763672,21.860000610351562,21.71500015258789,21.850000381469727,17300,0.0,0.0,0.0
2024-09-25 00:00:00-04:00,21.809999465942383,21.809999465942383,21.68000030517578,21.719999313354492,37200,0.0,0.0,0.0
2024-09-26 00:00:00-04:00,22.170000076293945,22.18000030517578,22.079999923706055,22.165000915527344,7200,0.0,0.0,0.0
2024-09-27 00:00:00-04:00,21.899999618530273,21.93199920654297,21.75,21.829999923706055,14000,0.0,0.0,0.0
2024-09-30 00:00:00-04:00,21.899999618530273,21.899999618530273,21.670000076293945,21.790000915527344,46900,0.0,0.0,0.0
2024-10-01 00:00:00-04:00,21.989999771118164,21.989999771118164,21.610000610351562,21.799999237060547,27700,0.0,0.0,0.0
2024-10-02 00:00:00-04:00,21.899999618530273,21.899999618530273,21.780000686645508,21.868000030517578,32400,0.0,0.0,0.0
2024-10-03 00:00:00-04:00,21.6299991607666,21.75,21.6299991607666,21.719999313354492,12300,0.0,0.0,0.0
2024-10-04 00:00:00-04:00,21.812000274658203,21.860000610351562,21.770000457763672,21.860000610351562,21500,0.0,0.0,0.0
2024-10-07 00:00:00-04:00,21.895000457763672,21.969999313354492,21.809999465942383,21.93000030517578,29600,0.0,0.0,0.0
2024-10-08 00:00:00-04:00,21.700000762939453,21.700000762939453,21.610000610351562,21.700000762939453,40200,0.0,0.0,0.0
2024-10-09 00:00:00-04:00,21.6299991607666,21.68000030517578,21.59000015258789,21.65999984741211,99600,0.0,0.0,0.0
2024-10-10 00:00:00-04:00,21.610000610351562,21.65999984741211,21.530000686645508,21.65999984741211,17400,0.0,0.0,0.0
2024-10-11 00:00:00-04:00,21.719999313354492,21.781999588012695,21.670000076293945,21.760000228881836,20000,0.0,0.0,0.0
2024-10-14 00:00:00-04:00,21.790000915527344,21.799999237060547,21.739999771118164,21.753999710083008,9500,0.0,0.0,0.0
2024-10-15 00:00:00-04:00,21.624000549316406,21.670000076293945,21.43000030517578,21.43000030517578,25300,0.0,0.0,0.0
2024-10-16 00:00:00-04:00,21.530000686645508,21.569000244140625,21.510000228881836,21.534000396728516,25300,0.0,0.0,0.0
2024-10-17 00:00:00-04:00,21.503999710083008,21.549999237060547,21.469999313354492,21.479999542236328,49800,0.0,0.0,0.0
2024-10-18 00:00:00-04:00,21.68000030517578,21.709999084472656,21.625,21.690000534057617,32100,0.0,0.0,0.0
2024-10-21 00:00:00-04:00,21.59000015258789,21.59000015258789,21.469999313354492,21.520000457763672,36300,0.0,0.0,0.0
2024-10-22 00:00:00-04:00,21.559999465942383,21.559999465942383,21.3700008392334,21.43000030517578,28900,0.0,0.0,0.0
2024-10-23 00:00:00-04:00,21.200000762939453,21.29199981689453,21.1299991607666,21.239999771118164,25600,0.0,0.0,0.0
2024-10-24 00:00:00-04:00,21.450000762939453,21.450000762939453,21.170000076293945,21.280000686645508,22400,0.0,0.0,0.0
2024-10-25 00:00:00-04:00,21.31999969482422,21.350000381469727,21.209999084472656,21.216999053955078,18400,0.0,0.0,0.0
2024-10-28 00:00:00-04:00,21.309999465942383,21.389999389648438,21.263999938964844,21.360000610351562,23500,0.0,0.0,0.0
2024-10-29 00:00:00-04:00,21.290000915527344,21.329999923706055,21.260000228881836,21.290000915527344,237800,0.0,0.0,0.0
2024-10-30 00:00:00-04:00,21.110000610351562,21.25,21.100000381469727,21.139999389648438,76900,0.0,0.0,0.0
2024-10-31 00:00:00-04:00,21.260000228881836,21.260000228881836,20.920000076293945,21.06999969482422,37900,0.0,0.0,0.0
2024-11-01 00:00:00-04:00,21.11400032043457,21.18199920654297,21.040000915527344,21.079999923706055,16500,0.0,0.0,0.0
2024-11-04 00:00:00-05:00,21.170000076293945,21.25,21.10700035095215,21.1200008392334,89100,0.0,0.0,0.0
2024-11-05 00:00:00-05:00,21.260000228881836,21.3700008392334,21.224000930786133,21.3700008392334,28000,0.0,0.0,0.0
2024-11-06 00:00:00-05:00,21.079999923706055,22.15999984741211,21.020000457763672,21.1200008392334,35200,0.0,0.0,0.0
2024-11-07 00:00:00-05:00,21.299999237060547,21.520000457763672,21.299999237060547,21.479999542236328,37900,0.0,0.0,0.0
2024-11-08 00:00:00-05:00,21.139999389648438,21.190000534057617,21.09000015258789,21.1299991607666,24500,0.0,0.0,0.0
2024-11-11 00:00:00-05:00,21.155000686645508,21.15999984741211,21.084999084472656,21.1200008392334,18400,0.0,0.0,0.0
2024-11-12 00:00:00-05:00,20.899999618530273,20.90999984741211,20.739999771118164,20.84000015258789,33400,0.0,0.0,0.0
2024-11-13 00:00:00-05:00,20.940000534057617,20.940000534057617,20.6299991607666,20.700000762939453,25700,0.0,0.0,0.0
2024-11-14 00:00:00-05:00,20.739999771118164,20.780000686645508,20.65999984741211,20.68000030517578,44700,0.0,0.0,0.0
2024-11-15 00:00:00-05:00,20.739999771118164,20.739999771118164,20.530000686645508,20.610000610351562,47700,0.0,0.0,0.0
2024-11-18 00:00:00-05:00,20.611000061035156,20.93000030517578,20.611000061035156,20.719999313354492,37700,0.0,0.0,0.0
2024-11-19 00:00:00-05:00,20.75,20.760000228881836,20.6299991607666,20.739999771118164,65000,0.0,0.0,0.0
2024-11-20 00:00:00-05:00,20.799999237060547,20.799999237060547,20.547000885009766,20.700000762939453,58000,0.0,0.0,0.0
2024-11-21 00:00:00-05:00,20.510000228881836,20.719999313354492,20.510000228881836,20.65999984741211,19100,0.0,0.0,0.0
2024-11-22 00:00:00-05:00,20.700000762939453,20.770000457763672,20.68000030517578,20.770000457763672,21600,0.0,0.0,0.0
2024-11-25 00:00:00-05:00,20.68000030517578,20.860000610351562,20.68000030517578,20.790000915527344,130600,0.0,0.0,0.0
