Date,Open,High,Low,Close,Volume,Dividends,Stock Splits,Capital Gains
2000-06-19 00:00:00-04:00,14.495062828063965,14.495062828063965,14.495062828063965,14.495062828063965,200,0.0,0.0,0.0
2000-06-20 00:00:00-04:00,14.533860649025867,14.556488990783691,14.533860649025867,14.556488990783691,400,0.0,0.0,0.0
2000-06-21 00:00:00-04:00,14.643761855067469,14.643761855067469,14.627598762512207,14.627598762512207,20600,0.0,0.0,0.0
2000-06-22 00:00:00-04:00,14.634064674377441,14.634064674377441,14.634064674377441,14.634064674377441,400,0.0,0.0,0.0
2000-06-23 00:00:00-04:00,14.634064674377441,14.634064674377441,14.634064674377441,14.634064674377441,0,0.0,0.0,0.0
2000-06-26 00:00:00-04:00,14.533857068707865,14.533857068707865,14.430413246154785,14.430413246154785,2000,0.0,0.0,0.0
2000-06-27 00:00:00-04:00,14.630830486334677,14.637295722961428,14.630830486334677,14.637295722961426,2600,0.0,0.0,0.0
2000-06-28 00:00:00-04:00,14.637295722961428,14.637295722961428,14.637295722961428,14.637295722961426,0,0.0,0.0,0.0
2000-06-29 00:00:00-04:00,14.637295722961428,14.637295722961428,14.637295722961428,14.637295722961426,0,0.0,0.0,0.0
2000-06-30 00:00:00-04:00,14.81185711188367,14.818322348510419,14.637295722961428,14.637295722961426,2800,0.0,0.0,0.0
2000-07-03 00:00:00-04:00,14.65669732393274,14.721349716186522,14.65669732393274,14.721349716186523,45400,0.0,0.0,0.0
2000-07-05 00:00:00-04:00,14.740744309388004,14.857118606567383,14.727813831923628,14.857118606567383,32600,0.0,0.0,0.0
2000-07-06 00:00:00-04:00,14.792469003143642,14.947634761917875,14.792469003143642,14.90237808227539,6600,0.0,0.0,0.0
2000-07-07 00:00:00-04:00,14.94116760224335,15.057541906371599,14.94116760224335,15.012285232543945,8400,0.0,0.0,0.0
2000-07-10 00:00:00-04:00,15.044609122029666,15.05107436015688,14.99935245513916,14.99935245513916,10400,0.0,0.0,0.0
2000-07-11 00:00:00-04:00,14.992889404296875,14.992889404296875,14.992889404296875,14.992889404296875,200,0.0,0.0,0.0
2000-07-12 00:00:00-04:00,14.999345286880045,14.999345286880045,14.921762466430666,14.921762466430664,8800,0.0,0.0,0.0
2000-07-13 00:00:00-04:00,14.90884017944336,14.90884017944336,14.90884017944336,14.90884017944336,4000,0.0,0.0,0.0
2000-07-14 00:00:00-04:00,14.895904421650913,14.908834894239153,14.876508712768556,14.876508712768555,58000,0.0,0.0,0.0
2000-07-17 00:00:00-04:00,14.941161155700684,14.941161155700684,14.941161155700684,14.941161155700684,1200,0.0,0.0,0.0
2000-07-18 00:00:00-04:00,14.98642635345459,14.98642635345459,14.98642635345459,14.98642635345459,400,0.0,0.0,0.0
2000-07-19 00:00:00-04:00,14.91469297783864,14.973386566295375,14.869042409038961,14.934257507324219,98400,0.3125,0.0,0.0
2000-07-20 00:00:00-04:00,14.986421083499394,14.986421083499394,14.953813552856445,14.953813552856445,2200,0.0,0.0,0.0
2000-07-21 00:00:00-04:00,15.162501054289828,15.182065571779233,15.155979548460026,15.169022560119629,3000,0.0,0.0,0.0
2000-07-24 00:00:00-04:00,15.234239902781017,15.292933464050293,15.208153875550227,15.292933464050293,5200,0.0,0.0,0.0
2000-07-25 00:00:00-04:00,15.299458116394668,15.299458116394668,15.286415100097656,15.286415100097656,5600,0.0,0.0,0.0
2000-07-26 00:00:00-04:00,15.33858627174931,15.504884719848635,15.33858627174931,15.504884719848633,11200,0.0,0.0,0.0
2000-07-27 00:00:00-04:00,15.527708242022852,15.690745917810576,15.527708242022852,15.677702903747559,121200,0.0,0.0,0.0
2000-07-28 00:00:00-04:00,15.674439430236816,15.690743194986387,15.674439430236816,15.674439430236816,3200,0.0,0.0,0.0
2000-07-31 00:00:00-04:00,15.703787034557712,15.703787034557712,15.534227872224447,15.566835403442383,78800,0.0,0.0,0.0
2000-08-01 00:00:00-04:00,15.729870328463042,15.89616870880127,15.716827318240435,15.89616870880127,420400,0.0,0.0,0.0
2000-08-02 00:00:00-04:00,15.932042404240413,15.932042404240413,15.905956374925243,15.925520896911621,13800,0.0,0.0,0.0
2000-08-03 00:00:00-04:00,15.886395043665821,15.886395043665821,15.720096573381142,15.808136940002441,41800,0.0,0.0,0.0
2000-08-04 00:00:00-04:00,15.671180747080928,15.671180747080928,15.482057051007127,15.560315132141113,175200,0.0,0.0,0.0
2000-08-07 00:00:00-04:00,15.619008692991605,15.671180747080928,15.547272118618782,15.560315132141113,63800,0.0,0.0,0.0
2000-08-08 00:00:00-04:00,15.495103684429345,15.61249083355381,15.495103684429345,15.586404800415039,159800,0.0,0.0,0.0
2000-08-09 00:00:00-04:00,15.638577254719559,15.638577254719559,15.592926695594022,15.599448204040527,3800,0.0,0.0,0.0
2000-08-10 00:00:00-04:00,15.677702903747559,15.697267424842085,15.63531310804275,15.677702903747559,10400,0.0,0.0,0.0
2000-08-11 00:00:00-04:00,15.684221378988601,15.723350413613936,15.677699873217712,15.70378589630127,23600,0.0,0.0,0.0
2000-08-14 00:00:00-04:00,15.6777000948725,15.742915153503418,15.6777000948725,15.742915153503418,600,0.0,0.0,0.0
2000-08-15 00:00:00-04:00,15.677704033851624,15.703790063858033,15.651618003845215,15.651618003845215,17400,0.0,0.0,0.0
2000-08-16 00:00:00-04:00,15.651613850134154,15.736393425155715,15.651613850134154,15.70378589630127,13400,0.0,0.0,0.0
2000-08-17 00:00:00-04:00,15.749443092955214,15.749443092955214,15.726617813110352,15.726617813110352,3600,0.0,0.0,0.0
2000-08-18 00:00:00-04:00,15.703791949539506,15.703791949539506,15.58640480041504,15.586404800415039,59000,0.0,0.0,0.0
2000-08-21 00:00:00-04:00,15.619006273076595,15.619006273076595,15.527705192565918,15.527705192565918,160400,0.0,0.0,0.0
2000-08-22 00:00:00-04:00,15.566841795216853,15.62553537550883,15.54727726845286,15.573363304138184,57400,0.0,0.0,0.0
2000-08-23 00:00:00-04:00,15.573359197928276,15.576619951529183,15.403800010681152,15.403800010681152,86400,0.0,0.0,0.0
2000-08-24 00:00:00-04:00,15.40379605672426,15.413578315016,15.296191215515137,15.296191215515137,90800,0.0,0.0,0.0
2000-08-25 00:00:00-04:00,15.345102535365077,15.345102535365077,15.266844468886378,15.27336597442627,9800,0.0,0.0,0.0
2000-08-28 00:00:00-04:00,15.266844440639922,15.367927776321219,15.266844440639922,15.296191215515137,8200,0.0,0.0,0.0
2000-08-29 00:00:00-04:00,15.234240100223719,15.234240100223719,15.149460510624872,15.15598201751709,9800,0.0,0.0,0.0
2000-08-30 00:00:00-04:00,15.129890735835245,15.234234809875488,15.129890735835245,15.234234809875488,2200,0.0,0.0,0.0
2000-08-31 00:00:00-04:00,15.29293653357541,15.33206558227539,15.29293653357541,15.33206558227539,1000,0.0,0.0,0.0
2000-09-01 00:00:00-04:00,15.240761756896973,15.32228059385085,15.240761756896973,15.240761756896973,41600,0.0,0.0,0.0
2000-09-05 00:00:00-04:00,15.299453954307399,15.36466901805125,15.27336792880986,15.338582992553711,544200,0.0,0.0,0.0
2000-09-06 00:00:00-04:00,15.338589182083075,15.46249785319684,15.325546164071099,15.459237098693848,255400,0.0,0.0,0.0
2000-09-07 00:00:00-04:00,15.403799272872307,15.442928314208984,15.403799272872307,15.442928314208984,72200,0.0,0.0,0.0
2000-09-08 00:00:00-04:00,15.514673067828802,15.736404418945314,15.514673067828802,15.736404418945312,167600,0.0,0.0,0.0
2000-09-11 00:00:00-04:00,15.795090218360501,15.873348303670298,15.769004189923903,15.82769775390625,9200,0.0,0.0,0.0
2000-09-12 00:00:00-04:00,15.795085240427444,15.905950826342913,15.795085240427444,15.899429321289062,20200,0.0,0.0,0.0
2000-09-13 00:00:00-04:00,15.925521816862256,15.925521816862256,15.795091662752,15.860306739807129,3800,0.0,0.0,0.0
2000-09-14 00:00:00-04:00,15.873345152746513,15.899431176004928,15.814651600415074,15.834216117858887,15000,0.0,0.0,0.0
2000-09-15 00:00:00-04:00,15.863560422457784,15.863560422457784,15.795084622073075,15.847256660461426,2400,0.0,0.0,0.0
2000-09-18 00:00:00-04:00,15.703786125071703,15.71682913680349,15.632049560546875,15.632049560546875,9800,0.0,0.0,0.0
2000-09-19 00:00:00-04:00,15.583143754817513,15.6809663772583,15.566839984410715,15.6809663772583,9200,0.0,0.0,0.0
2000-09-20 00:00:00-04:00,15.742919108867646,15.742919108867646,15.651618003845215,15.651618003845215,10800,0.0,0.0,0.0
2000-09-21 00:00:00-04:00,15.664659674312793,15.664659674312793,15.583140837539725,15.63857364654541,1200,0.0,0.0,0.0
2000-09-22 00:00:00-04:00,15.442928438290046,15.63857364654541,15.442928438290046,15.63857364654541,53800,0.0,0.0,0.0
2000-09-25 00:00:00-04:00,15.682914047587179,15.682914047587179,15.620306968688963,15.620306968688965,5200,0.0,0.0,0.0
2000-09-26 00:00:00-04:00,15.651616903692272,15.682920455932617,15.620313351451927,15.682920455932617,5400,0.0,0.0,0.0
2000-09-27 00:00:00-04:00,15.703780614838386,15.77682113647461,15.65160858621766,15.77682113647461,1600,0.0,0.0,0.0
2000-09-28 00:00:00-04:00,15.891604759841094,15.891604759841094,15.839432716369629,15.839432716369629,2000,0.0,0.0,0.0
2000-09-29 00:00:00-04:00,15.93334958743081,15.93334958743081,15.808136940002443,15.808136940002441,196400,0.0,0.0,0.0
2000-10-02 00:00:00-04:00,15.818567362399019,15.818567362399019,15.641181105597273,15.6620512008667,10200,0.0,0.0,0.0
2000-10-03 00:00:00-04:00,15.56814456490467,15.56814456490467,15.453366972136253,15.463800430297852,3200,0.0,0.0,0.0
2000-10-04 00:00:00-04:00,15.311458678875535,15.311458678875535,15.244678497314453,15.244678497314453,21800,0.0,0.0,0.0
2000-10-05 00:00:00-04:00,15.286413996898348,15.317717552185057,15.286413996898348,15.317717552185059,1200,0.0,0.0,0.0
2000-10-06 00:00:00-04:00,15.328152115382064,15.328152115382064,15.275980050194017,15.286415100097656,2400,0.0,0.0,0.0
2000-10-09 00:00:00-04:00,15.28640550233624,15.28640550233624,15.192496480825744,15.275970458984375,64000,0.0,0.0,0.0
2000-10-10 00:00:00-04:00,15.286415100097656,15.286415100097656,15.23424303490961,15.286415100097656,4200,0.0,0.0,0.0
2000-10-11 00:00:00-04:00,15.23424274163301,15.23424274163301,15.098595056322447,15.171635627746582,2000,0.0,0.0,0.0
2000-10-12 00:00:00-04:00,15.077726536094017,15.077726536094017,14.910775293984052,14.931645393371582,11000,0.0,0.0,0.0
2000-10-13 00:00:00-04:00,14.879461485247834,14.962935447692871,14.869026443860317,14.962935447692871,2200,0.0,0.0,0.0
2000-10-16 00:00:00-04:00,14.99425018785511,15.150766372680664,14.99425018785511,15.150766372680664,8200,0.0,0.0,0.0
2000-10-17 00:00:00-04:00,15.140326621667668,15.140326621667668,14.869031377217626,14.942071914672852,29200,0.0,0.0,0.0
2000-10-18 00:00:00-04:00,14.809101050330574,14.883093377881096,14.796415499242075,14.872522354125977,41000,0.4605,0.0,0.0
2000-10-19 00:00:00-04:00,14.967655800843591,14.98879623413086,14.914803911169583,14.98879623413086,2000,0.0,0.0,0.0
2000-10-20 00:00:00-04:00,14.93595027923584,14.93595027923584,14.93595027923584,14.93595027923584,800,0.0,0.0,0.0
2000-10-23 00:00:00-04:00,14.851384047430892,14.893664922685822,14.819672584533693,14.819672584533691,5800,0.0,0.0,0.0
2000-10-24 00:00:00-04:00,14.735105227504182,14.735105227504182,14.692824363708496,14.692824363708496,100000,0.0,0.0,0.0
2000-10-25 00:00:00-04:00,14.661115984121924,14.703398469696621,14.639975547790527,14.639975547790527,13400,0.0,0.0,0.0
2000-10-26 00:00:00-04:00,14.608261516986168,14.692824860347471,14.597692107135769,14.68225383758545,2800,0.0,0.0,0.0
2000-10-27 00:00:00-04:00,14.724539428626848,14.957087462349536,14.713968403630014,14.861954689025879,310800,0.0,0.0,0.0
2000-10-30 00:00:00-05:00,14.89366778294874,14.94651969362338,14.872527341261346,14.93595027923584,5200,0.0,0.0,0.0
2000-10-31 00:00:00-05:00,14.95708915225589,14.95708915225589,14.91480827331543,14.91480827331543,2600,0.0,0.0,0.0
2000-11-01 00:00:00-05:00,14.94651615387934,14.978227615356445,14.94651615387934,14.978227615356445,34600,0.0,0.0,0.0
2000-11-02 00:00:00-05:00,15.009938855927734,15.031079292297363,14.957086958547707,15.031079292297363,9400,0.0,0.0,0.0
2000-11-03 00:00:00-05:00,15.062788557092135,15.062788557092135,14.98879623413086,14.98879623413086,600,0.0,0.0,0.0
2000-11-06 00:00:00-05:00,15.009938855927734,15.031079292297363,14.957086958547707,15.031079292297363,60000,0.0,0.0,0.0
2000-11-07 00:00:00-05:00,15.052220344543457,15.052220344543457,14.988799032839623,15.052220344543457,3800,0.0,0.0,0.0
2000-11-08 00:00:00-05:00,15.115646362304688,15.115646362304688,15.115646362304688,15.115646362304688,600,0.0,0.0,0.0
2000-11-09 00:00:00-05:00,15.052215782755958,15.052215782755958,14.999363899230957,14.999363899230957,48800,0.0,0.0,0.0
2000-11-10 00:00:00-05:00,14.91479764759811,14.91479764759811,14.87251518586871,14.883086204528809,7800,0.0,0.0,0.0
2000-11-13 00:00:00-05:00,14.809096923173179,14.893658638000488,14.798525902364105,14.893658638000488,800,0.0,0.0,0.0
2000-11-14 00:00:00-05:00,14.946523019682875,15.041657447814941,14.946523019682875,15.041657447814941,800,0.0,0.0,0.0
2000-11-15 00:00:00-05:00,15.115647050206551,15.115647050206551,15.073366165161133,15.073366165161133,2800,0.0,0.0,0.0
2000-11-16 00:00:00-05:00,15.094505920744064,15.115646362304688,15.094505920744064,15.115646362304688,14000,0.0,0.0,0.0
2000-11-17 00:00:00-05:00,15.062789264237185,15.062789264237185,15.047990798950195,15.047990798950195,2000,0.0,0.0,0.0
2000-11-20 00:00:00-05:00,15.07336177794853,15.07336177794853,15.031079292297363,15.031079292297363,244000,0.0,0.0,0.0
2000-11-21 00:00:00-05:00,15.094502831924652,15.094502831924652,15.009939470074235,15.052220344543457,2800,0.0,0.0,0.0
2000-11-22 00:00:00-05:00,15.031077100705398,15.031077100705398,14.98879623413086,14.98879623413086,1000,0.0,0.0,0.0
2000-11-24 00:00:00-05:00,14.98879623413086,14.98879623413086,14.98879623413086,14.98879623413086,0,0.0,0.0,0.0
2000-11-27 00:00:00-05:00,15.073363074877678,15.073363074877678,15.009940147399902,15.009940147399902,3400,0.0,0.0,0.0
2000-11-28 00:00:00-05:00,15.094501376241903,15.094501376241903,15.03107845774247,15.062789916992188,2000,0.0,0.0,0.0
2000-11-29 00:00:00-05:00,15.031083824294543,15.083935737609863,15.020514409378915,15.083935737609863,2200,0.0,0.0,0.0
2000-11-30 00:00:00-05:00,15.157925830836879,15.231919788762147,15.157925830836879,15.221348762512207,1000,0.0,0.0,0.0
2000-12-01 00:00:00-05:00,15.221341591645174,15.284764493441585,15.221341591645174,15.231912612915039,3000,0.0,0.0,0.0
2000-12-04 00:00:00-05:00,15.221345187772794,15.284768104553223,15.210774164005464,15.284768104553223,7800,0.0,0.0,0.0
2000-12-05 00:00:00-05:00,15.284768104553223,15.284768104553223,15.284768104553223,15.284768104553223,0,0.0,0.0,0.0
2000-12-06 00:00:00-05:00,15.623017644098422,15.644158075672426,15.59130619028164,15.601877212524414,7400,0.0,0.0,0.0
2000-12-07 00:00:00-05:00,15.601877919969832,15.601877919969832,15.53845500946045,15.53845500946045,3800,0.0,0.0,0.0
2000-12-08 00:00:00-05:00,15.570173902625625,15.686447143554688,15.570173902625625,15.686447143554688,5000,0.0,0.0,0.0
2000-12-11 00:00:00-05:00,15.728723926408264,15.802716255187988,15.728723926408264,15.802716255187988,7200,0.0,0.0,0.0
2000-12-12 00:00:00-05:00,15.866140526128948,15.876709938049316,15.866140526128948,15.876709938049316,1200,0.0,0.0,0.0
2000-12-13 00:00:00-05:00,15.834422735454572,15.855563163757324,15.834422735454572,15.855563163757324,20200,0.0,0.0,0.0
2000-12-14 00:00:00-05:00,15.845005628375732,15.845005628375732,15.771013259887695,15.771013259887695,37800,0.0,0.0,0.0
2000-12-15 00:00:00-05:00,15.855563658571196,15.855563658571196,15.728719471884894,15.844992637634277,11200,0.0,0.0,0.0
2000-12-18 00:00:00-05:00,15.85557155921811,16.119831085205078,15.85557155921811,16.119831085205078,45800,0.0,0.0,0.0
2000-12-19 00:00:00-05:00,16.140967207095798,16.140967207095798,16.077545905571007,16.13039779663086,7000,0.0,0.0,0.0
2000-12-20 00:00:00-05:00,16.112394463642733,16.112394463642733,16.005264176957134,16.01597785949707,8200,0.508,0.0,0.0
2000-12-21 00:00:00-05:00,16.048120118817664,16.0588321685791,15.983841281534092,16.0588321685791,9400,0.0,0.0,0.0
2000-12-22 00:00:00-05:00,16.06955402791653,16.06955402791653,15.383920376597253,15.994563102722168,5200,0.0,0.0,0.0
2000-12-26 00:00:00-05:00,15.940991377124003,15.994556535222754,15.898138269837665,15.983842849731445,19000,0.0,0.0,0.0
2000-12-27 00:00:00-05:00,16.02669591544156,16.176677703857422,16.02669591544156,16.176677703857422,6000,0.0,0.0,0.0
2000-12-28 00:00:00-05:00,16.219530053695006,16.412364959716797,16.219530053695006,16.412364959716797,60400,0.0,0.0,0.0
2000-12-29 00:00:00-05:00,16.476642756336,16.476642756336,16.273094177246094,16.273094177246094,107200,0.0,0.0,0.0
2001-01-02 00:00:00-05:00,16.240961371914267,16.240961371914267,16.069552161651565,16.133831024169922,21000,0.0,0.0,0.0
2001-01-03 00:00:00-05:00,16.133825002674623,16.380223402781855,16.133825002674623,16.326658248901367,119000,0.0,0.0,0.0
2001-01-04 00:00:00-05:00,16.35879792747483,16.35879792747483,16.219528198242188,16.219528198242188,175600,0.0,0.0,0.0
2001-01-05 00:00:00-05:00,16.090972075856733,16.090972075856733,15.99455545168222,16.03740692138672,23600,0.0,0.0,0.0
2001-01-08 00:00:00-05:00,16.112394463642733,16.112394463642733,16.01597785949707,16.01597785949707,9400,0.0,0.0,0.0
2001-01-09 00:00:00-05:00,16.06955097405833,16.1016904029423,16.05883728620392,16.09097671508789,2200,0.0,0.0,0.0
2001-01-10 00:00:00-05:00,15.97312639869421,16.05882932029993,15.951699033614332,16.01597785949707,12200,0.0,0.0,0.0
2001-01-11 00:00:00-05:00,16.10168576062225,16.1231114954745,16.03740692138672,16.03740692138672,1000,0.0,0.0,0.0
2001-01-12 00:00:00-05:00,16.0588321685791,16.10168527166106,16.005267015735704,16.0588321685791,6800,0.0,0.0,0.0
2001-01-16 00:00:00-05:00,16.080259430218334,16.080259430218334,16.06954574584961,16.06954574584961,5600,0.0,0.0,0.0
2001-01-17 00:00:00-05:00,16.12312055760218,16.1659720513917,16.08026906381266,16.138118743896484,162600,0.0,0.0,0.0
2001-01-18 00:00:00-05:00,16.14454188500142,16.14454188500142,16.08026466191274,16.09097671508789,163200,0.0,0.0,0.0
2001-01-19 00:00:00-05:00,16.165960690547266,16.187388057063362,16.123109226872185,16.155248641967773,9200,0.0,0.0,0.0
2001-01-22 00:00:00-05:00,16.155256766782916,16.155256766782916,16.08026585029775,16.133831024169922,4400,0.0,0.0,0.0
2001-01-23 00:00:00-05:00,16.176685019543296,16.283815383911133,16.176685019543296,16.283815383911133,5800,0.0,0.0,0.0
2001-01-24 00:00:00-05:00,16.30523621431193,16.35880138034757,16.30523621431193,16.33737564086914,11000,0.0,0.0,0.0
2001-01-25 00:00:00-05:00,16.348094554283232,16.358806610107422,16.348094554283232,16.358806610107422,3400,0.0,0.0,0.0
2001-01-26 00:00:00-05:00,16.390938784460513,16.390938784460513,16.326659939277327,16.348087310791016,2000,0.0,0.0,0.0
2001-01-29 00:00:00-05:00,16.35023598464027,16.358806610107422,16.2945293711233,16.358806610107422,8000,0.0,0.0,0.0
2001-01-30 00:00:00-05:00,16.32666026727551,16.42950609469896,16.32666026727551,16.423078536987305,10400,0.0,0.0,0.0
2001-01-31 00:00:00-05:00,16.423078207052107,16.43379025813001,16.348087310791016,16.348087310791016,2800,0.0,0.0,0.0
2001-02-01 00:00:00-05:00,16.380232356435464,16.380232356435464,16.358806610107422,16.358806610107422,1800,0.0,0.0,0.0
2001-02-02 00:00:00-05:00,16.358800453930936,16.358800453930936,16.283809552663687,16.294523239135742,1000,0.0,0.0,0.0
2001-02-05 00:00:00-05:00,16.326656827110956,16.326656827110956,16.25166594514453,16.30523109436035,30400,0.0,0.0,0.0
2001-02-06 00:00:00-05:00,16.144532823737837,16.2838025142825,16.133820776574918,16.26237678527832,11200,0.0,0.0,0.0
2001-02-07 00:00:00-05:00,16.251661036989844,16.251661036989844,16.165956497192383,16.165956497192383,6200,0.0,0.0,0.0
2001-02-08 00:00:00-05:00,16.165960690547266,16.208813788900905,16.123109226872185,16.155248641967773,14000,0.0,0.0,0.0
2001-02-09 00:00:00-05:00,16.155248258249088,16.155248258249088,15.940987675605674,16.000980377197266,313800,0.0,0.0,0.0
2001-02-12 00:00:00-05:00,16.026701741060524,16.052411980032264,15.940997130235917,15.992419242858887,265400,0.0,0.0,0.0
2001-02-13 00:00:00-05:00,16.058834850074813,16.06954853630395,15.977416392641981,16.00955581665039,114200,0.0,0.0,0.0
2001-02-14 00:00:00-05:00,15.994560144532857,16.05883736794873,15.962420715485289,16.05669593811035,5000,0.0,0.0,0.0
2001-02-15 00:00:00-05:00,16.101684986739908,16.170248315779073,16.073830061559846,16.114540100097656,6200,0.0,0.0,0.0
2001-02-16 00:00:00-05:00,16.1016888768162,16.123114615815016,16.080263137817383,16.080263137817383,35600,0.0,0.0,0.0
2001-02-20 00:00:00-05:00,16.069547445735335,16.123112603887787,16.005268602080832,16.063119888305664,14200,0.0,0.0,0.0
2001-02-21 00:00:00-05:00,15.966701789529079,15.966701789529079,15.938848495483398,15.938848495483398,1600,0.0,0.0,0.0
2001-02-22 00:00:00-05:00,15.876711639131184,15.876711639131184,15.705304123678633,15.74815559387207,50000,0.0,0.0,0.0
2001-02-23 00:00:00-05:00,15.726729194721571,15.844571550117085,15.726729194721571,15.8145751953125,7000,0.0,0.0,0.0
2001-02-26 00:00:00-05:00,15.808148404171662,15.902423600797169,15.808148404171662,15.887425422668457,19600,0.0,0.0,0.0
2001-02-27 00:00:00-05:00,16.005272197762537,16.065266561501655,15.9967032090505,16.05669593811035,22000,0.0,0.0,0.0
2001-02-28 00:00:00-05:00,16.026693203364673,16.123109817504883,16.026693203364673,16.123109817504883,5000,0.0,0.0,0.0
2001-03-01 00:00:00-05:00,16.06954307965529,16.20452665304015,16.06954307965529,16.146677017211914,5200,0.0,0.0,0.0
2001-03-02 00:00:00-05:00,16.326659044794905,16.339515793934524,16.296662687933868,16.32880210876465,6000,0.0,0.0,0.0
2001-03-05 00:00:00-05:00,16.326656827110956,16.3330860181469,16.249522881465882,16.30523109436035,42800,0.0,0.0,0.0
2001-03-06 00:00:00-05:00,16.262378001599945,16.32022763770584,16.249521255493164,16.249521255493164,6600,0.0,0.0,0.0
2001-03-07 00:00:00-05:00,16.273092396978534,16.369510650634766,16.273092396978534,16.369510650634766,12400,0.0,0.0,0.0
2001-03-08 00:00:00-05:00,16.3887889158944,16.40164566040039,16.33093928699133,16.40164566040039,24400,0.0,0.0,0.0
2001-03-09 00:00:00-05:00,16.28777167677626,16.373721663527487,16.274877867250844,16.36942481994629,6600,0.11,0.0,0.0
2001-03-12 00:00:00-05:00,16.214710470309306,16.257687098436293,16.154544830322266,16.154544830322266,6600,0.0,0.0,0.0
2001-03-13 00:00:00-05:00,16.193229059927305,16.193229059927305,16.057856319095333,16.17388916015625,22200,0.0,0.0,0.0
2001-03-14 00:00:00-05:00,16.03207063618327,16.064302710151278,16.021326065063477,16.021326065063477,15800,0.0,0.0,0.0
2001-03-15 00:00:00-05:00,16.03206557112788,16.068594478368297,15.98694133758545,15.98694133758545,16200,0.0,0.0,0.0
2001-03-16 00:00:00-05:00,15.991236339375273,15.991236339375273,15.873054304962704,15.879500389099121,36400,0.0,0.0,0.0
2001-03-19 00:00:00-05:00,15.870902386074725,16.019168853759766,15.862307062212798,16.019168853759766,27800,0.0,0.0,0.0
2001-03-20 00:00:00-05:00,16.070740500704247,16.26198196429214,16.070740500704247,16.169584274291992,29200,0.0,0.0,0.0
2001-03-21 00:00:00-05:00,16.029912213900822,16.038507537995923,15.810737187342342,15.877348899841309,31000,0.0,0.0,0.0
2001-03-22 00:00:00-05:00,15.832223738666945,15.832223738666945,15.497014315795981,15.731230735778809,8800,0.0,0.0,0.0
2001-03-23 00:00:00-05:00,15.759171490819678,15.97619900194224,15.759171490819678,15.780660629272461,55400,0.0,0.0,0.0
2001-03-26 00:00:00-05:00,15.797851093610111,16.12016852726644,15.797851093610111,16.055706024169922,16800,0.0,0.0,0.0
2001-03-27 00:00:00-05:00,15.922474544143125,16.051401138305664,15.922474544143125,16.051401138305664,10000,0.0,0.0,0.0
2001-03-28 00:00:00-05:00,15.922479320237082,16.06215052222157,15.845123012657705,15.997686386108398,204400,0.0,0.0,0.0
2001-03-29 00:00:00-05:00,16.04280745283334,16.0879316788207,15.98049257712015,16.051401138305664,18600,0.0,0.0,0.0
2001-03-30 00:00:00-05:00,16.152396922524467,16.234051703011353,16.102975845336914,16.102975845336914,64000,0.0,0.0,0.0
2001-04-02 00:00:00-04:00,16.23189867573164,16.23189867573164,16.094376765228613,16.180328369140625,19800,0.0,0.0,0.0
2001-04-03 00:00:00-04:00,16.22760558634412,16.24479624071712,16.00843048095703,16.00843048095703,11800,0.0,0.0,0.0
2001-04-04 00:00:00-04:00,16.17387450982845,16.17387450982845,15.943954999246996,15.993377685546875,31000,0.0,0.0,0.0
2001-04-05 00:00:00-04:00,16.126609008601175,16.24479103088379,16.11586444321616,16.24479103088379,17000,0.0,0.0,0.0
2001-04-06 00:00:00-04:00,16.11586548169307,16.11586548169307,16.04280767841689,16.083633422851562,6800,0.0,0.0,0.0
2001-04-09 00:00:00-04:00,16.029920125438572,16.158846771715684,16.021324797101265,16.11802101135254,5400,0.0,0.0,0.0
2001-04-10 00:00:00-04:00,16.14809631274981,16.193220535940757,16.14809631274981,16.180328369140625,7000,0.0,0.0,0.0
2001-04-11 00:00:00-04:00,16.158836562873155,16.158836562873155,15.840817812267167,15.860156059265137,7600,0.0,0.0,0.0
2001-04-12 00:00:00-04:00,15.905275321366219,15.905275321366219,15.834366798400879,15.834366798400879,3800,0.0,0.0,0.0
2001-04-16 00:00:00-04:00,15.943960561505065,15.984787940979004,15.892390256489339,15.984787940979004,10800,0.0,0.0,0.0
2001-04-17 00:00:00-04:00,15.862311863113952,16.042810440063477,15.862311863113952,16.042810440063477,8400,0.0,0.0,0.0
2001-04-18 00:00:00-04:00,16.105119877831147,16.270577004173518,16.053549570642197,16.24479103088379,167800,0.0,0.0,0.0
2001-04-19 00:00:00-04:00,16.277023955214087,16.313552856445312,16.14594811960501,16.313552856445312,7800,0.0,0.0,0.0
2001-04-20 00:00:00-04:00,16.352226974497494,16.360822297270246,16.167431633358856,16.249086380004883,4600,0.0,0.0,0.0
2001-04-23 00:00:00-04:00,16.244798073000663,16.244798073000663,16.11587142944336,16.11587142944336,11200,0.0,0.0,0.0
2001-04-24 00:00:00-04:00,16.169587628579038,16.208265777518715,16.09438057213824,16.197521209716797,9600,0.0,0.0,0.0
2001-04-25 00:00:00-04:00,16.197517265676463,16.287767350820708,16.197517265676463,16.210411071777344,21800,0.0,0.0,0.0
2001-04-26 00:00:00-04:00,16.362974299796697,16.515537616136974,16.29206410449488,16.44247817993164,53800,0.0,0.0,0.0
2001-04-27 00:00:00-04:00,16.545619860031053,16.668100357055664,16.545619860031053,16.668100357055664,19000,0.0,0.0,0.0
2001-04-30 00:00:00-04:00,16.67454660778983,16.696034098127807,16.56281067439807,16.622976303100586,26000,0.0,0.0,0.0
2001-05-01 00:00:00-04:00,16.545622617599395,16.644466400146484,16.524135123896237,16.644466400146484,14800,0.0,0.0,0.0
2001-05-02 00:00:00-04:00,16.663805994032547,16.663805994032547,16.485456684643662,16.61008644104004,29200,0.0,0.0,0.0
2001-05-03 00:00:00-04:00,16.57784603414637,16.620820999145508,16.5456139907021,16.620820999145508,3800,0.0,0.0,0.0
2001-05-04 00:00:00-04:00,16.54991646569582,16.54991646569582,16.517686050668868,16.54347038269043,8200,0.0,0.0,0.0
2001-05-07 00:00:00-04:00,16.54562355683075,16.610087680990297,16.472565746214656,16.513391494750977,36600,0.0,0.0,0.0
2001-05-08 00:00:00-04:00,16.524129192046203,16.524129192046203,16.33503538080185,16.39520263671875,34000,0.0,0.0,0.0
2001-05-09 00:00:00-04:00,16.38446431189156,16.49190342213347,16.3801674688138,16.461820602416992,15400,0.0,0.0,0.0
2001-05-10 00:00:00-04:00,16.5069443737598,16.5069443737598,16.390909941192756,16.48975372314453,24600,0.0,0.0,0.0
2001-05-11 00:00:00-04:00,16.491909090809592,16.491909090809592,16.358683958136197,16.47686767578125,3600,0.0,0.0,0.0
2001-05-14 00:00:00-04:00,16.46182169658753,16.474713866068438,16.375870074802897,16.470417022705078,11800,0.0,0.0,0.0
2001-05-15 00:00:00-04:00,16.528421160085603,16.603628158569336,16.528421160085603,16.603628158569336,17600,0.0,0.0,0.0
2001-05-16 00:00:00-04:00,16.567115468308458,16.681000697211818,16.526289708888577,16.642322540283203,9800,0.0,0.0,0.0
2001-05-17 00:00:00-04:00,16.73901055674427,16.805622267966662,16.706778501852966,16.760498046875,106400,0.0,0.0,0.0
2001-05-18 00:00:00-04:00,16.78198359071894,16.867935180664062,16.743305457213147,16.867935180664062,9600,0.0,0.0,0.0
2001-05-21 00:00:00-04:00,16.85719493718082,16.917362213134766,16.784137132608425,16.917362213134766,18800,0.0,0.0,0.0
2001-05-22 00:00:00-04:00,16.96463987774172,17.061336089243124,16.96463987774172,16.996871948242188,218800,0.0,0.0,0.0
2001-05-23 00:00:00-04:00,17.050592159801067,17.10216249090438,16.958194428570696,17.093568801879883,76400,0.0,0.0,0.0
2001-05-24 00:00:00-04:00,17.084969081686673,17.151580810546875,17.057033861668515,17.151580810546875,2200,0.0,0.0,0.0
2001-05-25 00:00:00-04:00,17.168763642777165,17.168763642777165,17.104299545288086,17.104299545288086,13600,0.0,0.0,0.0
2001-05-29 00:00:00-04:00,17.15802005404744,17.15802005404744,17.00760600388808,17.050580978393555,504600,0.0,0.0,0.0
2001-05-30 00:00:00-04:00,16.900165793996244,16.9431407656175,16.835701697174283,16.932397842407227,63400,0.0,0.0,0.0
2001-05-31 00:00:00-04:00,16.86793469882113,17.003307342529297,16.86793469882113,17.003307342529297,3200,0.0,0.0,0.0
2001-06-01 00:00:00-04:00,16.99686311183073,17.01835060119629,16.975375622465176,17.01835060119629,8800,0.0,0.0,0.0
2001-06-04 00:00:00-04:00,17.059180401473274,17.072072569045606,17.057031160414358,17.06777572631836,2000,0.0,0.0,0.0
2001-06-05 00:00:00-04:00,17.127936742222655,17.179507037996423,17.059175801394247,17.168764114379883,10000,0.0,0.0,0.0
2001-06-06 00:00:00-04:00,17.164473433442247,17.243978973406897,17.164473433442247,17.233234405517578,3400,0.0,0.0,0.0
2001-06-07 00:00:00-04:00,17.24397238270245,17.256864547729492,17.16876535439426,17.256864547729492,11800,0.0,0.0,0.0
2001-06-08 00:00:00-04:00,17.28378509151267,17.28378509151267,17.207836588145714,17.227365493774414,306000,0.392,0.0,0.0
2001-06-11 00:00:00-04:00,17.24038138635752,17.374919891357422,17.216511624897006,17.374919891357422,33600,0.0,0.0,0.0
2001-06-12 00:00:00-04:00,17.37057734122637,17.52247428894043,17.37057734122637,17.52247428894043,71600,0.0,0.0,0.0
2001-06-13 00:00:00-04:00,17.47907109044149,17.565868377685547,17.466050172913175,17.565868377685547,6000,0.0,0.0,0.0
2001-06-14 00:00:00-04:00,17.533320679640582,17.535489452991705,17.44218087677592,17.513790130615234,17000,0.0,0.0,0.0
2001-06-15 00:00:00-04:00,17.502941606063093,17.52247049988087,17.455202102661133,17.455202102661133,7200,0.0,0.0,0.0
2001-06-18 00:00:00-04:00,17.500775685571284,17.56804410012033,17.46822586527081,17.550683975219727,19800,0.0,0.0,0.0
2001-06-19 00:00:00-04:00,17.58757242975144,17.5984212647775,17.522472797385383,17.533323287963867,36400,0.0,0.0,0.0
2001-06-20 00:00:00-04:00,17.53332218414861,17.698238372802734,17.53332218414861,17.698238372802734,27600,0.0,0.0,0.0
2001-06-21 00:00:00-04:00,17.685217431213605,17.76984594659978,17.674366942347827,17.765506744384766,21800,0.0,0.0,0.0
2001-06-22 00:00:00-04:00,17.772012011947407,17.772012011947407,17.65266328593598,17.685213088989258,18200,0.0,0.0,0.0
2001-06-25 00:00:00-04:00,17.71777122288808,17.730790488010307,17.58106231689453,17.58106231689453,39600,0.0,0.0,0.0
2001-06-26 00:00:00-04:00,17.54416966497944,17.782865524291992,17.54416966497944,17.782865524291992,10200,0.0,0.0,0.0
2001-06-27 00:00:00-04:00,17.77201434945574,17.782863181532583,17.69606590270996,17.69606590270996,82600,0.0,0.0,0.0
2001-06-28 00:00:00-04:00,17.863149204992194,17.89352857811135,17.847959518432617,17.847959518432617,9400,0.0,0.0,0.0
2001-06-29 00:00:00-04:00,17.902220676872677,18.017228617544745,17.865331649780273,17.865331649780273,24800,0.0,0.0,0.0
2001-07-02 00:00:00-04:00,17.919575009134768,17.999862670898438,17.85447538368378,17.999862670898438,27600,0.0,0.0,0.0
2001-07-03 00:00:00-04:00,17.978158471217135,18.03240759252772,17.978158471217135,18.02155876159668,8200,0.0,0.0,0.0
2001-07-05 00:00:00-04:00,18.010708166393268,18.032407483676156,17.94560855899282,17.956459045410156,13600,0.0,0.0,0.0
2001-07-06 00:00:00-04:00,17.904381401830666,17.93693120743797,17.83277216060497,17.930419921875,17000,0.0,0.0,0.0
2001-07-09 00:00:00-04:00,17.88051965265758,17.88051965265758,17.602764277599636,17.60927391052246,90600,0.0,0.0,0.0
2001-07-10 00:00:00-04:00,17.728614087259324,17.730784515899494,17.561527504109787,17.633136749267578,44800,0.0,0.0,0.0
2001-07-11 00:00:00-04:00,17.60927225471091,17.60927225471091,17.450864027756076,17.48992347717285,115400,0.0,0.0,0.0
2001-07-12 00:00:00-04:00,17.544170012067017,17.661348342895508,17.479072043086003,17.661348342895508,11600,0.0,0.0,0.0
2001-07-13 00:00:00-04:00,17.661352382408463,17.732961654663086,17.639653054451713,17.732961654663086,13000,0.0,0.0,0.0
2001-07-16 00:00:00-04:00,17.782863500251008,17.79371398807429,17.639646663185253,17.713424682617188,36400,0.0,0.0,0.0
2001-07-17 00:00:00-04:00,17.7177696381406,17.78720847183583,17.62663147933168,17.722108840942383,17400,0.0,0.0,0.0
2001-07-18 00:00:00-04:00,17.793719613307875,17.834949493408203,17.793719613307875,17.834949493408203,20200,0.0,0.0,0.0
2001-07-19 00:00:00-04:00,17.837119537349956,17.856650091886497,17.73730130180943,17.752490997314453,202600,0.0,0.0,0.0
2001-07-20 00:00:00-04:00,17.75248397021051,17.793713836926365,17.7069149017334,17.7069149017334,24200,0.0,0.0,0.0
2001-07-23 00:00:00-04:00,17.793711328799006,17.793711328799006,17.63096396908438,17.685213088989258,14000,0.0,0.0,0.0
2001-07-24 00:00:00-04:00,17.782866248674466,17.782866248674466,17.544170379638672,17.544170379638672,45200,0.0,0.0,0.0
2001-07-25 00:00:00-04:00,17.489924469986683,17.53983441312277,17.435675323581297,17.52247428894043,523800,0.0,0.0,0.0
2001-07-26 00:00:00-04:00,17.639652252197266,17.639652252197266,17.531153961795425,17.639652252197266,8200,0.0,0.0,0.0
2001-07-27 00:00:00-04:00,17.685218094854214,17.685218094854214,17.58757031360658,17.661348342895508,7800,0.0,0.0,0.0
2001-07-30 00:00:00-04:00,17.609278591069714,17.63097792509768,17.47691050128012,17.511629104614258,7600,0.0,0.0,0.0
2001-07-31 00:00:00-04:00,17.583234195843247,17.602764750689243,17.55719566345215,17.55719566345215,17600,0.0,0.0,0.0
2001-08-01 00:00:00-04:00,17.52680523868274,17.65917322602284,17.52680523868274,17.630964279174805,4600,0.0,0.0,0.0
2001-08-02 00:00:00-04:00,17.706927194772987,17.741647455175517,17.667867729596704,17.737306594848633,6200,0.0,0.0,0.0
2001-08-03 00:00:00-04:00,17.77635920857644,17.826269149780273,17.665692146191752,17.826269149780273,24800,0.0,0.0,0.0
2001-08-06 00:00:00-04:00,17.869670867919922,17.869670867919922,17.74381243421278,17.869670867919922,14200,0.0,0.0,0.0
2001-08-07 00:00:00-04:00,17.847968275708773,17.882688522338867,17.815418458381178,17.882688522338867,35600,0.0,0.0,0.0
2001-08-08 00:00:00-04:00,17.934760778916978,17.945609610418156,17.923910291863915,17.930419921875,5200,0.0,0.0,0.0
2001-08-09 00:00:00-04:00,17.956470144800395,18.010719299316406,17.83712134264404,18.010719299316406,151000,0.0,0.0,0.0
2001-08-10 00:00:00-04:00,17.989009815955384,18.11920738220215,17.989009815955384,18.11920738220215,17000,0.0,0.0,0.0
2001-08-13 00:00:00-04:00,18.15175733877284,18.15175733877284,18.071468038735482,18.125717163085938,21400,0.0,0.0,0.0
2001-08-14 00:00:00-04:00,18.13005680981009,18.227704564901348,18.13005680981009,18.212514877319336,18200,0.0,0.0,0.0
2001-08-15 00:00:00-04:00,18.249412186072142,18.2993221282959,18.16478365167091,18.2993221282959,353600,0.0,0.0,0.0
2001-08-16 00:00:00-04:00,18.260258094595056,18.4056453704834,18.197328903042163,18.4056453704834,132000,0.0,0.0,0.0
2001-08-17 00:00:00-04:00,18.39046402324976,18.433862686157227,18.368764691796027,18.433862686157227,13000,0.0,0.0,0.0
2001-08-20 00:00:00-04:00,18.368754872256922,18.49678201828041,18.368754872256922,18.488101959228516,32600,0.0,0.0,0.0
2001-08-21 00:00:00-04:00,18.55320687986404,18.694254982575835,18.535846756795905,18.668214797973633,649800,0.0,0.0,0.0
2001-08-22 00:00:00-04:00,18.672543463211927,18.672543463211927,18.511964913019312,18.63999366760254,63000,0.0,0.0,0.0
2001-08-23 00:00:00-04:00,18.596607045364628,18.650856192702978,18.585758209228516,18.585758209228516,14800,0.0,0.0,0.0
2001-08-24 00:00:00-04:00,18.55320322630331,18.59660186987498,18.412155151367188,18.412155151367188,18600,0.0,0.0,0.0
2001-08-27 00:00:00-04:00,18.507635132351076,18.594434079635445,18.379606312607386,18.511974334716797,79400,0.0,0.0,0.0
2001-08-28 00:00:00-04:00,18.44470919920744,18.52933773250078,18.379609563342175,18.423009872436523,10800,0.0,0.0,0.0
2001-08-29 00:00:00-04:00,18.32535957837237,18.32535957837237,18.130063990836415,18.201671600341797,111600,0.0,0.0,0.0
2001-08-30 00:00:00-04:00,18.227712020431504,18.34706079707198,17.980336061169844,18.077983856201172,71600,0.0,0.0,0.0
2001-08-31 00:00:00-04:00,18.158266120566314,18.247233819458067,18.032407760620117,18.032407760620117,29600,0.0,0.0,0.0
2001-09-04 00:00:00-04:00,18.075819936686397,18.075819936686397,17.939111000266838,18.043270111083984,89000,0.0,0.0,0.0
2001-09-05 00:00:00-04:00,18.04326005440215,18.06712980283623,17.895702362060547,17.895702362060547,17000,0.0,0.0,0.0
2001-09-06 00:00:00-04:00,17.94561173132074,17.978161540774945,17.732956066583824,17.735126495361328,282000,0.0,0.0,0.0
2001-09-07 00:00:00-04:00,17.6201229095459,17.737301269896378,17.522475103696816,17.6201229095459,28200,0.0,0.0,0.0
2001-09-10 00:00:00-04:00,17.533321530025578,17.539831161499023,17.47907239367717,17.539831161499023,34000,0.0,0.0,0.0
2001-09-17 00:00:00-04:00,17.121028806427464,17.121028806427464,16.860631942749023,16.860631942749023,111800,0.0,0.0,0.0
2001-09-18 00:00:00-04:00,16.88232492697669,17.2013083264058,16.88232492697669,17.103660583496094,41000,0.0,0.0,0.0
2001-09-19 00:00:00-04:00,17.186118521455725,17.186118521455725,16.613248014443972,16.904024124145508,70200,0.0,0.0,0.0
2001-09-20 00:00:00-04:00,16.654489476808177,16.654489476808177,16.459192200692716,16.51778221130371,33200,0.0,0.0,0.0
2001-09-21 00:00:00-04:00,16.0577396778572,16.339835766851078,16.04688919152983,16.06859016418457,11000,0.0,0.0,0.0
2001-09-24 00:00:00-04:00,16.48089020785616,16.556840338151115,16.33984375,16.33984375,53200,0.0,0.0,0.0
2001-09-25 00:00:00-04:00,16.38323253707974,16.53512939507044,16.38323253707974,16.52861976623535,73600,0.0,0.0,0.0
2001-09-26 00:00:00-04:00,16.676184137247276,16.88233184814453,16.632785490506933,16.88233184814453,83400,0.0,0.0,0.0
2001-09-27 00:00:00-04:00,16.882331106752435,16.925729751586914,16.817231483948536,16.925729751586914,4600,0.0,0.0,0.0
2001-09-28 00:00:00-04:00,17.077627082245805,17.203485473120786,17.001678624149598,17.199146270751953,65400,0.0,0.0,0.0
2001-10-01 00:00:00-04:00,16.711725214108096,16.874925649167118,16.66820410199595,16.82487678527832,122600,0.11,0.0,0.0
2001-10-02 00:00:00-04:00,16.918439329427905,16.961958766532806,16.592038570660808,16.711719512939453,334400,0.0,0.0,0.0
2001-10-03 00:00:00-04:00,16.657320511154133,16.657320511154133,16.370087890451998,16.391847610473633,45400,0.0,0.0,0.0
2001-10-04 00:00:00-04:00,16.755241722141662,16.820522548759616,16.6050968170166,16.6050968170166,230400,0.0,0.0,0.0
2001-10-05 00:00:00-04:00,16.65731425118961,16.65731425118961,16.346145557355534,16.49411392211914,59200,0.0,0.0,0.0
2001-10-08 00:00:00-04:00,16.49411392211914,16.5855057079603,16.428833126427115,16.49411392211914,7000,0.0,0.0,0.0
2001-10-09 00:00:00-04:00,16.592044196413823,16.66167631548743,16.533292770385742,16.533292770385742,217600,0.0,0.0,0.0
2001-10-10 00:00:00-04:00,16.668206354114986,16.757423400878906,16.646446625199193,16.757423400878906,85400,0.0,0.0,0.0
2001-10-11 00:00:00-04:00,16.97284761355779,17.01419226079102,16.864047308342673,16.885807037353516,69000,0.0,0.0,0.0
2001-10-12 00:00:00-04:00,16.84228688621059,16.90756607055664,16.820527158095242,16.90756607055664,17000,0.0,0.0,0.0
2001-10-15 00:00:00-04:00,16.929323196411133,17.00548305571994,16.864042368340485,16.929323196411133,12600,0.0,0.0,0.0
2001-10-16 00:00:00-04:00,16.885798771855498,16.89667946111534,16.768294300521607,16.77699851989746,11600,0.0,0.0,0.0
2001-10-17 00:00:00-04:00,16.78788606534334,16.796590288274007,16.66820507524765,16.670381546020508,18000,0.0,0.0,0.0
2001-10-18 00:00:00-04:00,16.67907836512792,16.67907836512792,16.53763771057129,16.53763771057129,13000,0.0,0.0,0.0
2001-10-19 00:00:00-04:00,16.450600500538048,16.52676035754565,16.374440643530445,16.394023895263672,8200,0.0,0.0,0.0
2001-10-22 00:00:00-04:00,16.374438303849487,16.374438303849487,16.026277821447508,16.252582550048828,46600,0.0,0.0,0.0
2001-10-23 00:00:00-04:00,16.298283202771117,16.298283202771117,16.13508277349135,16.26129150390625,35600,0.0,0.0,0.0
2001-10-24 00:00:00-04:00,16.200366590533477,16.22865573554964,16.006702158449222,16.026287078857422,26400,0.0,0.0,0.0
2001-10-25 00:00:00-04:00,15.982757556506037,16.145957946777344,15.971878526584081,16.145957946777344,27600,0.0,0.0,0.0
2001-10-26 00:00:00-04:00,16.156839279188805,16.156839279188805,16.037158324167738,16.0915584564209,106800,0.0,0.0,0.0
2001-10-29 00:00:00-05:00,16.1459579937494,16.178598403930664,16.04586195331102,16.178598403930664,57200,0.0,0.0,0.0
2001-10-30 00:00:00-05:00,16.16772391482554,16.189483641004387,16.048042930600854,16.106794357299805,6000,0.0,0.0,0.0
2001-10-31 00:00:00-05:00,16.145958109524546,16.252583560891914,16.145958109524546,16.193830490112305,2800,0.0,0.0,0.0
2001-11-01 00:00:00-05:00,16.352677204107056,16.56157347590838,16.322213268229365,16.509349822998047,132600,0.0,0.0,0.0
2001-11-02 00:00:00-05:00,16.537635033694126,16.537635033694126,16.348322034993007,16.363554000854492,8400,0.0,0.0,0.0
2001-11-05 00:00:00-05:00,16.40707773860158,16.483237580207497,16.37443733215332,16.37443733215332,10200,0.0,0.0,0.0
2001-11-06 00:00:00-05:00,16.341806632714484,16.633392333984375,16.341806632714484,16.633392333984375,69200,0.0,0.0,0.0
2001-11-07 00:00:00-05:00,16.64643866653515,16.770470888232342,16.629030227661133,16.629030227661133,153400,0.0,0.0,0.0
2001-11-08 00:00:00-05:00,16.668193082146438,16.67907376802109,16.60726522563137,16.626850128173828,19200,0.0,0.0,0.0
2001-11-09 00:00:00-05:00,16.635561336690948,16.635561336690948,16.428841478835995,16.568105697631836,35000,0.0,0.0,0.0
2001-11-12 00:00:00-05:00,16.47236319313022,16.64644432067871,16.385324289516646,16.64644432067871,18000,0.0,0.0,0.0
2001-11-13 00:00:00-05:00,16.72260768273805,16.80747179359154,16.70955217650244,16.746543884277344,36000,0.0,0.0,0.0
2001-11-14 00:00:00-05:00,16.842285209363933,16.940204806214382,16.79876409730543,16.93802833557129,28200,0.0,0.0,0.0
2001-11-15 00:00:00-05:00,16.92931684844795,17.057700325977244,16.92714037895226,16.98371696472168,10000,0.0,0.0,0.0
2001-11-16 00:00:00-05:00,17.081641463294606,17.153450036037366,16.98372188967104,17.10340118408203,72600,0.0,0.0,0.0
2001-11-19 00:00:00-05:00,17.136046621572707,17.14039790294237,17.02724632556272,17.062063217163086,8400,0.0,0.0,0.0
2001-11-20 00:00:00-05:00,17.012010000978634,17.09687407735592,16.990250279372212,17.049001693725586,4600,0.0,0.0,0.0
2001-11-21 00:00:00-05:00,16.972841838022937,17.049001693725586,16.970665367814192,17.049001693725586,12800,0.0,0.0,0.0
2001-11-23 00:00:00-05:00,17.07076344760417,17.168684696731095,17.07076344760417,17.14692497253418,55800,0.0,0.0,0.0
2001-11-26 00:00:00-05:00,17.125156641401,17.233956878411576,17.125156641401,17.155620574951172,31800,0.0,0.0,0.0
2001-11-27 00:00:00-05:00,17.14692753823885,17.179566299337708,17.081646695719556,17.092527389526367,14800,0.0,0.0,0.0
2001-11-28 00:00:00-05:00,17.201323686732607,17.223083409125152,17.114283137002012,17.15780258178711,15000,0.0,0.0,0.0
2001-11-29 00:00:00-05:00,17.1795597076416,17.22308080600927,17.059880422490853,17.1795597076416,15600,0.0,0.0,0.0
2001-11-30 00:00:00-05:00,17.179556737266243,17.255718231201172,17.14909280375622,17.255718231201172,9400,0.0,0.0,0.0
2001-12-03 00:00:00-05:00,17.136042330998357,17.227434158325195,17.136042330998357,17.227434158325195,40200,0.0,0.0,0.0
2001-12-04 00:00:00-05:00,17.22308535523493,17.38628578186035,17.22308535523493,17.38628578186035,36000,0.0,0.0,0.0
2001-12-05 00:00:00-05:00,17.386274765509455,17.558179305184762,17.386274765509455,17.464611053466797,79000,0.0,0.0,0.0
2001-12-06 00:00:00-05:00,17.46244164243609,17.593001621749366,17.451560952426565,17.501609802246094,19000,0.0,0.0,0.0
2001-12-07 00:00:00-05:00,17.51684644993422,17.590829849243164,17.475501809049426,17.590829849243164,18000,0.0,0.0,0.0
2001-12-10 00:00:00-05:00,17.59299482203061,17.59299482203061,17.3558111449687,17.4276180267334,18000,0.0,0.0,0.0
2001-12-11 00:00:00-05:00,17.37975342968522,17.538600873194234,17.37975342968522,17.50596046447754,13400,0.0,0.0,0.0
2001-12-12 00:00:00-05:00,17.560370284557404,17.560370284557404,17.2883694953904,17.375410079956055,58200,0.0,0.0,0.0
2001-12-13 00:00:00-05:00,17.25571916573616,17.331879003635887,17.214374542236328,17.214374542236328,75000,0.0,0.0,0.0
2001-12-14 00:00:00-05:00,17.285949153887515,17.38314864052949,17.19979567632189,17.296995162963867,18800,0.592,0.0,0.0
2001-12-17 00:00:00-05:00,17.451636783349603,17.537790298461914,17.398619624523203,17.537790298461914,34200,0.0,0.0,0.0
2001-12-18 00:00:00-05:00,17.56208359631078,17.584173930424218,17.50685691833496,17.50685691833496,45000,0.0,0.0,0.0
2001-12-19 00:00:00-05:00,17.506865353467667,17.506865353467667,17.407457959368646,17.5002384185791,15800,0.0,0.0,0.0
2001-12-20 00:00:00-05:00,17.40745488492046,17.495816248342255,17.356645584106445,17.356645584106445,122400,0.0,0.0,0.0
2001-12-21 00:00:00-05:00,17.416282404974705,17.440582275390625,17.31908460869529,17.440582275390625,17400,0.0,0.0,0.0
2001-12-24 00:00:00-05:00,17.49139411518249,17.573130208125438,17.49139411518249,17.562084197998047,7000,0.0,0.0,0.0
2001-12-26 00:00:00-05:00,17.562079059410653,17.6504420584216,17.495806388806436,17.584169387817383,61000,0.0,0.0,0.0
2001-12-27 00:00:00-05:00,17.694635596451995,17.760908315300963,17.573137859075892,17.62836456298828,38600,0.0,0.0,0.0
2001-12-28 00:00:00-05:00,17.661489539828683,17.72776222229004,17.570918671541442,17.72776222229004,57200,0.0,0.0,0.0
2001-12-31 00:00:00-05:00,17.562091844139317,17.871361723125737,17.462684451251118,17.62836456298828,198600,0.0,0.0,0.0
2002-01-02 00:00:00-05:00,17.67253554870035,17.72776222229004,17.367684917223627,17.72776222229004,94400,0.0,0.0,0.0
2002-01-03 00:00:00-05:00,17.716716817233088,17.85809697161041,17.716716817233088,17.782989501953125,105200,0.0,0.0,0.0
2002-01-04 00:00:00-05:00,17.827174824199858,17.827174824199858,17.696840645030562,17.780784606933594,19000,0.0,0.0,0.0
2002-01-07 00:00:00-05:00,17.72776714047856,17.80287462841302,17.696840329519098,17.734394073486328,19200,0.0,0.0,0.0
2002-01-08 00:00:00-05:00,17.628361903085235,17.73881529424395,17.628361903085235,17.705678939819336,29400,0.0,0.0,0.0
2002-01-09 00:00:00-05:00,17.73659376054668,17.738803298783505,17.692411422729492,17.692411422729492,10200,0.0,0.0,0.0
2002-01-10 00:00:00-05:00,17.68359075625626,17.68359075625626,17.639408383171045,17.648244857788086,9000,0.0,0.0,0.0
2002-01-11 00:00:00-05:00,17.57313735162102,17.65045439778865,17.57313735162102,17.648244857788086,13000,0.0,0.0,0.0
2002-01-14 00:00:00-05:00,17.628361076798672,17.707887649536133,17.520115545059678,17.707887649536133,25400,0.0,0.0,0.0
2002-01-15 00:00:00-05:00,17.760905635398693,17.760905635398693,17.674752125125696,17.705678939819336,16600,0.0,0.0,0.0
2002-01-16 00:00:00-05:00,17.71672134218061,17.794040055896403,17.67254066467285,17.67254066467285,5800,0.0,0.0,0.0
2002-01-17 00:00:00-05:00,17.650445767212073,17.716716766357422,17.630563287699403,17.716716766357422,9400,0.0,0.0,0.0
2002-01-18 00:00:00-05:00,17.72776486292442,17.72776486292442,17.584175153125997,17.650447845458984,15200,0.0,0.0,0.0
2002-01-22 00:00:00-05:00,17.59522580670083,17.692423646284148,17.59522580670083,17.681379318237305,6000,0.0,0.0,0.0
2002-01-23 00:00:00-05:00,17.672538181108454,17.672538181108454,17.628357509809515,17.650447845458984,33800,0.0,0.0,0.0
2002-01-24 00:00:00-05:00,17.62836207208537,17.62836207208537,17.573135375976562,17.573135375976562,16200,0.0,0.0,0.0
2002-01-25 00:00:00-05:00,17.575347634764373,17.606274457504835,17.520120924815632,17.599647521972656,24000,0.0,0.0,0.0
2002-01-28 00:00:00-05:00,17.63939472514443,17.63939472514443,17.520104938257166,17.606258392333984,31000,0.0,0.0,0.0
2002-01-29 00:00:00-05:00,17.62834717452064,17.62834717452064,17.486967086791992,17.486967086791992,30000,0.0,0.0,0.0
2002-01-30 00:00:00-05:00,17.573132999574973,17.661494353092014,17.495814287170383,17.659286499023438,13200,0.0,0.0,0.0
2002-01-31 00:00:00-05:00,17.617318039321034,17.66149872702105,17.55325486238637,17.648244857788086,27000,0.0,0.0,0.0
2002-02-01 00:00:00-05:00,17.672536100260523,17.716716766357422,17.608472954650953,17.716716766357422,19600,0.0,0.0,0.0
2002-02-04 00:00:00-05:00,17.672531440449433,17.73880410750469,17.62835078600188,17.71450424194336,27200,0.0,0.0,0.0
2002-02-05 00:00:00-05:00,17.628359987165094,17.705677015496075,17.584177624272524,17.67254066467285,20000,0.0,0.0,0.0
2002-02-06 00:00:00-05:00,17.606264867738574,17.639401212736228,17.475930712234856,17.562084197998047,84000,0.0,0.0,0.0
2002-02-07 00:00:00-05:00,17.661496741442644,17.661496741442644,17.517908679867755,17.573135375976562,9200,0.0,0.0,0.0
2002-02-08 00:00:00-05:00,17.551038187870656,17.562084197998047,17.473721173132475,17.562084197998047,22200,0.0,0.0,0.0
2002-02-11 00:00:00-05:00,17.65044521634134,17.72776222229004,17.606262866238993,17.72776222229004,11000,0.0,0.0,0.0
2002-02-12 00:00:00-05:00,17.749857693003833,17.749857693003833,17.67254066467285,17.67254066467285,11800,0.0,0.0,0.0
2002-02-13 00:00:00-05:00,17.694628612767897,17.738810969691144,17.639401930652273,17.725555419921875,6400,0.0,0.0,0.0
2002-02-14 00:00:00-05:00,17.760907356621818,17.838224400848773,17.758697816676715,17.80508804321289,15000,0.0,0.0,0.0
2002-02-15 00:00:00-05:00,17.827172719526846,17.924372221591184,17.827172719526846,17.904491424560547,96800,0.0,0.0,0.0
2002-02-19 00:00:00-05:00,17.816130231884312,17.904493271477367,17.80508421991588,17.833803176879883,56800,0.0,0.0,0.0
2002-02-20 00:00:00-05:00,17.8603090666292,17.904491424560547,17.74985569987777,17.904491424560547,37600,0.0,0.0,0.0
2002-02-21 00:00:00-05:00,17.959715537616972,17.959715537616972,17.782989501953125,17.782989501953125,14200,0.0,0.0,0.0
2002-02-22 00:00:00-05:00,17.794044107282456,17.99285888671875,17.78299809269813,17.99285888671875,7400,0.0,0.0,0.0
2002-02-25 00:00:00-05:00,18.01494603594188,18.048080699948837,17.948673337158475,18.023780822753906,38600,0.0,0.0,0.0
2002-02-26 00:00:00-05:00,18.04366385464804,18.07017327204362,17.981810232776493,18.041454315185547,64200,0.0,0.0,0.0
2002-02-27 00:00:00-05:00,18.023773689095098,18.045865703535558,17.981802569503184,18.00389289855957,25200,0.0,0.0,0.0
2002-02-28 00:00:00-05:00,18.037039595447805,18.04587606922291,17.948676543081778,17.997276306152344,12600,0.0,0.0,0.0
2002-03-01 00:00:00-05:00,18.037036193190463,18.180625915527344,18.006109383503716,18.180625915527344,72400,0.0,0.0,0.0
2002-03-04 00:00:00-05:00,18.21376507368066,18.37723731994629,18.13644803038483,18.37723731994629,352800,0.0,0.0,0.0
2002-03-05 00:00:00-05:00,18.43467259975079,18.686506228038624,18.43467259975079,18.615816116333008,68400,0.0,0.0,0.0
2002-03-06 00:00:00-05:00,18.699753134716325,18.763816282164054,18.547326967155016,18.746143341064453,110600,0.0,0.0,0.0
2002-03-07 00:00:00-05:00,18.777072330882433,18.796953127895218,18.679872828905374,18.754981994628906,135400,0.0,0.0,0.0
2002-03-08 00:00:00-05:00,18.81838579320196,18.81838579320196,18.69516948825652,18.762378692626953,55200,0.5915,0.0,0.0
2002-03-11 00:00:00-05:00,18.67725424893928,18.737741184081166,18.51371271300492,18.614524841308594,178800,0.0,0.0,0.0
2002-03-12 00:00:00-05:00,18.549548357719505,18.614515076152742,18.459936674458888,18.545066833496094,12400,0.0,0.0,0.0
2002-03-13 00:00:00-05:00,18.482344218596552,18.63468360900879,18.462182481683733,18.63468360900879,58800,0.0,0.0,0.0
2002-03-14 00:00:00-05:00,18.57195557503474,18.81838648478093,18.57195557503474,18.73997688293457,98600,0.0,0.0,0.0
2002-03-15 00:00:00-05:00,18.75117808501142,18.907999004655014,18.748939031434535,18.840789794921875,72200,0.0,0.0,0.0
2002-03-18 00:00:00-05:00,18.851984705984336,18.854225467907387,18.751170929853608,18.82958221435547,19000,0.0,0.0,0.0
2002-03-19 00:00:00-05:00,18.831828044630498,18.94160319876083,18.818386886655833,18.919198989868164,21800,0.0,0.0,0.0
2002-03-20 00:00:00-05:00,18.81838041444897,18.89678999100239,18.811659837773043,18.885589599609375,12400,0.0,0.0,0.0
2002-03-21 00:00:00-05:00,18.88558375881486,18.952791213989258,18.820615355706238,18.952791213989258,4000,0.0,0.0,0.0
2002-03-22 00:00:00-05:00,19.020003220704503,19.087210685922354,18.995359970697866,19.040164947509766,22600,0.0,0.0,0.0
2002-03-25 00:00:00-05:00,18.93040150483233,18.975206505186954,18.840789794921875,18.840789794921875,140800,0.0,0.0,0.0
2002-03-26 00:00:00-05:00,18.97519653271078,19.064808195525533,18.97519653271078,18.999839782714844,9200,0.0,0.0,0.0
2002-03-27 00:00:00-05:00,19.064813050532887,19.14098358154297,19.064813050532887,19.14098358154297,13000,0.0,0.0,0.0
2002-03-28 00:00:00-05:00,19.165622885899595,19.18802537538882,19.053608729253074,19.08721160888672,34400,0.0,0.0,0.0
2002-04-01 00:00:00-05:00,18.96399847693172,19.109617233276367,18.95503713862738,19.109617233276367,4600,0.0,0.0,0.0
2002-04-02 00:00:00-05:00,19.143224716186523,19.199231812148685,19.114101641598534,19.143224716186523,13400,0.0,0.0,0.0
2002-04-03 00:00:00-05:00,19.163383419631884,19.163383419631884,19.05361001727374,19.136499404907227,31000,0.0,0.0,0.0
2002-04-04 00:00:00-05:00,19.15442207870166,19.199227060702633,19.132019587701176,19.17682456970215,10000,0.0,0.0,0.0
2002-04-05 00:00:00-05:00,19.297796562727303,19.40084936994918,19.297796562727303,19.353803634643555,119400,0.0,0.0,0.0
2002-04-08 00:00:00-04:00,19.356053803092735,19.53527549480594,19.34933322466863,19.528554916381836,30600,0.0,0.0,0.0
2002-04-09 00:00:00-04:00,19.55767646480308,19.680891036987305,19.535272261496186,19.680891036987305,114600,0.0,0.0,0.0
2002-04-10 00:00:00-04:00,19.72569512496422,19.972125945934025,19.72569512496422,19.904916763305664,48800,0.0,0.0,0.0
2002-04-11 00:00:00-04:00,19.804107050531165,19.89371873494457,19.71673612825829,19.813068389892578,96600,0.0,0.0,0.0
2002-04-12 00:00:00-04:00,19.78170219870266,20.02589225769043,19.78170219870266,20.02589225769043,64200,0.0,0.0,0.0
2002-04-15 00:00:00-04:00,19.983325478331306,19.983325478331306,19.781701357509927,19.925079345703125,107200,0.0,0.0,0.0
2002-04-16 00:00:00-04:00,19.904919791478065,19.904919791478065,19.602481842041016,19.602481842041016,122200,0.0,0.0,0.0
2002-04-17 00:00:00-04:00,19.54647717886252,19.622646011635887,19.232837088593584,19.349332809448242,285400,0.0,0.0,0.0
2002-04-18 00:00:00-04:00,19.434459686279297,19.57559693381841,19.36725049647932,19.434459686279297,164800,0.0,0.0,0.0
2002-04-19 00:00:00-04:00,19.512862272120138,19.512862272120138,19.21266520616756,19.33139991760254,37600,0.0,0.0,0.0
2002-04-22 00:00:00-04:00,19.288841970435403,19.288841970435403,19.035690532171945,19.105138778686523,144800,0.0,0.0,0.0
2002-04-23 00:00:00-04:00,18.98640160901206,19.053610793963127,18.751171170883893,18.81838035583496,68400,0.0,0.0,0.0
2002-04-24 00:00:00-04:00,18.941588981872858,19.03119891338081,18.887820971928228,18.939348220825195,191200,0.0,0.0,0.0
2002-04-25 00:00:00-04:00,18.896790824258876,19.028968438449244,18.896790824258876,19.0267276763916,10000,0.0,0.0,0.0
2002-04-26 00:00:00-04:00,19.06481048631157,19.06481048631157,18.907991339442937,18.96175765991211,12800,0.0,0.0,0.0
2002-04-29 00:00:00-04:00,18.94159761293742,18.94159761293742,18.818381337168553,18.851985931396484,6800,0.0,0.0,0.0
2002-04-30 00:00:00-04:00,18.94160053808348,19.154426819059328,18.94160053808348,19.143224716186523,56400,0.0,0.0,0.0
2002-05-01 00:00:00-04:00,19.199224173980383,19.311238321341296,19.042405051355203,19.30451774597168,117600,0.0,0.0,0.0
2002-05-02 00:00:00-04:00,19.266434878472328,19.5464702691478,19.266434878472328,19.54422950744629,38000,0.0,0.0,0.0
2002-05-03 00:00:00-04:00,19.501665290319877,19.59127524797572,19.347085207722895,19.54422950744629,71800,0.0,0.0,0.0
2002-05-06 00:00:00-04:00,19.557680065946347,19.557680065946347,19.382936477661133,19.382936477661133,32200,0.0,0.0,0.0
2002-05-07 00:00:00-04:00,19.40085778990602,19.40085778990602,19.199231901662003,19.27764320373535,49400,0.0,0.0,0.0
2002-05-08 00:00:00-04:00,19.344848728049907,19.344848728049907,19.04913135840688,19.210432052612305,146000,0.0,0.0,0.0
2002-05-09 00:00:00-04:00,19.143223594772493,19.154425696989076,18.986404418945312,18.986404418945312,66800,0.0,0.0,0.0
2002-05-10 00:00:00-04:00,19.00880410092889,19.00880410092889,18.73325020287077,18.81838035583496,86600,0.0,0.0,0.0
2002-05-13 00:00:00-04:00,18.82958170222066,18.98640084855805,18.82958170222066,18.934873580932617,18000,0.0,0.0,0.0
2002-05-14 00:00:00-04:00,18.89679326129622,19.03120994567871,18.8430269293834,19.03120994567871,10600,0.0,0.0,0.0
2002-05-15 00:00:00-04:00,19.076015152187548,19.176827230276558,19.055851711049304,19.14098358154297,29800,0.0,0.0,0.0
2002-05-16 00:00:00-04:00,19.120816330215945,19.161141495256135,18.975197583726345,19.06032943725586,109600,0.0,0.0,0.0
2002-05-17 00:00:00-04:00,19.042403448500735,19.158897399902344,19.042403448500735,19.158897399902344,59400,0.0,0.0,0.0
2002-05-20 00:00:00-04:00,19.120822082837073,19.127542660832297,19.020009994506836,19.020009994506836,18400,0.0,0.0,0.0
2002-05-21 00:00:00-04:00,19.04240286342184,19.04240286342184,18.88558375881486,18.952791213989258,24600,0.0,0.0,0.0
2002-05-22 00:00:00-04:00,18.88559390355864,18.95056063236528,18.840787200173576,18.863189697265625,20600,0.0,0.0,0.0
2002-05-23 00:00:00-04:00,18.975191455836693,19.311233819582558,18.901263434804484,19.286590576171875,64600,0.0,0.0,0.0
2002-05-24 00:00:00-04:00,19.199236910450367,19.35605784630832,19.165634011310658,19.300050735473633,27600,0.0,0.0,0.0
2002-05-28 00:00:00-04:00,19.31123741005441,19.378446578979492,19.181302304239505,19.378446578979492,20400,0.0,0.0,0.0
2002-05-29 00:00:00-04:00,19.412053993841056,19.557672741610748,19.300039835433665,19.546470642089844,130000,0.0,0.0,0.0
2002-05-30 00:00:00-04:00,19.490466531306446,19.55767572026708,19.356049862585845,19.445661544799805,15800,0.0,0.0,0.0
2002-05-31 00:00:00-04:00,19.53527137431435,19.609201139787853,19.490466388136827,19.512868881225586,28200,0.0,0.0,0.0
2002-06-03 00:00:00-04:00,19.468064577658943,19.566635892545836,19.378452892961175,19.490467071533203,26800,0.0,0.0,0.0
2002-06-04 00:00:00-04:00,19.40085470658112,19.544232713389984,19.40085470658112,19.512868881225586,24600,0.0,0.0,0.0
2002-06-05 00:00:00-04:00,19.512861013723487,19.54646559440774,19.47925643303924,19.524063110351562,98000,0.0,0.0,0.0
2002-06-06 00:00:00-04:00,19.52407112578676,19.52407112578676,19.378452355839165,19.445661544799805,67200,0.0,0.0,0.0
2002-06-07 00:00:00-04:00,19.333645170832398,19.389652252197266,19.239551975147055,19.389652252197266,55200,0.0,0.0,0.0
2002-06-10 00:00:00-04:00,19.412057488372927,19.528551482039518,19.35605039908691,19.490467071533203,117600,0.0,0.0,0.0
2002-06-11 00:00:00-04:00,19.546470883228437,19.591275863463974,19.450138637441643,19.535268783569336,107200,0.0,0.0,0.0
2002-06-12 00:00:00-04:00,19.535272432591018,19.60248162469886,19.400855757576092,19.492708206176758,36000,0.0,0.0,0.0
2002-06-13 00:00:00-04:00,19.557677931468174,19.580080427254334,19.45686413662916,19.501670837402344,17200,0.0,0.0,0.0
2002-06-14 00:00:00-04:00,19.48279943108922,19.528267916621946,19.369130818925466,19.421419143676758,61800,0.6335,0.0,0.0
2002-06-17 00:00:00-04:00,19.437333331941055,19.562369503293116,19.437333331941055,19.51690101623535,75400,0.0,0.0,0.0
2002-06-18 00:00:00-04:00,19.59646722725649,19.616928478505553,19.46461296081543,19.46461296081543,35200,0.0,0.0,0.0
2002-06-19 00:00:00-04:00,19.505536791535555,19.61920541681386,19.385046591806265,19.494169235229492,30000,0.0,0.0,0.0
2002-06-20 00:00:00-04:00,19.437337148503367,19.64194104432414,19.437337148503367,19.566919326782227,53200,0.0,0.0,0.0
2002-06-21 00:00:00-04:00,19.73287619020732,19.766975393946378,19.641940933196373,19.741968154907227,72200,0.0,0.0,0.0
2002-06-24 00:00:00-04:00,19.73287586366945,19.789710181555083,19.641940608163292,19.669219970703125,58400,0.0,0.0,0.0
2002-06-25 00:00:00-04:00,19.67603642683665,19.835171781737227,19.67603642683665,19.778337478637695,35400,0.0,0.0,0.0
2002-06-26 00:00:00-04:00,19.75561254554351,19.766978370352682,19.462347208108906,19.71014404296875,97400,0.0,0.0,0.0
2002-06-27 00:00:00-04:00,19.66466751521474,19.787429809570312,19.59646566242437,19.787429809570312,109200,0.0,0.0,0.0
2002-06-28 00:00:00-04:00,19.75560092856036,19.88518304941907,19.732867557864008,19.823801040649414,241000,0.0,0.0,0.0
2002-07-01 00:00:00-04:00,19.857910030487627,19.857910030487627,19.55327892363193,19.696500778198242,144800,0.0,0.0,0.0
2002-07-02 00:00:00-04:00,19.641938794980405,19.66467217314695,19.303206777295816,19.494169235229492,106000,0.0,0.0,0.0
2002-07-03 00:00:00-04:00,19.46006232416928,19.46006232416928,19.10314301979052,19.232725143432617,99400,0.0,0.0,0.0
2002-07-05 00:00:00-04:00,19.335036751762093,19.505539715236377,19.17589961185193,19.312301635742188,71600,0.0,0.0,0.0
2002-07-08 00:00:00-04:00,19.482797060406355,19.482797060406355,19.141791265408962,19.198625564575195,74000,0.0,0.0,0.0
2002-07-09 00:00:00-04:00,19.187252624255397,19.244086902328167,19.00538224064473,19.00765609741211,31400,0.0,0.0,0.0
2002-07-10 00:00:00-04:00,19.050858905899112,19.153159956696832,18.732586464774148,18.766687393188477,153400,0.0,0.0,0.0
2002-07-11 00:00:00-04:00,18.641649799790763,18.73258502375194,18.096040190468837,18.42568016052246,140200,0.0,0.0,0.0
2002-07-12 00:00:00-04:00,18.573456463132242,18.616651104566362,18.24381807640241,18.357486724853516,119200,0.0,0.0,0.0
2002-07-15 00:00:00-04:00,18.209713522253534,18.25518201328079,17.800507509681722,18.218807220458984,682200,0.0,0.0,0.0
2002-07-16 00:00:00-04:00,18.24381040968138,18.616643281167224,18.23244285583496,18.23244285583496,144400,0.0,0.0,0.0
2002-07-17 00:00:00-04:00,18.550719657002535,18.57118091185972,18.06194421197166,18.25518226623535,120200,0.0,0.0,0.0
2002-07-18 00:00:00-04:00,18.096043166706135,18.13241795605118,17.780044555664062,17.780044555664062,99200,0.0,0.0,0.0
2002-07-19 00:00:00-04:00,17.550429325281076,17.550429325281076,17.3571930722193,17.45722198486328,90800,0.0,0.0,0.0
2002-07-22 00:00:00-04:00,17.64136566595399,17.732300889197877,16.6410816791615,17.186691284179688,335800,0.0,0.0,0.0
2002-07-23 00:00:00-04:00,17.232161960673924,17.334463015841738,16.55015030103425,16.58424949645996,649600,0.0,0.0,0.0
2002-07-24 00:00:00-04:00,15.913608802283829,16.925258953793588,15.856774485132815,16.686555862426758,368200,0.0,0.0,0.0
2002-07-25 00:00:00-04:00,16.550151028798204,17.300362846723893,16.481949166057042,17.129859924316406,370000,0.0,0.0,0.0
2002-07-26 00:00:00-04:00,17.504964510599773,17.732301712036133,17.436762656390783,17.732301712036133,493000,0.0,0.0,0.0
2002-07-29 00:00:00-04:00,18.050580255830994,18.584822513299688,18.050580255830994,18.516620635986328,139400,0.0,0.0,0.0
2002-07-30 00:00:00-04:00,18.36885510555206,19.005398524698396,18.232451333749413,18.80079460144043,365400,0.0,0.0,0.0
2002-07-31 00:00:00-04:00,18.68712384615328,18.89854758733326,18.414319802122385,18.889453887939453,153200,0.0,0.0,0.0
2002-08-01 00:00:00-04:00,18.778049516053798,18.789417068102313,18.45068517728461,18.628007888793945,313000,0.0,0.0,0.0
2002-08-02 00:00:00-04:00,18.459784152343904,18.482519265080324,18.130145831012815,18.218807220458984,405600,0.0,0.0,0.0
2002-08-05 00:00:00-04:00,18.1301480309314,18.17334266903715,17.868709812749813,17.90508460998535,395600,0.0,0.0,0.0
2002-08-06 00:00:00-04:00,17.914177019175426,18.0710385512311,17.914177019175426,17.950550079345703,359200,0.0,0.0,0.0
2002-08-07 00:00:00-04:00,18.177881942897738,18.32337760925293,17.98464567362398,18.32337760925293,232200,0.0,0.0,0.0
2002-08-08 00:00:00-04:00,18.312011194604903,18.441593322439655,18.243809344399203,18.327924728393555,87800,0.0,0.0,0.0
2002-08-09 00:00:00-04:00,18.209710944595585,18.209710944595585,17.93690697483088,18.098316192626953,104000,0.0,0.0,0.0
2002-08-12 00:00:00-04:00,17.93690155570371,18.309734344482422,17.93690155570371,18.309734344482422,426000,0.0,0.0,0.0
2002-08-13 00:00:00-04:00,18.391574516885722,18.448408800476564,18.086941854927563,18.10512924194336,174800,0.0,0.0,0.0
2002-08-14 00:00:00-04:00,18.027842058296557,18.23699188232422,17.93690682432291,18.23699188232422,96600,0.0,0.0,0.0
2002-08-15 00:00:00-04:00,18.2369942051937,18.346115112304688,18.20971311119318,18.346115112304688,79000,0.0,0.0,0.0
2002-08-16 00:00:00-04:00,18.18697533302635,18.57344786507511,18.18697533302635,18.55071449279785,112200,0.0,0.0,0.0
2002-08-19 00:00:00-04:00,18.5507130361153,18.564354445966572,18.4484120016782,18.523433685302734,76400,0.0,0.0,0.0
2002-08-20 00:00:00-04:00,18.539350991145888,18.539350991145888,18.35975437915076,18.448415756225586,21200,0.0,0.0,0.0
2002-08-21 00:00:00-04:00,18.527984861335877,18.56208579385933,18.43477576140146,18.539352416992188,34800,0.0,0.0,0.0
2002-08-22 00:00:00-04:00,18.539351675445882,18.618919358521037,18.51661656504263,18.59391212463379,26800,0.0,0.0,0.0
2002-08-23 00:00:00-04:00,18.593909675078123,18.673477347671064,18.527981679373923,18.584815979003906,21200,0.0,0.0,0.0
2002-08-26 00:00:00-04:00,18.66438677556037,18.743954461471002,18.441597255010606,18.714401245117188,23000,0.0,0.0,0.0
2002-08-27 00:00:00-04:00,18.846263103523317,18.846263103523317,18.72577460828418,18.80079460144043,40800,0.0,0.0,0.0
2002-08-28 00:00:00-04:00,18.73258400078988,18.9576473236084,18.675749705723433,18.9576473236084,63400,0.0,0.0,0.0
2002-08-29 00:00:00-04:00,18.778054706270336,18.900817017656884,18.778054706270336,18.868989944458008,44000,0.0,0.0,0.0
2002-08-30 00:00:00-04:00,18.891719333197916,19.014481618674846,18.891719333197916,18.9576473236084,15800,0.0,0.0,0.0
2002-09-03 00:00:00-04:00,18.937191203798378,18.937191203798378,18.693940446696942,18.75986671447754,46600,0.0,0.0,0.0
2002-09-04 00:00:00-04:00,18.75532313477081,18.846258381707298,18.732589756648082,18.8076114654541,22000,0.0,0.0,0.0
2002-09-05 00:00:00-04:00,18.800788011682414,18.80988170891161,18.687119397985555,18.743953704833984,35800,0.0,0.0,0.0
2002-09-06 00:00:00-04:00,18.834882594823092,18.834882594823092,18.718940162283275,18.74849510192871,17000,0.0,0.0,0.0
2002-09-09 00:00:00-04:00,18.7098585645594,18.782606423719237,18.671209909344977,18.780332565307617,8600,0.0,0.0,0.0
2002-09-10 00:00:00-04:00,18.743947387624114,18.868983514328313,18.70984820256371,18.74849510192871,15200,0.0,0.0,0.0
2002-09-11 00:00:00-04:00,18.755321814517593,18.83488949956888,18.743954259033647,18.77805519104004,29000,0.0,0.0,0.0
2002-09-12 00:00:00-04:00,18.664386437269012,18.74395412173748,18.582544894831322,18.641653060913086,46400,0.0,0.0,0.0
2002-09-13 00:00:00-04:00,18.575695646170658,18.748653699638094,18.56416440550471,18.714061737060547,22200,0.582,0.0,0.0
2002-09-16 00:00:00-04:00,18.725594007748423,18.750961333456093,18.587227896246944,18.691003799438477,142800,0.0,0.0,0.0
2002-09-17 00:00:00-04:00,18.748651110870263,18.748651110870263,18.50881576538086,18.50881576538086,21600,0.0,0.0,0.0
2002-09-18 00:00:00-04:00,18.598758251991413,18.598758251991413,18.414268939170697,18.506513595581055,70000,0.0,0.0,0.0
2002-09-19 00:00:00-04:00,18.40273695038384,18.483450353967402,18.298961066273336,18.368144989013672,36400,0.0,0.0,0.0
2002-09-20 00:00:00-04:00,18.460391409830482,18.48345213315697,18.384289439374697,18.44886016845703,58400,0.0,0.0,0.0
2002-09-23 00:00:00-04:00,18.37967602824172,18.446553356715743,18.29896261781459,18.39581871032715,52200,0.0,0.0,0.0
2002-09-24 00:00:00-04:00,18.241306760986344,18.301266038065766,18.172124603820937,18.19287872314453,282200,0.0,0.0,0.0
2002-09-25 00:00:00-04:00,18.218245882124357,18.26436731983006,18.0337566124614,18.146757125854492,42000,0.0,0.0,0.0
2002-09-26 00:00:00-04:00,18.218250252380486,18.358922958374023,18.16982220334639,18.358922958374023,35600,0.0,0.0,0.0
2002-09-27 00:00:00-04:00,18.26437040154915,18.368146293027035,18.151371628510017,18.229780197143555,100200,0.0,0.0,0.0
2002-09-30 00:00:00-04:00,18.102935893952687,18.102935893952687,17.94150914388911,18.0222225189209,134000,0.0,0.0,0.0
2002-10-01 00:00:00-04:00,18.056813614528178,18.056813614528178,17.82620297709829,17.971487045288086,95000,0.0,0.0,0.0
2002-10-02 00:00:00-04:00,17.976108693575984,17.999171177953137,17.733968442400705,17.7685604095459,124000,0.0,0.0,0.0
2002-10-03 00:00:00-04:00,17.7570252281598,17.84926986694336,17.71090378847809,17.84926986694336,12200,0.0,0.0,0.0
2002-10-04 00:00:00-04:00,17.849266201437814,17.849266201437814,17.422636814023647,17.46645164489746,180800,0.0,0.0,0.0
2002-10-07 00:00:00-04:00,17.50336416750326,17.50336416750326,16.94989776611328,16.94989776611328,96400,0.0,0.0,0.0
2002-10-08 00:00:00-04:00,17.01908179887456,17.01908179887456,16.52326810885376,16.742347717285156,231800,0.0,0.0,0.0
2002-10-09 00:00:00-04:00,16.65009784437556,16.65009784437556,16.31571291248165,16.345691680908203,179200,0.0,0.0,0.0
2002-10-10 00:00:00-04:00,16.258065273780197,16.811531677537804,16.01592317231712,16.742347717285156,351000,0.0,0.0,0.0
2002-10-11 00:00:00-04:00,17.088263577262342,17.21279364698585,17.021386219850392,17.111324310302734,78800,0.0,0.0,0.0
2002-10-14 00:00:00-04:00,17.11131867548829,17.12284991792179,16.81152572584369,16.8968505859375,125400,0.0,0.0,0.0
2002-10-15 00:00:00-04:00,17.157437561555934,17.408802396584573,17.122845602394342,17.226619720458984,105600,0.0,0.0,0.0
2002-10-16 00:00:00-04:00,17.180501789262372,17.293500570137905,16.9383597851086,17.134380340576172,229600,0.0,0.0,0.0
2002-10-17 00:00:00-04:00,17.37651838209422,17.411110343933107,17.295804977416992,17.295804977416992,102800,0.0,0.0,0.0
2002-10-18 00:00:00-04:00,17.388059923616183,17.466466774775505,17.157449053964566,17.35346794128418,62800,0.0,0.0,0.0
2002-10-21 00:00:00-04:00,17.272743225097656,17.293497345310147,17.120539305858742,17.272743225097656,164400,0.0,0.0,0.0
2002-10-22 00:00:00-04:00,17.203563038909035,17.203563038909035,16.931442260742188,16.931442260742188,147000,0.0,0.0,0.0
2002-10-23 00:00:00-04:00,16.915303298809814,17.019079223485033,16.71928445365119,16.938364028930664,107400,0.0,0.0,0.0
2002-10-24 00:00:00-04:00,17.04213801694869,17.1689728979104,16.97295407502723,17.145912170410156,90000,0.0,0.0,0.0
2002-10-25 00:00:00-04:00,17.08825463921786,17.434170732155145,17.08825463921786,17.404191970825195,119400,0.0,0.0,0.0
2002-10-28 00:00:00-05:00,17.537959900197396,17.547182788038665,17.238165022130843,17.284286499023438,81600,0.0,0.0,0.0
2002-10-29 00:00:00-05:00,17.284276078018006,17.284276078018006,16.938359931618017,17.18050193786621,116800,0.0,0.0,0.0
2002-10-30 00:00:00-05:00,17.18050393394811,17.293502728929568,17.085952665091693,17.173585891723633,127800,0.0,0.0,0.0
2002-10-31 00:00:00-05:00,17.30733683380012,17.330397556040015,17.215092185420215,17.293498992919922,104600,0.0,0.0,0.0
2002-11-01 00:00:00-05:00,17.14590801360591,17.443396076672894,17.14590801360591,17.394968032836914,100800,0.0,0.0,0.0
2002-11-04 00:00:00-05:00,17.503350983325944,17.687838471878948,17.42263759712026,17.664777755737305,88200,0.0,0.0,0.0
2002-11-05 00:00:00-05:00,17.64172014825156,17.740882828612005,17.60482158838713,17.67400550842285,73400,0.0,0.0,0.0
2002-11-06 00:00:00-05:00,17.745500113054707,17.86080551147461,17.71090990106534,17.86080551147461,66400,0.0,0.0,0.0
2002-11-07 00:00:00-05:00,17.826214160065252,17.833132202020938,17.715520210512377,17.77778434753418,59000,0.0,0.0,0.0
2002-11-08 00:00:00-05:00,17.745499871181025,17.745499871181025,17.572541775908615,17.62788963317871,142400,0.0,0.0,0.0
2002-11-11 00:00:00-05:00,17.537949340060333,17.58407078918179,17.383438790720398,17.5148868560791,65000,0.0,0.0,0.0
2002-11-12 00:00:00-05:00,17.457235622549888,17.70860229168491,17.457235622549888,17.63019371032715,111000,0.0,0.0,0.0
2002-11-13 00:00:00-05:00,17.66478159180915,17.73857695513967,17.461844782505267,17.46415138244629,95400,0.0,0.0,0.0
2002-11-14 00:00:00-05:00,17.61866500247406,17.82160186767578,17.584073031511533,17.82160186767578,163000,0.0,0.0,0.0
2002-11-15 00:00:00-05:00,17.826211078561418,17.879250564000163,17.76855839300258,17.835433959960938,59000,0.0,0.0,0.0
2002-11-18 00:00:00-05:00,17.76855978801407,17.803149994528788,17.671701931511443,17.69015121459961,18000,0.0,0.0,0.0
2002-11-19 00:00:00-05:00,17.722434710078517,17.837740078080873,17.67400666664796,17.75702667236328,207000,0.0,0.0,0.0
2002-11-20 00:00:00-05:00,17.80315138007687,17.819294064180216,17.687845990932793,17.812376022338867,47000,0.0,0.0,0.0
2002-11-21 00:00:00-05:00,17.82621836935284,17.904625209258917,17.773177102800275,17.88387107849121,46200,0.0,0.0,0.0
2002-11-22 00:00:00-05:00,17.872334497357812,17.96919059753418,17.757029113503894,17.96919059753418,33800,0.0,0.0,0.0
2002-11-25 00:00:00-05:00,17.953049701676143,17.989948272705078,17.84466234855453,17.989948272705078,25200,0.0,0.0,0.0
2002-11-26 00:00:00-05:00,17.987643789453394,18.00839791853457,17.88386962520568,17.962276458740234,57000,0.0,0.0,0.0
2002-11-27 00:00:00-05:00,18.02223001182106,18.102943420410156,17.964577325768797,18.102943420410156,235400,0.0,0.0,0.0
2002-11-29 00:00:00-05:00,18.068351256203403,18.130617141723633,18.068351256203403,18.130617141723633,7800,0.0,0.0,0.0
2002-12-02 00:00:00-05:00,18.05682708731735,18.24131467926177,18.05682708731735,18.17213249206543,128800,0.0,0.0,0.0
2002-12-03 00:00:00-05:00,18.21824836730957,18.250533729991684,18.17673836394395,18.21824836730957,147800,0.0,0.0,0.0
2002-12-04 00:00:00-05:00,18.13753714690323,18.174433954664483,18.03376124626988,18.05682373046875,28600,0.0,0.0,0.0
2002-12-05 00:00:00-05:00,18.102949442674422,18.123703572035694,18.033765492628312,18.068357467651367,109200,0.0,0.0,0.0
2002-12-06 00:00:00-05:00,17.987642015280574,18.091416169292746,17.953050044136273,18.089111328125,55600,0.0,0.0,0.0
2002-12-09 00:00:00-05:00,17.98764215616936,18.172131497436833,17.97841751316391,18.13523292541504,51600,0.0,0.0,0.0
2002-12-10 00:00:00-05:00,18.183662878114262,18.183662878114262,18.017622805540345,18.068357467651367,24200,0.0,0.0,0.0
2002-12-11 00:00:00-05:00,18.04759779762648,18.10755532587698,18.024537074497797,18.054515838623047,77400,0.0,0.0,0.0
2002-12-12 00:00:00-05:00,18.033760982909044,18.077577590942383,17.941518085142743,18.077577590942383,22200,0.0,0.0,0.0
2002-12-13 00:00:00-05:00,18.05917879768483,18.13938852220141,17.988404029094916,18.030868530273438,25000,0.881,0.0,0.0
2002-12-16 00:00:00-05:00,18.02378661751193,18.087482452392578,17.94121727604567,18.087482452392578,48400,0.0,0.0,0.0
2002-12-17 00:00:00-05:00,18.11815036013576,18.11815036013576,17.97660087617065,18.023784637451172,31400,0.0,0.0,0.0
2002-12-18 00:00:00-05:00,18.00020413371668,18.00020413371668,17.8138322179034,17.950660705566406,179200,0.0,0.0,0.0
2002-12-19 00:00:00-05:00,17.811462877639393,17.941215976168834,17.811462877639393,17.856287002563477,61000,0.0,0.0,0.0
2002-12-20 00:00:00-05:00,17.88224810938638,17.976612091064453,17.8232697208988,17.976612091064453,96200,0.0,0.0,0.0
2002-12-23 00:00:00-05:00,17.929420136972425,17.997835245585534,17.90582915466225,17.964807510375977,60400,0.0,0.0,0.0
2002-12-24 00:00:00-05:00,18.02143103996665,18.11815643310547,18.02143103996665,18.11815643310547,34400,0.0,0.0,0.0
2002-12-26 00:00:00-05:00,18.118154306836946,18.153539885659853,18.07097053527832,18.07097053527832,17200,0.0,0.0,0.0
2002-12-27 00:00:00-05:00,18.056813945745372,18.094559158186353,17.94357470866921,18.059173583984375,168000,0.0,0.0,0.0
2002-12-30 00:00:00-05:00,18.070970444217917,18.1039981842041,17.988401094252453,18.1039981842041,31800,0.0,0.0,0.0
2002-12-31 00:00:00-05:00,18.118146380384545,18.318672372119867,18.118146380384545,18.236103057861328,128400,0.0,0.0,0.0
2003-01-02 00:00:00-05:00,18.245538008168538,18.28328500890162,18.188919306944978,18.236103057861328,82200,0.0,0.0,0.0
2003-01-03 00:00:00-05:00,18.306883014766715,18.472023506578324,18.283292030186985,18.467304229736328,158600,0.0,0.0,0.0
2003-01-06 00:00:00-05:00,18.472019674305788,18.63715833198038,18.448426894743953,18.613567352294922,148400,0.0,0.0,0.0
2003-01-07 00:00:00-05:00,18.401247024536133,18.472021771504213,18.24554330115699,18.401247024536133,126800,0.0,0.0,0.0
2003-01-08 00:00:00-05:00,18.31868385292321,18.33047844813724,18.122875213623047,18.122875213623047,78800,0.0,0.0,0.0
2003-01-09 00:00:00-05:00,18.212516580695542,18.26677746304476,18.106356254204623,18.198362350463867,51600,0.0,0.0,0.0
2003-01-10 00:00:00-05:00,18.16533537705623,18.188926361726406,18.026147307588463,18.094560623168945,150400,0.0,0.0,0.0
2003-01-13 00:00:00-05:00,18.11815372370074,18.11815372370074,17.955372866847103,17.97896385192871,27200,0.0,0.0,0.0
2003-01-14 00:00:00-05:00,17.929422130342495,18.002554723597797,17.905831145409504,17.931781768798828,26800,0.0,0.0,0.0
2003-01-15 00:00:00-05:00,17.894033097128208,18.011989810754468,17.82326014887842,17.929420471191406,56400,0.0,0.0,0.0
2003-01-16 00:00:00-05:00,17.835056236093337,17.950653321176436,17.717099512574364,17.771360397338867,40000,0.0,0.0,0.0
2003-01-17 00:00:00-05:00,17.599145831455154,17.667560958908428,17.51657647069329,17.535449981689453,135200,0.0,0.0,0.0
2003-01-21 00:00:00-05:00,17.575555437833856,17.594428949469158,17.485908957381884,17.497703552246094,57400,0.0,0.0,0.0
2003-01-22 00:00:00-05:00,17.469390984134268,17.563754920406744,17.45759459216185,17.516572952270508,88200,0.0,0.0,0.0
2003-01-23 00:00:00-05:00,17.599138945139003,17.599138945139003,17.469387657533822,17.56139373779297,49400,0.0,0.0,0.0
2003-01-24 00:00:00-05:00,17.52601386081978,17.52601386081978,17.351438377476487,17.40097999572754,177400,0.0,0.0,0.0
2003-01-27 00:00:00-05:00,17.363226479462895,17.363226479462895,17.179214309090387,17.245269775390625,210200,0.0,0.0,0.0
2003-01-28 00:00:00-05:00,17.22168087815087,17.32548336625369,17.188653141004824,17.308969497680664,38600,0.0,0.0,0.0
2003-01-29 00:00:00-05:00,17.23347780712172,17.44579846685693,17.23347780712172,17.417490005493164,90800,0.0,0.0,0.0
2003-01-30 00:00:00-05:00,17.48118895901749,17.504779947650707,17.33964122734114,17.375028610229492,199000,0.0,0.0,0.0
2003-01-31 00:00:00-05:00,17.351434377520494,17.59442493477879,17.351434377520494,17.56375503540039,124000,0.0,0.0,0.0
2003-02-03 00:00:00-05:00,17.669915808874553,17.69114715308334,17.52836811451957,17.575550079345703,69600,0.0,0.0,0.0
2003-02-04 00:00:00-05:00,17.50477676373507,17.587347908748182,17.434003810708205,17.53072738647461,39000,0.0,0.0,0.0
2003-02-05 00:00:00-05:00,17.646329619100797,17.717102585561516,17.563758458414345,17.615659713745117,38200,0.0,0.0,0.0
2003-02-06 00:00:00-05:00,17.646329619100797,17.65812421357238,17.570837374949782,17.615659713745117,73600,0.0,0.0,0.0
2003-02-07 00:00:00-05:00,17.693506443028962,17.693506443028962,17.471747252982503,17.481184005737305,176200,0.0,0.0,0.0
2003-02-10 00:00:00-05:00,17.48118346128987,17.599140167236328,17.040026532971073,17.599140167236328,61600,0.0,0.0,0.0
2003-02-11 00:00:00-05:00,17.66991854788946,17.66991854788946,17.41041410136676,17.455236434936523,35400,0.0,0.0,0.0
2003-02-12 00:00:00-05:00,17.41041507680564,17.5236525362362,17.318408966064453,17.318408966064453,53400,0.0,0.0,0.0
2003-02-13 00:00:00-05:00,17.38681920678511,17.38681920678511,17.19808954123771,17.31132698059082,28800,0.0,0.0,0.0
2003-02-14 00:00:00-05:00,17.339639848716672,17.391541099509464,17.212246360373523,17.273584365844727,24000,0.0,0.0,0.0
2003-02-18 00:00:00-05:00,17.410409406936733,17.561393836925905,17.35614853371732,17.478822708129883,102000,0.0,0.0,0.0
2003-02-19 00:00:00-05:00,17.48118346128987,17.61093655778157,17.457592480075878,17.599140167236328,59600,0.0,0.0,0.0
2003-02-20 00:00:00-05:00,17.62273934407875,17.653409253809127,17.5519663675231,17.610944747924805,30600,0.0,0.0,0.0
2003-02-21 00:00:00-05:00,17.669914429353717,17.835053093229106,17.6014993257835,17.83033561706543,46400,0.0,0.0,0.0
2003-02-24 00:00:00-05:00,17.740690704666502,17.740690704666502,17.59914299476459,17.65576171875,80200,0.0,0.0,0.0
2003-02-25 00:00:00-05:00,17.57554899304118,17.820899154701028,17.497697136000983,17.81146240234375,52800,0.0,0.0,0.0
2003-02-26 00:00:00-05:00,17.78787354675053,17.799668138699033,17.707662042067916,17.72889518737793,53600,0.0,0.0,0.0
2003-02-27 00:00:00-05:00,17.799672390708913,17.870447158813477,17.73125906138552,17.870447158813477,55800,0.0,0.0,0.0
2003-02-28 00:00:00-05:00,17.882249172608514,17.967178201070453,17.870452774258588,17.903480529785156,37000,0.0,0.0,0.0
2003-03-03 00:00:00-05:00,17.92942764544056,17.976609629819734,17.86337214735878,17.88460350036621,106400,0.0,0.0,0.0
2003-03-04 00:00:00-05:00,17.811468468628103,17.882243235474146,17.752490096215425,17.776081085205078,49400,0.0,0.0,0.0
2003-03-05 00:00:00-05:00,17.717095668398787,17.787870407104492,17.64868056761697,17.787870407104492,49600,0.0,0.0,0.0
2003-03-06 00:00:00-05:00,17.740683566315944,17.764276341703848,17.639240751726557,17.684064865112305,64600,0.0,0.0,0.0
2003-03-07 00:00:00-05:00,17.66764716378721,17.74146202235305,17.59621571512067,17.73908042907715,28800,0.3455,0.0,0.0
2003-03-10 00:00:00-05:00,17.622408404843675,17.66764777892056,17.477162092554263,17.479543685913086,74600,0.0,0.0,0.0
2003-03-11 00:00:00-05:00,17.60811847306759,17.715268361417092,17.429537142441657,17.458110809326172,74200,0.0,0.0,0.0
2003-03-12 00:00:00-05:00,17.489064117038,17.52001937674534,17.34858101001408,17.381916046142578,25400,0.0,0.0,0.0
2003-03-13 00:00:00-05:00,17.584309915661276,17.65097999572754,17.48192320223853,17.65097999572754,63400,0.0,0.0,0.0
2003-03-14 00:00:00-05:00,17.64383876347462,17.667649249173916,17.548595004053812,17.567644119262695,30400,0.0,0.0,0.0
2003-03-17 00:00:00-05:00,17.56049897583616,17.917661666870117,17.493828897502897,17.917661666870117,83400,0.0,0.0,0.0
2003-03-18 00:00:00-05:00,18.02480593675932,18.02480593675932,17.87717988498175,17.97956657409668,77200,0.0,0.0,0.0
2003-03-19 00:00:00-05:00,18.07243230247065,18.21529701376373,17.98194992590712,18.212915420532227,72400,0.0,0.0,0.0
2003-03-20 00:00:00-05:00,18.16767441803695,18.3676846325685,17.991472867189778,18.36530303955078,47400,0.0,0.0,0.0
2003-03-21 00:00:00-05:00,18.417683373463277,18.712937264726364,18.403397451560767,18.66769790649414,98200,0.0,0.0,0.0
2003-03-24 00:00:00-05:00,18.548649217863165,18.548649217863165,18.146245343037013,18.212915420532227,140000,0.0,0.0,0.0
2003-03-25 00:00:00-05:00,18.222441342794404,18.410547256469727,18.222441342794404,18.410547256469727,78400,0.0,0.0,0.0
2003-03-26 00:00:00-05:00,18.453406669884,18.52245834509516,18.365305880830423,18.520076751708984,137000,0.0,0.0,0.0
2003-03-27 00:00:00-05:00,18.5010233598062,18.50816813831261,18.2629149417051,18.41530418395996,44400,0.0,0.0,0.0
2003-03-28 00:00:00-05:00,18.405776310170005,18.467683173634047,18.334343078022194,18.348628997802734,36600,0.0,0.0,0.0
2003-03-31 00:00:00-05:00,18.191483789323822,18.379589660545548,18.13433827674478,18.25101089477539,74600,0.0,0.0,0.0
2003-04-01 00:00:00-05:00,18.334340879990744,18.572449203107507,18.329579512842237,18.560543060302734,72400,0.0,0.0,0.0
2003-04-02 00:00:00-05:00,18.73913150912174,18.86056730926594,18.693892145635107,18.758180618286133,396200,0.0,0.0,0.0
2003-04-03 00:00:00-05:00,18.679604236311153,18.746276117782823,18.60579120974629,18.62007713317871,64800,0.0,0.0,0.0
2003-04-04 00:00:00-05:00,18.703416234407133,18.753418782251064,18.584362030029297,18.584362030029297,61000,0.0,0.0,0.0
2003-04-07 00:00:00-04:00,18.78674705268091,18.88437052049149,18.643882422169966,18.739124298095703,49600,0.0,0.0,0.0
2003-04-08 00:00:00-04:00,18.786751052302606,18.786751052302606,18.601026811436224,18.69150733947754,58000,0.0,0.0,0.0
2003-04-09 00:00:00-04:00,18.691514039707233,18.81056826925951,18.598651885986328,18.598651885986328,43600,0.0,0.0,0.0
2003-04-10 00:00:00-04:00,18.691510769618475,18.698653731482207,18.541503120610933,18.655794143676758,197800,0.0,0.0,0.0
2003-04-11 00:00:00-04:00,18.71770306035198,18.786754720216184,18.51769104270685,18.553407669067383,72400,0.0,0.0,0.0
2003-04-14 00:00:00-04:00,18.56054995934887,18.79865837097168,18.56054995934887,18.79865837097168,42800,0.0,0.0,0.0
2003-04-15 00:00:00-04:00,18.810560327014183,18.87961196899414,18.743890277274257,18.87961196899414,46400,0.0,0.0,0.0
2003-04-16 00:00:00-04:00,18.92962074279785,18.92962074279785,18.83675859769134,18.92962074279785,85600,0.0,0.0,0.0
2003-04-17 00:00:00-04:00,18.97723903887054,19.108199387490057,18.90818920045983,19.105817794799805,31200,0.0,0.0,0.0
2003-04-21 00:00:00-04:00,19.132014920346332,19.16534996032715,19.060583470368915,19.16534996032715,58200,0.0,0.0,0.0
2003-04-22 00:00:00-04:00,19.179634008409266,19.429646760097093,19.179634008409266,19.427265167236328,78400,0.0,0.0,0.0
2003-04-23 00:00:00-04:00,19.35583957872413,19.4891797532418,19.324886128674997,19.434415817260742,40000,0.0,0.0,0.0
2003-04-24 00:00:00-04:00,19.384407111382032,19.417742144451847,19.25106516247971,19.27487564086914,78400,0.0,0.0,0.0
2003-04-25 00:00:00-04:00,19.22725886471684,19.22725886471684,19.048677513032164,19.11772918701172,151400,0.0,0.0,0.0
2003-04-28 00:00:00-04:00,19.14391230022282,19.1915332450586,19.051050186157227,19.051050186157227,55800,0.0,0.0,0.0
2003-04-29 00:00:00-04:00,19.096296310424805,19.334404752283582,19.096296310424805,19.096296310424805,73600,0.0,0.0,0.0
2003-04-30 00:00:00-04:00,19.051056378474602,19.134393967336404,18.908191680908203,18.908191680908203,99800,0.0,0.0,0.0
2003-05-01 00:00:00-04:00,18.929622167801533,19.167730622742432,18.810567940331083,19.072486877441406,116000,0.0,0.0,0.0
2003-05-02 00:00:00-04:00,19.096302198559183,19.34631686624947,19.096302198559183,19.241548538208008,84400,0.0,0.0,0.0
2003-05-05 00:00:00-04:00,19.358210697105804,19.46535873413086,19.265348580584714,19.46535873413086,78800,0.0,0.0,0.0
2003-05-06 00:00:00-04:00,19.51298144788889,19.858239696533477,19.443931614782787,19.57489013671875,113400,0.0,0.0,0.0
2003-05-07 00:00:00-04:00,19.620139097688426,19.620139097688426,19.384412211354906,19.52013397216797,33400,0.0,0.0,0.0
2003-05-08 00:00:00-04:00,19.40583865624752,19.646328699169654,19.389171137428562,19.593944549560547,80400,0.0,0.0,0.0
2003-05-09 00:00:00-04:00,19.703464904647756,19.805851562315656,19.622508941972992,19.739181518554688,49200,0.0,0.0,0.0
2003-05-12 00:00:00-04:00,19.798709620258947,19.929668122484028,19.762993004516638,19.893953323364258,106800,0.0,0.0,0.0
2003-05-13 00:00:00-04:00,19.905863075531208,19.965390179116305,19.824907086634536,19.92729377746582,49400,0.0,0.0,0.0
2003-05-14 00:00:00-04:00,19.965395043565657,19.965395043565657,19.77728913241111,19.84157943725586,41000,0.0,0.0,0.0
2003-05-15 00:00:00-04:00,19.905861496835726,19.905861496835726,19.717755646430373,19.839191436767578,43800,0.0,0.0,0.0
2003-05-16 00:00:00-04:00,19.83442450452451,19.97014617919922,19.74156240167457,19.97014617919922,70000,0.0,0.0,0.0
2003-05-19 00:00:00-04:00,19.96538829632901,19.96538829632901,19.836809546715745,19.872526168823242,31800,0.0,0.0,0.0
2003-05-20 00:00:00-04:00,19.941585408873156,20.077307171229798,19.896344215879758,20.058258056640625,59000,0.0,0.0,0.0
2003-05-21 00:00:00-04:00,20.001105426582093,20.127302586828243,19.90824329671708,20.108253479003906,53400,0.0,0.0,0.0
2003-05-22 00:00:00-04:00,20.167783360062156,20.310649871826172,20.077302810351686,20.310649871826172,63400,0.0,0.0,0.0
2003-05-23 00:00:00-04:00,20.298737068804336,20.427315797264196,20.23682838844457,20.403505325317383,52400,0.0,0.0,0.0
2003-05-27 00:00:00-04:00,20.358272131617838,20.39398876184007,20.26302838989965,20.377321243286133,104000,0.0,0.0,0.0
2003-05-28 00:00:00-04:00,20.405887218961873,20.429699510002912,20.060630798339844,20.060630798339844,337800,0.0,0.0,0.0
2003-05-29 00:00:00-04:00,20.120164199545968,20.120164199545968,19.40583884334907,19.677282333374023,281000,0.0,0.0,0.0
2003-05-30 00:00:00-04:00,19.715378972319037,20.08444595336914,19.715378972319037,20.08444595336914,162000,0.0,0.0,0.0
2003-06-02 00:00:00-04:00,20.191595613892964,20.2630270530013,20.120162358161473,20.186832427978516,191800,0.0,0.0,0.0
2003-06-03 00:00:00-04:00,20.155878242950703,20.26540789884404,20.06301610389716,20.17730712890625,24600,0.0,0.0,0.0
2003-06-04 00:00:00-04:00,20.313021651865423,20.55827294836068,20.291592773510278,20.51541519165039,79600,0.0,0.0,0.0
2003-06-05 00:00:00-04:00,20.3582716007727,20.513042449951172,20.3582716007727,20.513042449951172,97400,0.0,0.0,0.0
2003-06-06 00:00:00-04:00,20.596382700163744,20.786870203230826,20.527331025717512,20.715436935424805,200400,0.0,0.0,0.0
2003-06-09 00:00:00-04:00,20.67970743673614,20.67970743673614,20.501126194939417,20.579702377319336,41200,0.0,0.0,0.0
2003-06-10 00:00:00-04:00,20.596376358950376,20.81067427976693,20.565422921296893,20.77495765686035,60200,0.0,0.0,0.0
2003-06-11 00:00:00-04:00,20.810670612027717,21.001156206252826,20.691616434403556,20.974964141845703,41200,0.0,0.0,0.0
2003-06-12 00:00:00-04:00,21.024972200583477,21.024972200583477,20.67018938076717,20.77495765686035,127600,0.0,0.0,0.0
2003-06-13 00:00:00-04:00,20.77351343257252,20.77351343257252,20.37253542823591,20.45466423034668,103200,0.622,0.0,0.0
2003-06-16 00:00:00-04:00,20.556115350799324,20.722787149062558,20.556115350799324,20.669645309448242,81600,0.0,0.0,0.0
2003-06-17 00:00:00-04:00,20.67689090774595,20.74694134466644,20.440170520951686,20.52471351623535,31600,0.0,0.0,0.0
2003-06-18 00:00:00-04:00,20.43533273905449,20.488474562094144,20.19861241829422,20.266246795654297,51600,0.0,0.0,0.0
2003-06-19 00:00:00-04:00,20.362874737095556,20.418430775297235,20.222773856840533,20.295238494873047,62400,0.0,0.0,0.0
2003-06-20 00:00:00-04:00,20.374944429571944,20.374944429571944,20.246921953326993,20.290401458740234,48400,0.0,0.0,0.0
2003-06-23 00:00:00-04:00,20.217941299790116,20.220357340537465,20.015038106591515,20.017454147338867,90800,0.0,0.0,0.0
2003-06-24 00:00:00-04:00,20.07301332484843,20.167218656844117,19.940160549343965,20.164804458618164,43200,0.0,0.0,0.0
2003-06-25 00:00:00-04:00,20.193780647989357,20.3628684368816,20.14788694430456,20.275909423828125,74800,0.0,0.0,0.0
2003-06-26 00:00:00-04:00,20.314559753178038,20.527127078972747,20.27108024043811,20.522294998168945,65400,0.0,0.0,0.0
2003-06-27 00:00:00-04:00,20.553692019379877,20.652729384058446,20.490889724748012,20.51262855529785,34000,0.0,0.0,0.0
2003-06-30 00:00:00-04:00,20.652728859069118,20.652728859069118,20.34354210200762,20.435331344604492,58200,0.0,0.0,0.0
2003-07-01 00:00:00-04:00,20.50780344115806,20.676889419555664,20.358040258220935,20.676889419555664,52200,0.0,0.0,0.0
2003-07-02 00:00:00-04:00,20.77351322229039,20.96433990210817,20.691386263910147,20.95467758178711,161600,0.0,0.0,0.0
2003-07-03 00:00:00-04:00,20.986074952608178,21.063371658325195,20.87496105332114,21.063371658325195,12800,0.0,0.0,0.0
2003-07-07 00:00:00-04:00,21.159995453046513,21.24937052806553,21.11893197651036,21.23246192932129,341000,0.0,0.0,0.0
2003-07-08 00:00:00-04:00,21.220379436981368,21.314584732055664,21.159991332810733,21.314584732055664,72800,0.0,0.0,0.0
2003-07-09 00:00:00-04:00,21.28077779967634,21.28077779967634,21.075458515100546,21.18415641784668,34400,0.0,0.0,0.0
2003-07-10 00:00:00-04:00,21.18415427209084,21.18415427209084,20.80733294831316,20.89912223815918,250800,0.0,0.0,0.0
2003-07-11 00:00:00-04:00,20.990910880508117,21.155166640623523,20.942599278768782,21.080284118652344,243200,0.0,0.0,0.0
2003-07-14 00:00:00-04:00,21.184141740165554,21.32665859427223,21.106845056837656,21.27834701538086,94600,0.0,0.0,0.0
2003-07-15 00:00:00-04:00,21.268696244737416,21.30251344393877,21.18898348537745,21.237293243408203,54200,0.0,0.0,0.0
2003-07-16 00:00:00-04:00,21.353239288984494,21.353239288984494,21.17932121105851,21.254201889038086,79000,0.0,0.0,0.0
2003-07-17 00:00:00-04:00,21.1841479421711,21.280769285343027,20.89911599340828,20.98849105834961,122200,0.0,0.0,0.0
2003-07-18 00:00:00-04:00,21.111687600349363,21.17932200142251,20.993327398471358,21.04888343811035,82000,0.0,0.0,0.0
2003-07-21 00:00:00-04:00,21.09960319195627,21.196224527041036,20.918438879759336,21.039215087890625,88000,0.0,0.0,0.0
2003-07-22 00:00:00-04:00,21.111690258083254,21.17932466767084,21.036807724983188,21.11893653869629,96800,0.0,0.0,0.0
2003-07-23 00:00:00-04:00,21.17207638502033,21.17207638502033,20.952262731746867,21.08511734008789,31600,0.0,0.0,0.0
2003-07-24 00:00:00-04:00,21.11168375549409,21.24212229505081,21.09235911787853,21.140668869018555,30000,0.0,0.0,0.0
2003-07-25 00:00:00-04:00,21.140666389214548,21.312170224311622,21.140666389214548,21.304922103881836,49200,0.0,0.0,0.0
2003-07-28 00:00:00-04:00,21.353236456970222,21.399130168242344,21.1865646805798,21.20830535888672,60000,0.0,0.0,0.0
2003-07-29 00:00:00-04:00,21.184142520136422,21.374969117262147,21.184142520136422,21.348398208618164,39200,0.0,0.0,0.0
2003-07-30 00:00:00-04:00,21.425693344658953,21.616519927978516,21.401538477520653,21.616519927978516,53200,0.0,0.0,0.0
2003-07-31 00:00:00-04:00,21.662419394471588,21.734885851927924,21.558551788330078,21.558551788330078,72600,0.0,0.0,0.0
2003-08-01 00:00:00-04:00,21.565803554521782,21.565803554521782,21.37739292865847,21.474014282226562,132200,0.0,0.0,0.0
2003-08-04 00:00:00-04:00,21.413636664044837,21.413636664044837,21.15517547621377,21.31943130493164,97200,0.0,0.0,0.0
2003-08-05 00:00:00-04:00,21.353239288984494,21.358069527638374,21.191399572041927,21.254201889038086,42600,0.0,0.0,0.0
2003-08-06 00:00:00-04:00,21.280767231145195,21.317000461699486,21.092356643741265,21.304922103881836,45800,0.0,0.0,0.0
2003-08-07 00:00:00-04:00,21.302510837360416,21.447441936618024,21.271107839873675,21.36772918701172,251800,0.0,0.0,0.0
2003-08-08 00:00:00-04:00,21.459526283799704,21.474020689043726,21.365320942761695,21.43537139892578,29200,0.0,0.0,0.0
2003-08-11 00:00:00-04:00,21.389470531481926,21.454688883163886,21.374976131075627,21.403963088989258,46000,0.0,0.0,0.0
2003-08-12 00:00:00-04:00,21.449862731079296,21.449862731079296,21.280774875387635,21.39672088623047,27000,0.0,0.0,0.0
2003-08-13 00:00:00-04:00,21.42569385615195,21.42569385615195,21.19621984851255,21.268686294555664,72000,0.0,0.0,0.0
2003-08-14 00:00:00-04:00,21.304929756800924,21.423291808654884,21.220386750404753,21.39672088623047,102000,0.0,0.0,0.0
2003-08-15 00:00:00-04:00,21.300106656164846,21.447453877936756,21.300106656164846,21.31943130493164,5800,0.0,0.0,0.0
2003-08-18 00:00:00-04:00,21.329080614986054,21.495750540928114,21.32424853429277,21.43777847290039,74800,0.0,0.0,0.0
2003-08-19 00:00:00-04:00,21.486083842065607,21.52231706828311,21.40878715282087,21.51024055480957,74600,0.0,0.0,0.0
2003-08-20 00:00:00-04:00,21.413621591581027,21.57063102722168,21.413621591581027,21.57063102722168,79800,0.0,0.0,0.0
2003-08-21 00:00:00-04:00,21.606859778045653,21.667247873392785,21.52714889279023,21.609275817871094,57600,0.0,0.0,0.0
2003-08-22 00:00:00-04:00,21.64309413580739,21.64309413580739,21.401541741785216,21.447437286376953,37400,0.0,0.0,0.0
2003-08-25 00:00:00-04:00,21.41362674007298,21.41362674007298,21.135841032212653,21.217967987060547,112000,0.0,0.0,0.0
2003-08-26 00:00:00-04:00,21.220380914172907,21.43777847290039,21.085112141141945,21.43777847290039,158200,0.0,0.0,0.0
2003-08-27 00:00:00-04:00,21.365313101691395,21.643098783043122,21.365313101691395,21.626190185546875,214600,0.0,0.0,0.0
2003-08-28 00:00:00-04:00,21.655169189718382,21.655169189718382,21.539223247397018,21.616519927978516,57600,0.0,0.0,0.0
2003-08-29 00:00:00-04:00,21.63827160623623,21.739723205566406,21.573051404595997,21.739723205566406,33200,0.0,0.0,0.0
2003-09-02 00:00:00-04:00,21.797686319966015,22.000591278076172,21.69623476236014,22.000591278076172,62200,0.0,0.0,0.0
2003-09-03 00:00:00-04:00,22.05373824242574,22.222824211221145,21.800107446333786,22.164852142333984,99400,0.0,0.0,0.0
2003-09-04 00:00:00-04:00,22.24697937859742,22.309783529074533,22.155190114745384,22.26630401611328,92800,0.0,0.0,0.0
2003-09-05 00:00:00-04:00,22.210743108658953,22.23248378361793,22.053735518271132,22.169679641723633,87400,0.0,0.0,0.0
2003-09-08 00:00:00-04:00,22.017504636539222,22.246978710729795,22.017504636539222,22.230070114135742,35800,0.0,0.0,0.0
2003-09-09 00:00:00-04:00,22.157604413397447,22.16726488849712,21.998178930772,22.15035629272461,39800,0.0,0.0,0.0
2003-09-10 00:00:00-04:00,22.12620464604095,22.12620464604095,21.717982247741638,21.76387596130371,129000,0.0,0.0,0.0
2003-09-11 00:00:00-04:00,21.88465194457307,21.990935613967263,21.819433592925975,21.954702377319336,54200,0.0,0.0,0.0
2003-09-12 00:00:00-04:00,21.88125154146045,22.030603408813477,21.805350217872444,22.030603408813477,45400,0.61,0.0,0.0
2003-09-15 00:00:00-04:00,22.03549911610674,22.03549911610674,21.93756319088512,21.98408317565918,52200,0.0,0.0,0.0
2003-09-16 00:00:00-04:00,21.99877830601362,22.030608563601383,21.86656505473402,21.976743698120117,45600,0.0,0.0,0.0
2003-09-17 00:00:00-04:00,21.986537583054112,21.986537583054112,21.815149204084356,21.895946502685547,38200,0.0,0.0,0.0
2003-09-18 00:00:00-04:00,21.93756666144867,22.067330989008003,21.900840450183857,22.01836395263672,402800,0.0,0.0,0.0
2003-09-19 00:00:00-04:00,22.05999005177654,22.241170360206628,22.03550652922756,22.187307357788086,61000,0.0,0.0,0.0
2003-09-22 00:00:00-04:00,22.05997886566626,22.160363685579174,21.98407942385938,22.10894775390625,229400,0.0,0.0,0.0
2003-09-23 00:00:00-04:00,22.108956511305145,22.326863013363038,22.108956511305145,22.25830841064453,65800,0.0,0.0,0.0
2003-09-24 00:00:00-04:00,22.280341208855194,22.326861200339224,22.135887145996094,22.135887145996094,39400,0.0,0.0,0.0
2003-09-25 00:00:00-04:00,22.18240232058193,22.19954096759142,22.01591180621579,22.113847732543945,138800,0.0,0.0,0.0
2003-09-26 00:00:00-04:00,22.05753690013976,22.138334190199597,21.83963041577668,22.135887145996094,54000,0.0,0.0,0.0
2003-09-29 00:00:00-04:00,22.148129072206494,22.243616104125977,22.11385177192631,22.243616104125977,26800,0.0,0.0,0.0
2003-09-30 00:00:00-04:00,22.30482642847319,22.461523196195888,22.10650749044321,22.380727767944336,78200,0.0,0.0,0.0
2003-10-01 00:00:00-04:00,22.43947484922992,22.59127369928063,22.43947484922992,22.537410736083984,43200,0.0,0.0,0.0
2003-10-02 00:00:00-04:00,22.57414485521977,22.7626718461201,22.57414485521977,22.70880699157715,343400,0.0,0.0,0.0
2003-10-03 00:00:00-04:00,22.929169689469706,23.13483352562784,22.894892383443352,22.951204299926758,371800,0.0,0.0,0.0
2003-10-06 00:00:00-04:00,22.941400180999157,23.222965240478516,22.941400180999157,23.222965240478516,74600,0.0,0.0,0.0
2003-10-07 00:00:00-04:00,23.2107250733271,23.247449408579232,23.107891330704255,23.112789154052734,341200,0.0,0.0,0.0
2003-10-08 00:00:00-04:00,23.11525016847875,23.178906961560255,23.058936378320052,23.127490997314453,63000,0.0,0.0,0.0
2003-10-09 00:00:00-04:00,23.274383962786313,23.31845503709386,23.13727478403949,23.15930938720703,56600,0.0,0.0,0.0
2003-10-10 00:00:00-04:00,23.303765216349447,23.303765216349447,23.137274699349515,23.198484420776367,115800,0.0,0.0,0.0
2003-10-13 00:00:00-04:00,23.2841796875,23.36497697514215,23.237661565380602,23.2841796875,91200,0.0,0.0,0.0
2003-10-14 00:00:00-04:00,23.29640791033315,23.311097637881332,23.19112717097112,23.30130386352539,73800,0.0,0.0,0.0
2003-10-15 00:00:00-04:00,23.3453857961167,23.41149333684111,23.20582771544246,23.24744987487793,32800,0.0,0.0,0.0
2003-10-16 00:00:00-04:00,23.247445527251934,23.33558765308568,23.247445527251934,23.276826858520508,149400,0.0,0.0,0.0
2003-10-17 00:00:00-04:00,23.338036472849772,23.345381338645122,23.068714141845703,23.068714141845703,325800,0.0,0.0,0.0
2003-10-20 00:00:00-04:00,23.19358583605191,23.198481791303237,23.017301559448242,23.017301559448242,54800,0.0,0.0,0.0
2003-10-21 00:00:00-04:00,23.11278765253151,23.137271163766457,23.01730065113469,23.039335250854492,65800,0.0,0.0,0.0
2003-10-22 00:00:00-04:00,23.06381125715386,23.06381125715386,22.79693789598049,22.877735137939453,148400,0.0,0.0,0.0
2003-10-23 00:00:00-04:00,22.79694822522201,22.79694822522201,22.508038272622915,22.64759635925293,168800,0.0,0.0,0.0
2003-10-24 00:00:00-04:00,22.647595522514155,22.647595522514155,22.356236668851743,22.463966369628906,230400,0.0,0.0,0.0
2003-10-27 00:00:00-05:00,22.574143865626876,22.892435155078967,22.571696821780368,22.7283935546875,231200,0.0,0.0,0.0
2003-10-28 00:00:00-05:00,22.794505510555457,22.794505510555457,22.344002746314185,22.57415008544922,149000,0.0,0.0,0.0
2003-10-29 00:00:00-05:00,22.623112227544663,22.86060623311214,22.60597358116208,22.799396514892578,121400,0.0,0.0,0.0
2003-10-30 00:00:00-05:00,22.880202137294006,22.914479445360993,22.74554181788032,22.8557186126709,88400,0.0,0.0,0.0
2003-10-31 00:00:00-05:00,22.916916750507745,22.99526511040117,22.711253006277094,22.7700138092041,248000,0.0,0.0,0.0
2003-11-03 00:00:00-05:00,22.916917849458994,23.11278969257146,22.916917849458994,23.08340835571289,304600,0.0,0.0,0.0
2003-11-04 00:00:00-05:00,23.049141716385186,23.188699862013816,22.963448445906764,23.149526596069336,160200,0.0,0.0,0.0
2003-11-05 00:00:00-05:00,23.14706644560292,23.14706644560292,22.96833325282928,23.112789154052734,32800,0.0,0.0,0.0
2003-11-06 00:00:00-05:00,23.125034024318605,23.2841796875,23.08341185843239,23.2841796875,163600,0.0,0.0,0.0
2003-11-07 00:00:00-05:00,23.30866042463111,23.49963631845502,23.30866042463111,23.38945770263672,72000,0.0,0.0,0.0
2003-11-10 00:00:00-05:00,23.460464700896225,23.460464700896225,23.29887198875312,23.34049415588379,42800,0.0,0.0,0.0
2003-11-11 00:00:00-05:00,23.35763007008067,23.35763007008067,23.137274699349515,23.198484420776367,77800,0.0,0.0,0.0
2003-11-12 00:00:00-05:00,23.259698762662612,23.548608779907227,23.198489029076658,23.548608779907227,318800,0.0,0.0,0.0
2003-11-13 00:00:00-05:00,23.548605417590498,23.61716001054275,23.455567308294228,23.600021362304688,79600,0.0,0.0,0.0
2003-11-14 00:00:00-05:00,23.700408144253085,23.822827603948664,23.666130844976138,23.724891662597656,517000,0.0,0.0,0.0
2003-11-17 00:00:00-05:00,23.382118435488707,23.626957371985974,23.35518600303618,23.553504943847656,241400,0.0,0.0,0.0
2003-11-18 00:00:00-05:00,23.651432901748944,23.73467908338038,23.526564563287895,23.5877742767334,59800,0.0,0.0,0.0
2003-11-19 00:00:00-05:00,23.651442268316707,23.697962266709492,23.46781305525839,23.5412654876709,170200,0.0,0.0,0.0
2003-11-20 00:00:00-05:00,23.541259233964514,23.541259233964514,23.15441334623995,23.2401065826416,222200,0.0,0.0,0.0
2003-11-21 00:00:00-05:00,23.406598534543523,23.418841226768187,23.01485666699765,23.063823699951172,178600,0.0,0.0,0.0
2003-11-24 00:00:00-05:00,23.357626954750845,23.428630446292576,23.240103483378135,23.33803939819336,231600,0.0,0.0,0.0
2003-11-25 00:00:00-05:00,23.418843114957838,23.62695582374864,23.40660042174608,23.60247230529785,414400,0.0,0.0,0.0
2003-11-26 00:00:00-05:00,23.700406573251932,23.746924694631314,23.57798712167103,23.69061279296875,41200,0.0,0.0,0.0
2003-11-28 00:00:00-05:00,23.749372937522068,23.849757781616763,23.749372937522068,23.759166717529297,62400,0.0,0.0,0.0
2003-12-01 00:00:00-05:00,23.798340810315715,24.075009968369418,23.798340810315715,24.067665100097656,205400,0.0,0.0,0.0
2003-12-02 00:00:00-05:00,24.055419921875,24.10438695060843,23.99421020197201,24.055419921875,53800,0.0,0.0,0.0
2003-12-03 00:00:00-05:00,24.104388074374327,24.138665369680247,23.996660232543945,23.996660232543945,53800,0.0,0.0,0.0
2003-12-04 00:00:00-05:00,24.067659063186028,24.067659063186028,23.89382184048593,23.896270751953125,40200,0.0,0.0,0.0
2003-12-05 00:00:00-05:00,23.933000896596496,23.972176014639693,23.871791175633337,23.898723602294922,285800,0.0,0.0,0.0
2003-12-08 00:00:00-05:00,23.932994259805657,24.084794998168945,23.896268063817708,24.084794998168945,301200,0.0,0.0,0.0
2003-12-09 00:00:00-05:00,24.128874826325806,24.128874826325806,24.001557549706597,24.067665100097656,118200,0.0,0.0,0.0
2003-12-10 00:00:00-05:00,24.114188403241943,24.114188403241943,23.90852457555108,23.972183227539062,188800,0.0,0.0,0.0
2003-12-11 00:00:00-05:00,23.981962745763333,24.202318067225605,23.981962745763333,24.19986915588379,108400,0.0,0.0,0.0
2003-12-12 00:00:00-05:00,24.242392242725767,24.277201679829354,24.167799507805483,24.22995948791504,106600,0.7555,0.0,0.0
2003-12-15 00:00:00-05:00,24.416435796424828,24.416435796424828,24.103150909092065,24.11806869506836,392400,0.0,0.0,0.0
2003-12-16 00:00:00-05:00,24.155379310476185,24.289645154405097,24.01613960363904,24.279699325561523,107000,0.0,0.0,0.0
2003-12-17 00:00:00-05:00,24.27969127998862,24.329418510755463,24.19266767766051,24.29460906982422,167800,0.0,0.0,0.0
2003-12-18 00:00:00-05:00,24.329421171826414,24.4363364369442,24.279693935620568,24.3592586517334,69200,0.0,0.0,0.0
2003-12-19 00:00:00-05:00,24.39157337834459,24.433841705322266,24.341846158014597,24.433841705322266,43400,0.0,0.0,0.0
2003-12-22 00:00:00-05:00,24.391568639296597,24.538267135620117,24.329408677475264,24.538267135620117,117000,0.0,0.0,0.0
2003-12-23 00:00:00-05:00,24.578059231228153,24.578059231228153,24.45622618413857,24.473630905151367,223400,0.0,0.0,0.0
2003-12-24 00:00:00-05:00,24.510928029472936,24.5954647064209,24.478603620192054,24.5954647064209,46000,0.0,0.0,0.0
2003-12-26 00:00:00-05:00,24.615354374095084,24.677514359888253,24.59049075917226,24.63275909423828,9000,0.0,0.0,0.0
2003-12-29 00:00:00-05:00,24.70238063680012,24.78940424689399,24.632761748725027,24.754594802856445,95000,0.0,0.0,0.0
2003-12-30 00:00:00-05:00,24.829178444740993,24.91620202291268,24.764531545111282,24.854042053222656,251400,0.0,0.0,0.0
2003-12-31 00:00:00-05:00,24.93859401620866,24.98583432864914,24.640224862981107,24.682493209838867,99000,0.0,0.0,0.0
2004-01-02 00:00:00-05:00,24.702362327929265,24.737171746166805,24.491018889495336,24.610366821289062,88000,0.0,0.0,0.0
2004-01-05 00:00:00-05:00,24.814265827787413,24.86399305510878,24.528329528259235,24.620325088500977,1044000,0.0,0.0,0.0
2004-01-06 00:00:00-05:00,24.627788455613086,24.689948444751966,24.578059326118588,24.665082931518555,83200,0.0,0.0,0.0
2004-01-07 00:00:00-05:00,24.68000119976713,24.709836778775973,24.49352124307298,24.555681228637695,59200,0.0,0.0,0.0
2004-01-08 00:00:00-05:00,24.602918877188234,24.620323595392406,24.523354180116,24.605405807495117,69200,0.0,0.0,0.0
2004-01-09 00:00:00-05:00,24.60290969241871,24.650151865753006,24.48356363985069,24.627775192260742,146000,0.0,0.0,0.0
2004-01-12 00:00:00-05:00,24.6153525576631,24.732213625846327,24.563138401086526,24.65264892578125,196000,0.0,0.0,0.0
2004-01-13 00:00:00-05:00,24.709833720793522,24.724753405423762,24.48357238776463,24.67751121520996,283800,0.0,0.0,0.0
2004-01-14 00:00:00-05:00,24.714801530669938,24.863985061645508,24.667559352021925,24.863985061645508,96800,0.0,0.0,0.0
2004-01-15 00:00:00-05:00,24.814270094908657,24.883888983919253,24.72475955276005,24.83415985107422,52000,0.0,0.0,0.0
2004-01-16 00:00:00-05:00,24.87642523751806,24.913719708664125,24.65264892578125,24.65264892578125,98200,0.0,0.0,0.0
2004-01-20 00:00:00-05:00,24.789402909796312,24.789402909796312,24.578059326118588,24.665082931518555,68600,0.0,0.0,0.0
2004-01-21 00:00:00-05:00,24.70238759889641,24.70984649658203,24.55569088581795,24.70984649658203,87200,0.0,0.0,0.0
2004-01-22 00:00:00-05:00,24.739663044996618,24.836632426782113,24.67501615814917,24.824199676513672,106200,0.0,0.0,0.0
2004-01-23 00:00:00-05:00,24.78940475081813,25.033072761006725,24.78940475081813,24.988317489624023,191000,0.0,0.0,0.0
2004-01-26 00:00:00-05:00,25.038047025108604,25.316524505615234,24.980860887906864,25.316524505615234,215000,0.0,0.0,0.0
2004-01-27 00:00:00-05:00,25.386135637181432,25.597479191323647,25.311544798822332,25.56266975402832,907800,0.0,0.0,0.0
2004-01-28 00:00:00-05:00,25.609923519844955,25.78645771647121,25.443335152222375,25.468198776245117,399400,0.0,0.0,0.0
2004-01-29 00:00:00-05:00,25.54775561462855,25.55272757910712,25.291656762104534,25.522891998291016,197200,0.0,0.0,0.0
2004-01-30 00:00:00-05:00,25.560183840630028,25.686988830566406,25.475645283700445,25.686988830566406,178200,0.0,0.0,0.0
2004-02-02 00:00:00-05:00,25.77153848231276,26.03012433104969,25.714350442978336,26.00774574279785,202400,0.0,0.0,0.0
2004-02-03 00:00:00-05:00,26.107194052184532,26.256377638802572,25.95552353498073,25.965469360351562,272400,0.0,0.0,0.0
2004-02-04 00:00:00-05:00,25.98288018076048,25.98288018076048,25.53035545349121,25.53035545349121,179800,0.0,0.0,0.0
2004-02-05 00:00:00-05:00,25.512942528455586,25.63477555898923,25.43586475972623,25.56266975402832,145000,0.0,0.0,0.0
2004-02-06 00:00:00-05:00,25.734235545545637,26.13703295873378,25.634779183366454,26.13205909729004,636800,0.0,0.0,0.0
2004-02-09 00:00:00-05:00,26.054976437923617,26.142000027167455,26.007734247917544,26.102218627929688,98200,0.0,0.0,0.0
2004-02-10 00:00:00-05:00,26.13204929503912,26.281232833862305,26.13204929503912,26.281232833862305,152800,0.0,0.0,0.0
2004-02-11 00:00:00-05:00,26.283721991131827,26.455284118652344,26.194211480857795,26.455284118652344,335200,0.0,0.0,0.0
2004-02-12 00:00:00-05:00,26.380700481910996,26.380700481910996,26.037578005644807,26.12708854675293,252800,0.0,0.0,0.0
2004-02-13 00:00:00-05:00,26.206639358917997,26.206639358917997,25.858543205602146,25.970430374145508,691600,0.0,0.0,0.0
2004-02-17 00:00:00-05:00,26.14449851274573,26.14947047848347,25.98288212016355,26.00774574279785,300400,0.0,0.0,0.0
2004-02-18 00:00:00-05:00,26.00773173663805,26.08978335441884,25.982868127393754,26.020164489746094,124400,0.0,0.0,0.0
2004-02-19 00:00:00-05:00,25.982863124859847,26.052481976128735,25.903298452413775,25.970430374145508,186000,0.0,0.0,0.0
2004-02-20 00:00:00-05:00,25.975400924682617,26.02512812726328,25.821243561528675,25.975400924682617,112000,0.0,0.0,0.0
2004-02-23 00:00:00-05:00,26.03259375543514,26.094753723234145,25.883410212111862,25.985353469848633,156400,0.0,0.0,0.0
2004-02-24 00:00:00-05:00,25.982866064494317,26.047512960974306,25.89584249056259,26.037567138671875,321200,0.0,0.0,0.0
2004-02-25 00:00:00-05:00,26.082321473645102,26.209128332328774,26.007728757484927,26.199182510375977,309200,0.0,0.0,0.0
2004-02-26 00:00:00-05:00,26.293675702138742,26.293675702138742,26.127087384642053,26.134546279907227,142800,0.0,0.0,0.0
2004-02-27 00:00:00-05:00,26.144495503096334,26.216601328316248,26.11217109011727,26.14946746826172,297200,0.0,0.0,0.0
2004-03-01 00:00:00-05:00,26.306107835986413,26.604475021362305,26.256378707108897,26.604475021362305,340600,0.0,0.0,0.0
2004-03-02 00:00:00-05:00,26.604467209580843,26.788460189971648,26.557225025261843,26.773542404174805,259800,0.0,0.0,0.0
2004-03-03 00:00:00-05:00,26.766081246747913,26.964991996106836,26.728784888439492,26.90283203125,351200,0.0,0.0,0.0
2004-03-04 00:00:00-05:00,26.92024232942999,26.97743034362793,26.877973999833063,26.97743034362793,151600,0.0,0.0,0.0
2004-03-05 00:00:00-05:00,26.989864050210926,27.188774847846563,26.92770407026753,27.139047622680664,233000,0.0,0.0,0.0
2004-03-08 00:00:00-05:00,27.213638955854897,27.213638955854897,27.05202452263751,27.144020080566406,162200,0.0,0.0,0.0
2004-03-09 00:00:00-05:00,27.106719475858572,27.116665298912736,26.989860323158684,27.101747512817383,84200,0.0,0.0,0.0
2004-03-10 00:00:00-05:00,27.1266143525554,27.168882682840607,26.728790867869876,26.75365447998047,181200,0.0,0.0,0.0
2004-03-11 00:00:00-05:00,26.567185379936817,26.703938147781916,26.4428653717041,26.4428653717041,305600,0.0,0.0,0.0
2004-03-12 00:00:00-05:00,26.43291260688176,26.73376672021804,26.43291260688176,26.71636199951172,408600,0.0,0.0,0.0
2004-03-15 00:00:00-05:00,26.753660282780636,26.753660282780636,26.49507448740545,26.544803619384766,206000,0.0,0.0,0.0
2004-03-16 00:00:00-05:00,26.616905212402344,26.686524089148474,26.462747773198682,26.616905212402344,193400,0.0,0.0,0.0
2004-03-17 00:00:00-05:00,26.691496530314353,27.052025572727526,26.671604880324903,27.002296447753906,599600,0.0,0.0,0.0
2004-03-18 00:00:00-05:00,27.01472815459808,27.17634448478755,26.947594312732694,27.144020080566406,531200,0.0,0.0,0.0
2004-03-19 00:00:00-05:00,27.201209531577362,27.31807060567359,27.104240107746918,27.2534236907959,313400,0.0,0.0,0.0
2004-03-22 00:00:00-05:00,26.7039310202825,27.15396872293487,26.7039310202825,27.07689094543457,548600,0.0,0.0,0.0
2004-03-23 00:00:00-05:00,27.126618099887104,27.21364170278182,27.052027253251175,27.114187240600586,97400,0.0,0.0,0.0
2004-03-24 00:00:00-05:00,27.213638671436716,27.250935039086347,26.86554429863231,26.969972610473633,264400,0.0,0.0,0.0
2004-03-25 00:00:00-05:00,27.0271640497303,27.223589854172236,26.95257319672189,27.21364402770996,428400,0.0,0.0,0.0
2004-03-26 00:00:00-05:00,27.28465538725378,27.28465538725378,26.969880862894062,27.007654190063477,274400,0.691,0.0,0.0
2004-03-29 00:00:00-05:00,27.146152878037743,27.1939972942427,26.995059585341167,27.070606231689453,121000,0.0,0.0,0.0
2004-03-30 00:00:00-05:00,27.045413281699382,27.423142512110743,27.045413281699382,27.420623779296875,133800,0.0,0.0,0.0
2004-03-31 00:00:00-05:00,27.48862714737269,27.599426459651998,27.32494403093184,27.56165313720703,426200,0.0,0.0,0.0
2004-04-01 00:00:00-05:00,27.624600423184656,27.878938674926758,27.624600423184656,27.878938674926758,249800,0.0,0.0,0.0
2004-04-02 00:00:00-05:00,27.926786155557547,27.926786155557547,27.493656258199834,27.554092407226562,641400,0.0,0.0,0.0
2004-04-05 00:00:00-04:00,27.397973448554527,27.44833660042985,26.06332879031642,26.471277236938477,1630000,0.0,0.0,0.0
2004-04-06 00:00:00-04:00,26.239603837941292,26.257231134628032,25.244917099759956,25.45896339416504,2048000,0.0,0.0,0.0
2004-04-07 00:00:00-04:00,25.307870864868164,26.171612206060672,25.0812328310858,25.81151008605957,1019600,0.0,0.0,0.0
2004-04-08 00:00:00-04:00,25.710785733003764,25.761150815453213,25.30787467956543,25.30787467956543,575400,0.0,0.0,0.0
2004-04-12 00:00:00-04:00,25.282692495954983,25.282692495954983,23.582909908763412,24.073957443237305,2999800,0.0,0.0,0.0
2004-04-13 00:00:00-04:00,23.920343884742717,24.3358466197357,23.293313602469606,23.872499465942383,2276400,0.0,0.0,0.0
2004-04-14 00:00:00-04:00,22.52778408839242,24.046256164666424,22.52778408839242,23.6660099029541,800800,0.0,0.0,0.0
2004-04-15 00:00:00-04:00,23.620680242369417,24.19986419400084,23.620680242369417,24.1746826171875,900200,0.0,0.0,0.0
2004-04-16 00:00:00-04:00,24.32324956738829,24.602769423368898,24.073948749243407,24.426496505737305,935400,0.0,0.0,0.0
2004-04-19 00:00:00-04:00,24.378644698802646,24.587655340770603,23.950552325748287,24.51462745666504,1568800,0.0,0.0,0.0
2004-04-20 00:00:00-04:00,24.514637127696606,24.53730189023007,23.545132073617392,23.595495223999023,1184600,0.0,0.0,0.0
2004-04-21 00:00:00-04:00,23.595500348202794,23.847319997260374,23.469590523674,23.708820343017578,1111000,0.0,0.0,0.0
2004-04-22 00:00:00-04:00,23.711329252175744,24.320732089280938,23.708810518784052,24.036174774169922,1881400,0.0,0.0,0.0
2004-04-23 00:00:00-04:00,23.973218474310155,23.973218474310155,23.68110881871085,23.796945571899414,676400,0.0,0.0,0.0
2004-04-26 00:00:00-04:00,23.74659201558054,24.15705732322415,23.74659201558054,23.983301162719727,679600,0.0,0.0,0.0
2004-04-27 00:00:00-04:00,23.948044583405135,24.222528957994655,23.948044583405135,24.1746826171875,414400,0.0,0.0,0.0
2004-04-28 00:00:00-04:00,24.199863801670844,24.199863801670844,23.85990771712427,23.872499465942383,355800,0.0,0.0,0.0
2004-04-29 00:00:00-04:00,23.89768026416902,24.30059123722393,23.295831577898955,23.51995086669922,1394600,0.0,0.0,0.0
2004-04-30 00:00:00-04:00,23.55772265931533,23.796950493669364,23.318492903730352,23.44440269470215,530200,0.0,0.0,0.0
2004-05-03 00:00:00-04:00,23.444397845847387,23.796945571899414,23.293306512176674,23.796945571899414,1042800,0.0,0.0,0.0
2004-05-04 00:00:00-04:00,23.746599356349492,24.172173358644326,23.746599356349492,23.834735870361328,1013200,0.0,0.0,0.0
2004-05-05 00:00:00-04:00,23.897671171617244,24.010989179250682,23.718879555388977,23.723915100097656,516000,0.0,0.0,0.0
2004-05-06 00:00:00-04:00,23.67355680578398,23.819610686945797,23.343671883658654,23.72140121459961,1339800,0.0,0.0,0.0
2004-05-07 00:00:00-04:00,23.414186869414184,23.540096667349612,22.890401648907343,22.92817497253418,1480600,0.0,0.0,0.0
2004-05-10 00:00:00-04:00,22.6385816620089,22.78967303267546,22.034214258111632,22.62598991394043,2589400,0.0,0.0,0.0
2004-05-11 00:00:00-04:00,22.60081609604626,23.10445545194701,22.60081609604626,22.840044021606445,654200,0.0,0.0,0.0
2004-05-12 00:00:00-04:00,22.613398014795155,22.865217583239506,22.464823470372952,22.789670944213867,610800,0.0,0.0,0.0
2004-05-13 00:00:00-04:00,22.764497261912883,23.041498498965623,22.663769015376023,22.812341690063477,1108000,0.0,0.0,0.0
2004-05-14 00:00:00-04:00,22.890404492816362,23.268133933551844,22.739313100768427,23.117042541503906,981600,0.0,0.0,0.0
2004-05-17 00:00:00-04:00,23.0288989179531,23.40159272705563,22.72671620231494,23.22783660888672,1704200,0.0,0.0,0.0
2004-05-18 00:00:00-04:00,23.44441102947399,23.671049118041992,23.270656762598207,23.671049118041992,884200,0.0,0.0,0.0
2004-05-19 00:00:00-04:00,23.766735719433157,23.973227736852635,23.0792692131841,23.117042541503906,1338200,0.0,0.0,0.0
2004-05-20 00:00:00-04:00,23.368860072058226,23.671042829042925,23.245467082535324,23.658451080322266,699000,0.0,0.0,0.0
2004-05-21 00:00:00-04:00,23.746583906034303,23.91782127380112,23.472099602435286,23.62067413330078,1346400,0.0,0.0,0.0
2004-05-24 00:00:00-04:00,23.620675167550203,23.895157561936983,23.489727922284544,23.77680206298828,158000,0.0,0.0,0.0
2004-05-25 00:00:00-04:00,23.965661734819832,24.35094526854676,23.87248974792634,24.325763702392578,955800,0.0,0.0,0.0
2004-05-26 00:00:00-04:00,24.32828679239846,24.6909075578985,24.129349118060556,24.68838882446289,984200,0.0,0.0,0.0
2004-05-27 00:00:00-04:00,24.829410626318897,25.0308670622398,24.6783192599937,24.76393699645996,380400,0.0,0.0,0.0
2004-05-28 00:00:00-04:00,24.917548253089926,25.081231374718943,24.76393814584758,25.04094123840332,770800,0.0,0.0,0.0
2004-06-01 00:00:00-04:00,25.093822254227035,25.093822254227035,24.552409757382154,24.75386619567871,1799400,0.0,0.0,0.0
2004-06-02 00:00:00-04:00,25.030860555270035,25.18195188231785,24.80422260408308,25.10640525817871,1138000,0.0,0.0,0.0
2004-06-03 00:00:00-04:00,25.081225948033033,25.18195414887466,24.91754286181922,25.03086280822754,511600,0.0,0.0,0.0
2004-06-04 00:00:00-04:00,25.10641058553426,25.277647971518277,24.93265638711389,25.056047439575195,620400,0.0,0.0,0.0
2004-06-07 00:00:00-04:00,25.144188489733413,25.282690048217773,24.955323776108127,25.282690048217773,474400,0.0,0.0,0.0
2004-06-08 00:00:00-04:00,25.282692719146723,25.370829210569912,25.043462903876442,25.257511138916016,212600,0.0,0.0,0.0
2004-06-09 00:00:00-04:00,25.179435633737675,25.333045709075552,25.051009049751435,25.118999481201172,1125800,0.0,0.0,0.0
2004-06-10 00:00:00-04:00,25.194546653382925,25.194546653382925,24.88228902924461,25.00568199157715,295200,0.0,0.0,0.0
2004-06-14 00:00:00-04:00,24.804225459265226,24.804225459265226,24.431531683165225,24.502042770385742,1446800,0.0,0.0,0.0
2004-06-15 00:00:00-04:00,24.703498702071386,25.053527740319726,24.703498702071386,24.993091583251953,1163000,0.0,0.0,0.0
2004-06-16 00:00:00-04:00,25.088780444317596,25.17691882158703,24.84703391294093,25.118999481201172,603000,0.0,0.0,0.0
2004-06-17 00:00:00-04:00,25.081233966868048,25.343126604294905,24.99561621757934,25.333053588867188,884200,0.0,0.0,0.0
2004-06-18 00:00:00-04:00,25.30788132925483,25.441345470658764,25.257518154803822,25.37083625793457,473000,0.0,0.0,0.0
2004-06-21 00:00:00-04:00,25.52191279406465,25.673004150390625,25.433776329643734,25.673004150390625,874600,0.0,0.0,0.0
2004-06-22 00:00:00-04:00,25.53449711402385,25.710769991595296,25.53449711402385,25.635225296020508,401800,0.0,0.0,0.0
2004-06-23 00:00:00-04:00,25.66041451865745,25.834168715191463,25.615086919294043,25.76114273071289,379800,0.0,0.0,0.0
2004-06-24 00:00:00-04:00,25.836692697837897,25.965121242331016,25.718337168719852,25.808992385864258,689600,0.0,0.0,0.0
2004-06-25 00:00:00-04:00,26.015840285625266,26.015840285625266,25.760783027923058,25.86280632019043,646000,0.6505,0.0,0.0
2004-06-28 00:00:00-04:00,25.99034253764655,26.168881891794662,25.916375677804332,26.041353225708008,992400,0.0,0.0,0.0
2004-06-29 00:00:00-04:00,26.01327953383632,26.01327953383632,25.480210996715034,25.50571632385254,816400,0.0,0.0,0.0
2004-06-30 00:00:00-04:00,25.46746688155636,25.87555810612238,25.43686125592169,25.768434524536133,2753200,0.0,0.0,0.0
2004-07-01 00:00:00-04:00,25.913810758924015,26.13060898662634,25.60519178486485,25.819440841674805,1089000,0.0,0.0,0.0
2004-07-02 00:00:00-04:00,25.87556889262947,26.367829684759904,25.87556889262947,26.334672927856445,1592200,0.0,0.0,0.0
2004-07-06 00:00:00-04:00,26.360160002290794,26.360160002290794,25.977574220121316,26.168867111206055,583400,0.0,0.0,0.0
2004-07-07 00:00:00-04:00,26.270896316529843,26.54380749168951,26.270896316529843,26.50044822692871,1258200,0.0,0.0,0.0
2004-07-08 00:00:00-04:00,26.61522355887165,26.61522355887165,26.087255130983213,26.117862701416016,1170400,0.0,0.0,0.0
2004-07-09 00:00:00-04:00,26.117871442950246,26.29641079873362,25.893419743184822,26.105117797851562,501400,0.0,0.0,0.0
2004-07-12 00:00:00-04:00,26.194381383799566,26.309158325195312,25.997988138112404,26.309158325195312,490200,0.0,0.0,0.0
2004-07-13 00:00:00-04:00,26.309149712261622,26.309149712261622,26.041338882611782,26.04388999938965,664400,0.0,0.0,0.0
2004-07-14 00:00:00-04:00,26.054104859529236,26.260700659943566,26.054104859529236,26.219892501831055,656200,0.0,0.0,0.0
2004-07-15 00:00:00-04:00,26.270896316529843,26.525953562321394,26.270896316529843,26.50044822692871,1015600,0.0,0.0,0.0
2004-07-16 00:00:00-04:00,26.50045071660305,26.7274515310093,26.449438095092773,26.449438095092773,468800,0.0,0.0,0.0
2004-07-19 00:00:00-04:00,26.52595832464063,26.701948478531424,26.423935018820856,26.676441192626953,326800,0.0,0.0,0.0
2004-07-20 00:00:00-04:00,26.717252209333374,26.811624110990447,26.630533661269666,26.678993225097656,1026000,0.0,0.0,0.0
2004-07-21 00:00:00-04:00,26.65348165827913,26.742751303354847,26.372919082641605,26.3729190826416,1290600,0.0,0.0,0.0
2004-07-22 00:00:00-04:00,26.270897229452018,26.304053972021478,25.70466981276901,25.89341163635254,1438600,0.0,0.0,0.0
2004-07-23 00:00:00-04:00,25.760780722886444,25.88830934032648,25.63580322265625,25.63580322265625,461400,0.0,0.0,0.0
2004-07-26 00:00:00-04:00,25.612845342645112,25.635801504130207,25.38329345745488,25.441957473754883,952200,0.0,0.0,0.0
2004-07-27 00:00:00-04:00,25.505719487271687,25.697012383426227,25.36543725171891,25.477663040161133,644400,0.0,0.0,0.0
2004-07-28 00:00:00-04:00,25.447065860343088,25.760787194265852,25.169054338531907,25.658763885498047,1041200,0.0,0.0,0.0
2004-07-29 00:00:00-04:00,25.811799556401766,25.91382287181275,25.607754871512686,25.679170608520508,318200,0.0,0.0,0.0
2004-07-30 00:00:00-04:00,25.76078710118716,25.911269972978054,25.735281760570555,25.837305068969727,589800,0.0,0.0,0.0
2004-08-02 00:00:00-04:00,25.837305476811743,26.245396770917402,25.679169249000203,26.232643127441406,856000,0.0,0.0,0.0
2004-08-03 00:00:00-04:00,26.24539741906308,26.49280331951807,26.18163309197397,26.34486961364746,735600,0.0,0.0,0.0
2004-08-04 00:00:00-04:00,26.015846914085444,26.56422054704932,26.015846914085444,26.554018020629883,948200,0.0,0.0,0.0
2004-08-05 00:00:00-04:00,26.58463010428789,26.58463010428789,26.1561336517334,26.1561336517334,1059600,0.0,0.0,0.0
2004-08-06 00:00:00-04:00,26.036244459527595,26.485143816947723,25.990334076844583,26.117862701416016,2393800,0.0,0.0,0.0
2004-08-09 00:00:00-04:00,26.117868176972134,26.25814852585076,25.990339525664588,26.05410385131836,365200,0.0,0.0,0.0
2004-08-10 00:00:00-04:00,26.270907722216776,26.33722317977493,26.145930162380147,26.24285125732422,354400,0.0,0.0,0.0
2004-08-11 00:00:00-04:00,26.204588850777863,26.207139968872067,26.092364951761137,26.20713996887207,356800,0.0,0.0,0.0
2004-08-12 00:00:00-04:00,26.194386392693566,26.355073752187753,25.939329068729915,25.94443130493164,577400,0.0,0.0,0.0
2004-08-13 00:00:00-04:00,25.952077865600586,26.015842184680686,25.852605683510237,25.952077865600586,455400,0.0,0.0,0.0
2004-08-16 00:00:00-04:00,26.054101165600052,26.2989559173584,26.041347523410856,26.2989559173584,532800,0.0,0.0,0.0
2004-08-17 00:00:00-04:00,26.55400539590458,26.582061843735755,26.434128199886278,26.57695960998535,781600,0.0,0.0,0.0
2004-08-18 00:00:00-04:00,26.65348670377666,26.959554672241214,26.56676815955369,26.95955467224121,1812400,0.0,0.0,0.0
2004-08-19 00:00:00-04:00,26.997811281281678,26.997811281281678,26.55146106471749,26.5642147064209,493000,0.0,0.0,0.0
2004-08-20 00:00:00-04:00,26.589717204434297,27.321732181964904,26.589717204434297,27.2656192779541,1914000,0.0,0.0,0.0
2004-08-23 00:00:00-04:00,27.2911319732666,27.37785052399371,27.092187584249988,27.2911319732666,504600,0.0,0.0,0.0
2004-08-24 00:00:00-04:00,27.354897789041708,27.622708755559348,27.354897789041708,27.584449768066406,497400,0.0,0.0,0.0
2004-08-25 00:00:00-04:00,27.56912839231053,27.625241280695406,27.43139923382445,27.444150924682617,1524800,0.0,0.0,0.0
2004-08-26 00:00:00-04:00,27.444157444336774,27.617596437850604,27.444157444336774,27.546180725097656,195200,0.0,0.0,0.0
2004-08-27 00:00:00-04:00,27.617601784187393,27.671163579120833,27.546186057609475,27.581893920898438,88200,0.0,0.0,0.0
2004-08-30 00:00:00-04:00,27.79869221706453,27.813996976996705,27.584445037340114,27.755332946777344,317800,0.0,0.0,0.0
2004-08-31 00:00:00-04:00,27.791043226204483,27.96703338623047,27.765537885343573,27.96703338623047,719800,0.0,0.0,0.0
2004-09-01 00:00:00-04:00,28.012940050847586,28.094558298302314,27.78338812177725,27.872657775878906,569400,0.0,0.0,0.0
2004-09-02 00:00:00-04:00,27.82675512475168,28.05375599939239,27.82675512475168,28.03080177307129,334000,0.0,0.0,0.0
2004-09-03 00:00:00-04:00,27.967037634130087,28.209341328011273,27.967037634130087,28.183835983276367,1461800,0.0,0.0,0.0
2004-09-07 00:00:00-04:00,28.181284427780554,28.47715187072754,28.181284427780554,28.47715187072754,430200,0.0,0.0,0.0
2004-09-08 00:00:00-04:00,28.477142836010696,28.5281535085053,28.400624881336363,28.431232452392578,593200,0.0,0.0,0.0
2004-09-09 00:00:00-04:00,28.311361278465515,28.311361278465515,27.951729538988598,27.969585418701172,1393200,0.0,0.0,0.0
2004-09-10 00:00:00-04:00,27.81655208456515,28.002744793666768,27.740036052306703,27.992542266845703,424800,0.0,0.0,0.0
2004-09-13 00:00:00-04:00,27.979771077207687,27.979771077207687,27.699208576319858,27.760421752929688,417200,0.0,0.0,0.0
2004-09-14 00:00:00-04:00,27.724736829005927,27.73493935786564,27.41101733678681,27.418668746948242,851000,0.0,0.0,0.0
2004-09-15 00:00:00-04:00,27.42119635967658,27.663499888103946,27.370183759106997,27.569128036499023,549600,0.0,0.0,0.0
2004-09-16 00:00:00-04:00,27.673723697784965,28.056309739689826,27.62271300390428,28.05375862121582,676800,0.0,0.0,0.0
2004-09-17 00:00:00-04:00,28.081820497091726,28.081820497091726,27.854819557500406,27.916032791137695,913600,0.0,0.0,0.0
2004-09-20 00:00:00-04:00,27.87775443821511,27.905810887600406,27.70431545380241,27.76807975769043,635800,0.0,0.0,0.0
2004-09-21 00:00:00-04:00,27.737473029718632,27.893058091582894,27.660955084367227,27.780832290649414,614200,0.0,0.0,0.0
2004-09-22 00:00:00-04:00,27.780841898935986,27.788493306931006,27.63545930923201,27.686471939086914,530000,0.0,0.0,0.0
2004-09-23 00:00:00-04:00,27.66097014527453,27.681375201269386,27.528341173174443,27.538543701171875,1421400,0.0,0.0,0.0
2004-09-24 00:00:00-04:00,27.56690535277289,27.670104270529908,27.44048771190725,27.62366485595703,459400,0.615,0.0,0.0
2004-09-27 00:00:00-04:00,27.554012298583988,27.654630722476778,27.494672269140423,27.554012298583984,249600,0.0,0.0,0.0
2004-09-28 00:00:00-04:00,27.67010600056289,27.68816566467285,27.46112960609682,27.68816566467285,215000,0.0,0.0,0.0
2004-09-29 00:00:00-04:00,27.528214377723412,27.744932371640328,27.528214377723412,27.68043327331543,414200,0.0,0.0,0.0
2004-09-30 00:00:00-04:00,27.78621094404598,28.01582757804392,27.750091606227627,27.853290557861328,1053600,0.0,0.0,0.0
2004-10-01 00:00:00-04:00,27.946170227819646,28.524081618026628,27.91520995092493,28.480222702026367,1173800,0.0,0.0,0.0
2004-10-04 00:00:00-04:00,28.521499825679083,28.635016891329606,28.315101939913575,28.457000732421875,1325600,0.0,0.0,0.0
2004-10-05 00:00:00-04:00,28.31511253236321,28.57310900190638,28.31511253236321,28.544729232788086,483600,0.0,0.0,0.0
2004-10-06 00:00:00-04:00,28.431201477313433,28.63244031554604,28.431201477313433,28.593740463256836,780200,0.0,0.0,0.0
2004-10-07 00:00:00-04:00,28.575671696178294,28.593731359048913,28.263496398925778,28.26349639892578,658600,0.0,0.0,0.0
2004-10-08 00:00:00-04:00,28.289301938010865,28.611797395652676,28.289301938010865,28.511178970336914,1135600,0.0,0.0,0.0
2004-10-11 00:00:00-04:00,28.56020295390441,28.567944499936658,28.361546576252625,28.379606246948242,167000,0.0,0.0,0.0
2004-10-12 00:00:00-04:00,28.302203526413678,28.665979385375977,28.245445973369623,28.665979385375977,436400,0.0,0.0,0.0
2004-10-13 00:00:00-04:00,28.753703248400146,28.753703248400146,28.472488065809294,28.534406661987305,178000,0.0,0.0,0.0
2004-10-14 00:00:00-04:00,28.54729641002373,28.756272822836188,28.469896717982703,28.714994430541992,692200,0.0,0.0,0.0
2004-10-15 00:00:00-04:00,28.89302054891077,29.011698674222604,28.75628275166793,28.960100173950195,512800,0.0,0.0,0.0
2004-10-18 00:00:00-04:00,28.998783533917816,29.249040251399528,28.934284461096983,29.14068031311035,1087400,0.0,0.0,0.0
2004-10-19 00:00:00-04:00,29.16648734696889,29.398682480852635,28.872371673583984,28.872371673583984,753200,0.0,0.0,0.0
2004-10-20 00:00:00-04:00,28.843992605039745,28.895591087496474,28.315099302256588,28.714994430541992,1212400,0.0,0.0,0.0
2004-10-21 00:00:00-04:00,28.598899919959823,29.076192855834957,28.598899919959823,29.07619285583496,1392800,0.0,0.0,0.0
2004-10-22 00:00:00-04:00,29.089094712679117,29.24389216226822,28.766599205886667,28.79239845275879,378000,0.0,0.0,0.0
2004-10-25 00:00:00-04:00,28.77434267692866,28.77950370801531,28.58342586221197,28.725322723388672,339600,0.0,0.0,0.0
2004-10-26 00:00:00-04:00,28.76660596859874,29.07620094055931,28.740806715661495,29.05040168762207,616800,0.0,0.0,0.0
2004-10-27 00:00:00-04:00,29.14842689930998,29.344502697399655,29.12778672003028,29.298063278198242,668800,0.0,0.0,0.0
2004-10-28 00:00:00-04:00,29.359983444213867,29.411581923403833,29.2077645843986,29.359983444213867,477400,0.0,0.0,0.0
2004-10-29 00:00:00-04:00,29.39611003798397,29.51736865923844,29.236151563595218,29.285171508789062,427400,0.0,0.0,0.0
2004-11-01 00:00:00-05:00,29.282591528935342,29.630886276797668,29.282591528935342,29.566387176513672,235400,0.0,0.0,0.0
2004-11-02 00:00:00-05:00,29.63087841249489,29.69021843508358,29.34708284023847,29.359983444213867,859400,0.0,0.0,0.0
2004-11-03 00:00:00-05:00,29.875973008909682,29.875973008909682,29.599917040346178,29.643775939941406,825800,0.0,0.0,0.0
2004-11-04 00:00:00-05:00,29.64378524611103,30.185577264886465,29.64378524611103,30.18299674987793,1103200,0.0,0.0,0.0
2004-11-05 00:00:00-05:00,29.64895061007857,30.05658546040206,29.290335713556036,29.308395385742188,2394400,0.0,0.0,0.0
2004-11-08 00:00:00-05:00,29.30581090423631,29.499308209340505,29.238733255683446,29.476089477539062,819600,0.0,0.0,0.0
2004-11-09 00:00:00-05:00,29.47609422015777,29.57155361464328,29.393535435430763,29.561233520507812,515400,0.0,0.0,0.0
2004-11-10 00:00:00-05:00,29.51479452940891,29.850188736300986,29.47351415224001,29.73925018310547,1307800,0.0,0.0,0.0
2004-11-11 00:00:00-05:00,29.72118079034254,29.974018096923825,29.72118079034254,29.974018096923828,305400,0.0,0.0,0.0
2004-11-12 00:00:00-05:00,30.056571808716026,30.701562620061864,29.979172124012226,30.66286277770996,1407800,0.0,0.0,0.0
2004-11-15 00:00:00-05:00,30.7144720389373,31.013746837751107,30.662871578206428,30.990528106689453,815400,0.0,0.0,0.0
2004-11-16 00:00:00-05:00,31.01116731912123,31.0885670285265,30.701572418212894,30.70157241821289,1185600,0.0,0.0,0.0
2004-11-17 00:00:00-05:00,30.920865864813564,30.959565715629335,29.976600134032083,30.06947898864746,1619600,0.0,0.0,0.0
2004-11-18 00:00:00-05:00,30.11333821501114,30.417774026456897,29.72118260957786,30.108177185058594,2172200,0.0,0.0,0.0
2004-11-19 00:00:00-05:00,30.18299025872095,30.18299025872095,29.68247871429726,29.695377349853516,896600,0.0,0.0,0.0
2004-11-22 00:00:00-05:00,29.721192790517634,29.95080949315582,29.62573535561492,29.91727066040039,997200,0.0,0.0,0.0
2004-11-23 00:00:00-05:00,29.953385031437655,30.26298192743979,29.85018606610361,30.237180709838867,670000,0.0,0.0,0.0
2004-11-24 00:00:00-05:00,30.404875156168526,30.69125131584596,30.242338133793353,30.649972915649414,1466400,0.0,0.0,0.0
2004-11-26 00:00:00-05:00,30.76607187535753,30.76607187535753,30.469375610351562,30.469375610351562,534800,0.0,0.0,0.0
2004-11-29 00:00:00-05:00,30.44358153562221,30.6731982219393,30.28878405707853,30.391983032226562,1358000,0.0,0.0,0.0
2004-11-30 00:00:00-05:00,30.39197355608469,30.551930047751206,30.296514189374324,30.528711318969727,1622400,0.0,0.0,0.0
2004-12-01 00:00:00-05:00,30.52870283488939,31.251091298217766,30.52870283488939,31.1556339263916,2260200,0.0,0.0,0.0
2004-12-02 00:00:00-05:00,31.124669036942517,31.13240860990216,30.68865472223333,30.87183380126953,2004600,0.0,0.0,0.0
2004-12-03 00:00:00-05:00,30.920862919744696,31.413636905261658,30.920862919744696,31.408475875854492,1689000,0.0,0.0,0.0
2004-12-06 00:00:00-05:00,31.436861785374827,31.68195955293025,31.284644850123208,31.552961349487305,2822600,0.0,0.0,0.0
2004-12-07 00:00:00-05:00,31.555542347139372,31.555542347139372,31.062770195260878,31.119529724121094,913200,0.0,0.0,0.0
2004-12-08 00:00:00-05:00,31.07565709879778,31.47555219683762,31.05243837395515,31.18143653869629,877600,0.0,0.0,0.0
2004-12-09 00:00:00-05:00,31.127252660579295,31.454907081522972,30.96213519309273,31.398147583007812,799800,0.0,0.0,0.0
2004-12-10 00:00:00-05:00,31.423956066149636,31.73355089731768,31.349136888806907,31.73097038269043,741000,0.0,0.0,0.0
2004-12-13 00:00:00-05:00,31.720653726740956,31.787733335820178,31.60455614457274,31.65615463256836,660800,0.0,0.0,0.0
2004-12-14 00:00:00-05:00,31.565848100174836,31.64324778043212,31.346551630586713,31.57874870300293,479400,0.0,0.0,0.0
2004-12-15 00:00:00-05:00,31.604561143968933,31.78257930191923,31.39816322262492,31.7464599609375,891800,0.0,0.0,0.0
2004-12-16 00:00:00-05:00,31.681955211840954,31.847072732154867,31.45491714514224,31.475557327270508,456000,0.0,0.0,0.0
2004-12-17 00:00:00-05:00,31.41105281748309,31.808367397331974,31.19691539363203,31.718069076538086,1305600,0.0,0.0,0.0
2004-12-20 00:00:00-05:00,31.67420502308959,31.795463599555422,31.524568664387086,31.69484519958496,706800,0.0,0.0,0.0
2004-12-21 00:00:00-05:00,31.785154203331906,31.991552101003453,31.346561131225158,31.952852249145508,1393000,0.0,0.0,0.0
2004-12-22 00:00:00-05:00,32.004456930287354,32.19021270067218,32.004456930287354,32.16441345214844,835000,0.0,0.0,0.0
2004-12-23 00:00:00-05:00,32.248875214502355,32.248875214502355,31.701400756835934,31.701400756835938,1387000,0.647,0.0,0.0
2004-12-27 00:00:00-05:00,31.936027058656517,32.431361753692904,31.284271404398222,31.77699851989746,526000,0.0,0.0,0.0
2004-12-28 00:00:00-05:00,31.904748487336377,31.962103314685372,31.85260882011046,31.886499404907227,704600,0.0,0.0,0.0
2004-12-29 00:00:00-05:00,31.962102233509086,32.09245338616532,31.805681248121747,32.040313720703125,721400,0.0,0.0,0.0
2004-12-30 00:00:00-05:00,32.04031377489025,32.26451791695821,32.02988544398003,32.20455551147461,477600,0.0,0.0,0.0
2004-12-31 00:00:00-05:00,32.23583604410334,32.36357959932788,32.06637917100929,32.1185188293457,1109000,0.0,0.0,0.0
2005-01-03 00:00:00-05:00,32.22280581733158,32.31144563893519,31.576265188344156,31.719650268554688,2010000,0.0,0.0,0.0
2005-01-04 00:00:00-05:00,31.90995511734351,31.9725230990892,31.221701351140045,31.284269332885742,1030800,0.0,0.0,0.0
2005-01-05 00:00:00-05:00,31.153929339562342,31.153929339562342,29.92862914858581,30.113727569580078,6926200,0.0,0.0,0.0
2005-01-06 00:00:00-05:00,30.18933341218545,30.55431511686728,30.176297498874906,30.371824264526367,2101200,0.0,0.0,0.0
2005-01-07 00:00:00-05:00,30.502175677536943,30.73680819593361,30.26754315914028,30.369216918945312,1437800,0.0,0.0,0.0
2005-01-10 00:00:00-05:00,30.49956383524926,30.56734699531476,30.254505007167744,30.350963592529297,785400,0.0,0.0,0.0
2005-01-11 00:00:00-05:00,30.35095755141503,30.509986093953316,29.978153228759766,29.978153228759766,1196800,0.0,0.0,0.0
2005-01-12 00:00:00-05:00,29.993794498942094,29.993794498942094,29.459354093677902,29.86344337463379,1535600,0.0,0.0,0.0
2005-01-13 00:00:00-05:00,29.811318676640795,30.481323756864853,29.811318676640795,30.006845474243164,1979800,0.0,0.0,0.0
2005-01-14 00:00:00-05:00,30.058968359469723,30.38484615179268,30.058968359469723,30.356168746948242,755800,0.0,0.0,0.0
2005-01-18 00:00:00-05:00,30.343136345892738,30.68987083435059,30.137181318665903,30.689870834350586,1339000,0.0,0.0,0.0
2005-01-19 00:00:00-05:00,31.61014927902192,31.61014927902192,30.61165913783787,30.739404678344727,2107800,0.0,0.0,0.0
2005-01-20 00:00:00-05:00,30.736814795731878,30.7863469015281,30.41614995356987,30.54650115966797,1480600,0.0,0.0,0.0
2005-01-21 00:00:00-05:00,30.671627511084036,30.788942756291007,30.43960261171857,30.61948585510254,1231400,0.0,0.0,0.0
2005-01-24 00:00:00-05:00,30.632515453623583,30.762866583213473,30.293601721089722,30.319673538208008,2471000,0.0,0.0,0.0
2005-01-25 00:00:00-05:00,30.345742128057292,30.46305734430095,29.696594086108476,29.699199676513672,2132400,0.0,0.0,0.0
2005-01-26 00:00:00-05:00,29.654876982698124,29.8399753168332,29.532346623298835,29.746122360229492,1681600,0.0,0.0,0.0
2005-01-27 00:00:00-05:00,29.74614594371583,29.79828762150159,29.31598654974108,29.433303833007812,1985600,0.0,0.0,0.0
2005-01-28 00:00:00-05:00,29.511506170611316,29.649680091302425,29.381154991431934,29.56886100769043,1776400,0.0,0.0,0.0
2005-01-31 00:00:00-05:00,29.61578368938099,29.798276510079294,29.24297928548408,29.38115119934082,1791000,0.0,0.0,0.0
2005-02-01 00:00:00-05:00,29.55582936790197,29.82435249952872,29.461976352517684,29.821744918823242,3409600,0.0,0.0,0.0
2005-02-02 00:00:00-05:00,29.772198471397633,30.163251876831055,29.748736221791855,30.163251876831055,1453600,0.0,0.0,0.0
2005-02-03 00:00:00-05:00,30.163257361022833,30.283182177480533,30.019872279694358,30.072011947631836,739000,0.0,0.0,0.0
2005-02-04 00:00:00-05:00,30.24407772149686,30.551706549045868,30.24407772149686,30.502172470092773,3437400,0.0,0.0,0.0
2005-02-07 00:00:00-05:00,30.455249595223446,30.66641787020151,30.410930671413432,30.43439292907715,1273200,0.0,0.0,0.0
2005-02-08 00:00:00-05:00,30.374430551472585,30.51260247507529,30.36660979941976,30.50478172302246,644000,0.0,0.0,0.0
2005-02-09 00:00:00-05:00,30.397895383371345,30.69770350114026,30.397895383371345,30.684667587280273,536600,0.0,0.0,0.0
2005-02-10 00:00:00-05:00,30.762864413868165,30.85410980034654,30.56994531259957,30.79414939880371,2354400,0.0,0.0,0.0
2005-02-11 00:00:00-05:00,30.841077245608076,30.971428371770408,30.601229661829127,30.919286727905273,2326400,0.0,0.0,0.0
2005-02-14 00:00:00-05:00,31.020972740937587,31.0757199969423,30.869766886306003,30.97926139831543,1390600,0.0,0.0,0.0
2005-02-15 00:00:00-05:00,31.020970826481783,31.08875399168582,30.932332985754268,31.07311248779297,1111200,0.0,0.0,0.0
2005-02-16 00:00:00-05:00,31.075720395507204,31.25821324019796,30.874980454248647,31.23214340209961,995800,0.0,0.0,0.0
2005-02-17 00:00:00-05:00,31.27124291610731,31.315563822754154,31.18781825212632,31.213890075683594,1422400,0.0,0.0,0.0
2005-02-18 00:00:00-05:00,31.02358545230914,31.02358545230914,30.76288305355024,30.893234252929688,1525400,0.0,0.0,0.0
2005-02-22 00:00:00-05:00,30.945359305411365,30.945359305411365,30.058973159935793,30.06157875061035,3470400,0.0,0.0,0.0
2005-02-23 00:00:00-05:00,30.42395904970111,30.442208132002012,30.00683574782276,30.079832077026367,1253600,0.0,0.0,0.0
2005-02-24 00:00:00-05:00,30.077221128750598,30.137181536059032,29.77219796604958,29.98076057434082,1700800,0.0,0.0,0.0
2005-02-25 00:00:00-05:00,29.996404120500987,30.56734275817871,29.993798529744883,30.56734275817871,1358000,0.0,0.0,0.0
2005-02-28 00:00:00-05:00,30.554317899659015,30.554317899659015,29.98077346377855,30.361398696899414,1851400,0.0,0.0,0.0
2005-03-01 00:00:00-05:00,30.361379543112555,30.658579907358888,30.361379543112555,30.622081756591797,1436200,0.0,0.0,0.0
2005-03-02 00:00:00-05:00,30.369213725482368,30.593417887374063,30.322287226737572,30.502172470092773,816600,0.0,0.0,0.0
2005-03-03 00:00:00-05:00,30.551707833614152,30.661202338955473,30.410928331460592,30.556921005249023,681000,0.0,0.0,0.0
2005-03-04 00:00:00-05:00,30.645566235591517,31.242572948541945,30.645566235591517,31.19304084777832,2091800,0.0,0.0,0.0
2005-03-07 00:00:00-05:00,31.193033648412268,31.63101363487601,31.10700140362454,31.492841720581055,1830600,0.0,0.0,0.0
2005-03-08 00:00:00-05:00,31.234749470066415,31.414634736990976,31.104398288585124,31.180002212524414,1202000,0.0,0.0,0.0
2005-03-09 00:00:00-05:00,30.567344201485938,30.893222071437812,30.215396499738045,30.267536163330078,3454000,0.0,0.0,0.0
2005-03-10 00:00:00-05:00,30.371821305690666,30.588204715958383,30.189330471128088,30.502172470092773,2246600,0.0,0.0,0.0
2005-03-11 00:00:00-05:00,30.241463957180642,30.436990663800344,30.06157875061035,30.06157875061035,1622400,0.0,0.0,0.0
2005-03-14 00:00:00-05:00,30.137172946959105,30.536046981811527,30.06156907272566,30.536046981811523,1697000,0.0,0.0,0.0
2005-03-15 00:00:00-05:00,30.76286791982314,30.950573872828237,30.350957855062003,30.46827507019043,3077000,0.0,0.0,0.0
2005-03-16 00:00:00-05:00,30.377041317202995,30.44221691407985,30.045950160229186,30.090269088745117,2140600,0.0,0.0,0.0
2005-03-17 00:00:00-05:00,30.111124410863916,30.525640233747403,30.111124410863916,30.410932540893555,1392800,0.0,0.0,0.0
2005-03-18 00:00:00-05:00,30.4369979073981,30.4369979073981,30.121548317658934,30.20758056640625,1715000,0.0,0.0,0.0
2005-03-21 00:00:00-05:00,30.1867156030533,30.1867156030533,29.853017020987664,29.98076057434082,2452400,0.0,0.0,0.0
2005-03-22 00:00:00-05:00,29.954702651901485,30.267544699685864,29.381156245628485,29.459367752075195,4488800,0.0,0.0,0.0
2005-03-23 00:00:00-05:00,29.1986609462499,29.64185411144082,28.99009828674774,29.302942276000977,4588200,0.0,0.0,0.0
2005-03-24 00:00:00-05:00,29.326668506083564,29.848852891724793,29.326668506083564,29.38205337524414,2596000,0.645,0.0,0.0
2005-03-28 00:00:00-05:00,29.471716293303665,29.598307100958074,29.27391953965733,29.36622428894043,2104800,0.0,0.0,0.0
2005-03-29 00:00:00-05:00,29.221189071859527,29.5693114508746,29.221189071859527,29.32404327392578,1795000,0.0,0.0,0.0
2005-03-30 00:00:00-05:00,29.32667879155933,29.701175689697266,29.32667879155933,29.701175689697266,2178600,0.0,0.0,0.0
2005-03-31 00:00:00-05:00,29.819851476279975,30.028197722240293,29.59040641784668,29.59040641784668,3368800,0.0,0.0,0.0
2005-04-01 00:00:00-05:00,29.827758376471333,30.20489103921689,29.498097028340364,29.66952133178711,4385600,0.0,0.0,0.0
2005-04-04 00:00:00-04:00,29.590401644883347,29.629961408865782,29.194808029245372,29.52446937561035,3131200,0.0,0.0,0.0
2005-04-05 00:00:00-04:00,29.53766250610352,29.66688921618152,29.426896754608087,29.537662506103516,498800,0.0,0.0,0.0
2005-04-06 00:00:00-04:00,29.590405478304454,29.80402742664693,29.556121418194557,29.79611587524414,3000800,0.0,0.0,0.0
2005-04-07 00:00:00-04:00,29.695895346683255,29.9912726539764,29.68534594155565,29.906879425048828,1207000,0.0,0.0,0.0
2005-04-08 00:00:00-04:00,29.840947704574553,29.983361658294108,29.33458832163392,29.418981552124023,845600,0.0,0.0,0.0
2005-04-11 00:00:00-04:00,29.53766964505881,29.904253062721924,29.53766964505881,29.775026321411133,1183400,0.0,0.0,0.0
2005-04-12 00:00:00-04:00,29.64315271550432,30.33412170410156,29.632603309528875,30.334121704101562,2986200,0.0,0.0,0.0
2005-04-13 00:00:00-04:00,30.394788924683404,30.458083366433076,30.196992033633403,30.273473739624023,2363000,0.0,0.0,0.0
2005-04-14 00:00:00-04:00,30.157408685922345,30.32883292662174,29.99917169915846,30.091476440429688,997000,0.0,0.0,0.0
2005-04-15 00:00:00-04:00,30.051931799914282,30.199621472294584,29.74073136424312,29.949077606201172,1901600,0.0,0.0,0.0
2005-04-18 00:00:00-04:00,29.434800770422218,30.18379034068825,29.434800770422218,30.065113067626953,1146200,0.0,0.0,0.0
2005-04-19 00:00:00-04:00,30.19433787904323,30.328840255737305,30.144230728583036,30.328840255737305,930200,0.0,0.0,0.0
2005-04-20 00:00:00-04:00,30.144236013732336,30.32620771894842,30.03874397453714,30.170608520507812,1362200,0.0,0.0,0.0
2005-04-21 00:00:00-04:00,30.302463789288385,30.315649032592773,30.03873477808847,30.315649032592773,1321200,0.0,0.0,0.0
2005-04-22 00:00:00-04:00,30.249728077163915,30.479173126952084,30.212806162774108,30.310386657714844,1757800,0.0,0.0,0.0
2005-04-25 00:00:00-04:00,30.51345474250968,30.803558349609375,30.447522470367616,30.803558349609375,3072000,0.0,0.0,0.0
2005-04-26 00:00:00-04:00,30.853657579933696,30.961787444265962,30.72443092312797,30.782451629638672,1812400,0.0,0.0,0.0
2005-04-27 00:00:00-04:00,30.698052572535676,31.056724133428837,30.53981559263396,31.030351638793945,1845000,0.0,0.0,0.0
2005-04-28 00:00:00-04:00,31.040906457194684,31.040906457194684,30.827286583798074,30.88003158569336,762600,0.0,0.0,0.0
2005-04-29 00:00:00-04:00,31.04091184513124,31.291455677854195,30.785096328233713,31.254533767700195,1396800,0.0,0.0,0.0
2005-05-02 00:00:00-04:00,31.251904915458226,31.370582230552834,30.974988497445768,31.217620849609375,1379200,0.0,0.0,0.0
2005-05-03 00:00:00-04:00,31.19915834038968,31.37058067321777,31.035645547802293,31.370580673217773,1272000,0.0,0.0,0.0
2005-05-04 00:00:00-04:00,31.170137859614076,31.489249776814667,31.067283688454093,31.46287727355957,1628400,0.0,0.0,0.0
2005-05-05 00:00:00-04:00,31.515630827369787,31.77144840371939,31.515630827369787,31.652769088745117,2797800,0.0,0.0,0.0
2005-05-06 00:00:00-04:00,31.412758308111744,31.660664187967505,31.243971925428962,31.444406509399414,2496800,0.0,0.0,0.0
2005-05-09 00:00:00-04:00,31.383770648728916,31.977161270238497,31.35739813463615,31.966611862182617,1352400,0.0,0.0,0.0
2005-05-10 00:00:00-04:00,31.966612972426766,31.990349644400357,31.726620470125315,31.911230087280273,2243400,0.0,0.0,0.0
2005-05-11 00:00:00-04:00,32.06945515076339,32.06945515076339,31.673861537854073,32.006160736083984,2463800,0.0,0.0,0.0
2005-05-12 00:00:00-04:00,32.02989702612525,32.05099583612913,31.615842437242073,31.72661018371582,1030800,0.0,0.0,0.0
2005-05-13 00:00:00-04:00,31.80572119193914,31.832093692998477,31.357382637651835,31.410127639770508,2319800,0.0,0.0,0.0
2005-05-16 00:00:00-04:00,31.42332603546889,31.795183060037143,31.42332603546889,31.78990936279297,1338000,0.0,0.0,0.0
2005-05-17 00:00:00-04:00,31.77935316847944,32.05363164474571,31.673861137285776,31.979787826538086,993200,0.0,0.0,0.0
2005-05-18 00:00:00-04:00,32.240880577089726,32.425490131385054,32.22769331802867,32.3490104675293,3209600,0.0,0.0,0.0
2005-05-19 00:00:00-04:00,32.33055140136939,32.88701999772913,32.33055140136939,32.88438415527344,2440800,0.0,0.0,0.0
2005-05-20 00:00:00-04:00,32.88438973992603,32.931861069405606,32.5916502101509,32.87384033203125,1903000,0.0,0.0,0.0
2005-05-23 00:00:00-04:00,32.905480955386366,33.04525907718371,32.85009808241466,32.88438415527344,1935000,0.0,0.0,0.0
2005-05-24 00:00:00-04:00,32.70240894568453,32.7683412217847,32.38857066757784,32.517799377441406,1964000,0.0,0.0,0.0
2005-05-25 00:00:00-04:00,32.465046828569456,32.47295837842116,32.0325313318698,32.132747650146484,1929600,0.0,0.0,0.0
2005-05-26 00:00:00-04:00,32.17231520335698,32.44395587855084,31.937596444475282,32.01144027709961,1171800,0.0,0.0,0.0
2005-05-27 00:00:00-04:00,32.01671259113937,32.17758750033681,31.985064375330694,32.174949645996094,684600,0.0,0.0,0.0
2005-05-31 00:00:00-04:00,32.23824391754262,32.570543139681774,32.203959859643916,32.42549133300781,1596000,0.0,0.0,0.0
2005-06-01 00:00:00-04:00,32.42549955092545,32.87384033203125,32.42549955092545,32.87384033203125,1925600,0.0,0.0,0.0
2005-06-02 00:00:00-04:00,32.85273826873138,32.887022331930034,32.70505059699115,32.781532287597656,941800,0.0,0.0,0.0
2005-06-03 00:00:00-04:00,32.95822688182375,33.12701334963381,32.67076110839844,32.67076110839844,2314600,0.0,0.0,0.0
2005-06-06 00:00:00-04:00,32.72878641954931,33.01888807598766,32.72878641954931,32.992515563964844,734400,0.0,0.0,0.0
2005-06-07 00:00:00-04:00,33.045248878838876,33.546332435490235,33.045248878838876,33.2298583984375,2892600,0.0,0.0,0.0
2005-06-08 00:00:00-04:00,33.28260969970504,33.66765593418728,33.28260969970504,33.403926849365234,2501200,0.0,0.0,0.0
2005-06-09 00:00:00-04:00,33.78895419161611,34.17927596281496,33.19820186494768,33.440834045410156,984400,0.0,2.0,0.0
2005-06-10 00:00:00-04:00,33.49359198313728,33.5463369924467,33.330079234929066,33.40919876098633,696900,0.0,0.0,0.0
2005-06-13 00:00:00-04:00,33.33535009966515,33.59907913208008,33.28260308592647,33.59907913208008,809200,0.0,0.0,0.0
2005-06-14 00:00:00-04:00,33.62546102678716,33.87336703038395,33.52524469082565,33.85226821899414,887600,0.0,0.0,0.0
2005-06-15 00:00:00-04:00,33.88918878418254,33.89973617736429,33.67293100627694,33.76259994506836,1054600,0.0,0.0,0.0
2005-06-16 00:00:00-04:00,33.81006759266224,33.92083332447867,33.6518305454826,33.90501022338867,2226000,0.0,0.0,0.0
2005-06-17 00:00:00-04:00,33.8100732685589,34.32170841868772,33.8100732685589,34.305885314941406,2433300,0.0,0.0,0.0
2005-06-20 00:00:00-04:00,34.30215322104732,34.36608166706723,34.1743003933756,34.243553161621094,979600,0.643,0.0,0.0
2005-06-21 00:00:00-04:00,34.21158745449546,34.27551182957705,33.859989166259766,33.859989166259766,2148700,0.0,0.0,0.0
2005-06-22 00:00:00-04:00,33.88660737497387,34.147641254313776,33.76940732912497,33.88127899169922,1685800,0.0,0.0,0.0
2005-06-23 00:00:00-04:00,33.881308229879814,33.99318202117935,33.73214588439316,33.74812698364258,987000,0.0,0.0,0.0
2005-06-24 00:00:00-04:00,33.74812959378548,33.92392982786393,33.46578598022461,33.46578598022461,1314700,0.0,0.0,0.0
2005-06-27 00:00:00-04:00,33.50839451937896,33.69484740757492,33.4977397783129,33.60961151123047,854900,0.0,0.0,0.0
2005-06-28 00:00:00-04:00,33.588279700639724,33.78538719887072,33.56164388177327,33.77473449707031,617800,0.0,0.0,0.0
2005-06-29 00:00:00-04:00,33.764098249738,33.98784168934033,33.764098249738,33.870643615722656,412900,0.0,0.0,0.0
2005-06-30 00:00:00-04:00,33.94520739789832,34.02511485737301,33.55099035506834,33.88127899169922,1957800,0.0,0.0,0.0
2005-07-01 00:00:00-04:00,33.93456697418094,34.22756518018156,33.82269526442893,34.174293518066406,1497300,0.0,0.0,0.0
2005-07-05 00:00:00-04:00,34.17430035934586,34.723006311274034,34.067754981602825,34.54187774658203,1238100,0.0,0.0,0.0
2005-07-06 00:00:00-04:00,34.573851097930884,34.653760655685396,34.392722496062746,34.414031982421875,769800,0.0,0.0,0.0
2005-07-07 00:00:00-04:00,34.12102188758398,34.56850872700685,34.06774819323579,34.54719924926758,888000,0.0,0.0,0.0
2005-07-08 00:00:00-04:00,34.520566388921274,35.18647234500102,34.47261904661248,35.02665328979492,2174000,0.0,0.0,0.0
2005-07-11 00:00:00-04:00,35.15984034314282,35.554055596845906,35.13320247471139,35.46349334716797,2528800,0.0,0.0,0.0
2005-07-12 00:00:00-04:00,35.53275125155143,35.64995138660313,35.33564562839055,35.522098541259766,1915500,0.0,0.0,0.0
2005-07-13 00:00:00-04:00,35.42620263095233,35.42620263095233,35.202459168731494,35.213111877441406,1501300,0.0,0.0,0.0
2005-07-14 00:00:00-04:00,35.21310983212718,35.399562706481305,34.595151153643826,34.627113342285156,3594700,0.0,0.0,0.0
2005-07-15 00:00:00-04:00,34.62711861733412,34.87749997148149,34.47795629512763,34.78693771362305,968800,0.0,0.0,0.0
2005-07-18 00:00:00-04:00,34.893476483674064,35.07992936193462,34.68038573807575,34.93076705932617,556800,0.0,0.0,0.0
2005-07-19 00:00:00-04:00,35.01068186470991,35.23442535228722,34.94675341210131,35.1651725769043,894000,0.0,0.0,0.0
2005-07-20 00:00:00-04:00,35.181156229361484,35.5327525833258,35.00002763266504,35.50611877441406,1117300,0.0,0.0,0.0
2005-07-21 00:00:00-04:00,35.47414384199726,35.47947222822462,34.850856777534354,34.925437927246094,3951200,0.0,0.0,0.0
2005-07-22 00:00:00-04:00,35.0213226108672,35.26105117797852,34.98403204234328,35.261051177978516,1477500,0.0,0.0,0.0
2005-07-25 00:00:00-04:00,35.266377247349496,35.463486870386475,35.218433970170615,35.34628677368164,962300,0.0,0.0,0.0
2005-07-26 00:00:00-04:00,35.436856033716545,35.73518472022202,35.36760326482556,35.66592788696289,1612500,0.0,0.0,0.0
2005-07-27 00:00:00-04:00,35.69256914736169,35.809769278443035,35.43685940096888,35.7138786315918,2317300,0.0,0.0,0.0
2005-07-28 00:00:00-04:00,35.879016276858664,36.30519776410226,35.815091898829635,36.19865036010742,2161200,0.0,0.0,0.0
2005-07-29 00:00:00-04:00,36.27855506996334,36.27855506996334,36.04415894109806,36.11874008178711,2476600,0.0,0.0,0.0
2005-08-01 00:00:00-04:00,36.11873725228055,36.278552227937034,35.905646553704884,36.04948043823242,2551500,0.0,0.0,0.0
2005-08-02 00:00:00-04:00,36.145370858138016,36.42238998413086,36.038827541597385,36.42238998413086,1966200,0.0,0.0,0.0
2005-08-03 00:00:00-04:00,36.35314195415091,36.47034206928387,36.092107920498016,36.305198669433594,1856500,0.0,0.0,0.0
2005-08-04 00:00:00-04:00,36.25192595043784,36.25192595043784,35.57003476068031,35.79910659790039,3108800,0.0,0.0,0.0
2005-08-05 00:00:00-04:00,35.26639111494241,35.43686294144651,34.20094118319951,34.414031982421875,7452300,0.0,0.0,0.0
2005-08-08 00:00:00-04:00,34.25421923012639,34.25421923012639,33.09820491986781,33.2686767578125,10335200,0.0,0.0,0.0
2005-08-09 00:00:00-04:00,33.295281628743325,33.93455144245174,33.24200999101042,33.77473449707031,4722600,0.0,0.0,0.0
2005-08-10 00:00:00-04:00,33.780089610533196,34.1476691011098,33.60429143058246,33.70018005371094,2521100,0.0,0.0,0.0
2005-08-11 00:00:00-04:00,33.68951407695741,34.174293518066406,33.68418569143571,34.174293518066406,1836100,0.0,0.0,0.0
2005-08-12 00:00:00-04:00,34.06775064110259,34.24887715053359,33.806714600499404,34.11569595336914,2041400,0.0,0.0,0.0
2005-08-15 00:00:00-04:00,34.06775876050634,34.59515732113386,33.96121337094495,34.46730041503906,1087600,0.0,0.0,0.0
2005-08-16 00:00:00-04:00,34.227569730265735,34.68571340122106,34.227569730265735,34.55253219604492,2729700,0.0,0.0,0.0
2005-08-17 00:00:00-04:00,34.360754614210315,34.49393583364524,34.09439217534047,34.22757339477539,4067100,0.0,0.0,0.0
2005-08-18 00:00:00-04:00,34.12103345413488,34.137014551764885,33.881304796578874,33.987850189208984,1588200,0.0,0.0,0.0
2005-08-19 00:00:00-04:00,33.96119907308622,34.0144707293471,33.82801790025059,33.83867263793945,585100,0.0,0.0,0.0
2005-08-22 00:00:00-04:00,33.801378022017715,34.046430862948874,33.801378022017715,33.99848556518555,642800,0.0,0.0,0.0
2005-08-23 00:00:00-04:00,34.1689599603309,34.248869473591235,33.94521657469531,34.041107177734375,2573000,0.0,0.0,0.0
2005-08-24 00:00:00-04:00,33.53503954117046,34.49394414573465,33.53503954117046,34.131690979003906,2654500,0.0,0.0,0.0
2005-08-25 00:00:00-04:00,34.18495383610867,34.43000678789385,34.08906522938829,34.323463439941406,1037700,0.0,0.0,0.0
2005-08-26 00:00:00-04:00,34.35541557472993,34.40336291233084,33.82801924732201,33.97185516357422,2234600,0.0,0.0,0.0
2005-08-29 00:00:00-04:00,33.56698114991391,33.90792665171398,33.44978310234778,33.75876235961914,900400,0.0,0.0,0.0
2005-08-30 00:00:00-04:00,33.56167254573791,34.01448794975107,33.56167254573791,33.9505615234375,1648200,0.0,0.0,0.0
2005-08-31 00:00:00-04:00,34.291496855083864,34.64842149580124,33.91858705629023,34.568511962890625,3230900,0.0,0.0,0.0
2005-09-01 00:00:00-04:00,34.616458893568556,35.2876892074918,34.51523988213686,34.84020233154297,3146800,0.0,0.0,0.0
2005-09-02 00:00:00-04:00,34.85617868175594,35.00001256820409,34.627106888992536,34.73365020751953,699300,0.0,0.0,0.0
2005-09-06 00:00:00-04:00,34.73365469213751,35.511436462402344,34.73365469213751,35.511436462402344,1107000,0.0,0.0,0.0
2005-09-07 00:00:00-04:00,35.47947962836916,35.53275130865044,35.127883287017745,35.29835510253906,971700,0.0,0.0,0.0
2005-09-08 00:00:00-04:00,34.893484219367664,35.29302793180317,34.893484219367664,35.10657501220703,972400,0.0,0.0,0.0
2005-09-09 00:00:00-04:00,35.18647807348258,35.324983608551825,35.1172212415799,35.213111877441406,587200,0.0,0.0,0.0
2005-09-12 00:00:00-04:00,35.186473100141335,35.2876880438678,35.13319737101767,35.18114471435547,1164900,0.0,0.0,0.0
2005-09-13 00:00:00-04:00,35.04263820270349,35.18114779469093,34.89347590257911,34.95207595825195,1468800,0.0,0.0,0.0
2005-09-14 00:00:00-04:00,35.047967172623636,35.159838899579974,34.81356694602871,34.93076705932617,1466200,0.0,0.0,0.0
2005-09-15 00:00:00-04:00,34.930755653810536,35.106555766354866,34.872155616295764,35.079917907714844,1597000,0.0,0.0,0.0
2005-09-16 00:00:00-04:00,35.00003306497672,35.00003306497672,34.73367054830454,34.866851806640625,2925000,0.0,0.0,0.0
2005-09-19 00:00:00-04:00,34.62711085391442,34.941416524615065,34.57916757439772,34.61112976074219,875300,0.0,0.0,0.0
2005-09-20 00:00:00-04:00,34.6004822501791,34.77628245086323,34.328795464796684,34.37141036987305,2265200,0.0,0.0,0.0
2005-09-21 00:00:00-04:00,34.307495458103176,34.307495458103176,33.57233428955078,33.57233428955078,3974300,0.0,0.0,0.0
2005-09-22 00:00:00-04:00,33.561660940914564,33.89727811933516,33.18875319068987,33.812042236328125,4896700,0.0,0.0,0.0
2005-09-23 00:00:00-04:00,33.83465598874534,33.96385844578261,33.527802463585616,33.75390625,1972500,0.662,0.0,0.0
2005-09-26 00:00:00-04:00,34.01229498949103,34.01229498949103,33.856176017688334,33.9692268371582,816600,0.0,0.0,0.0
2005-09-27 00:00:00-04:00,33.915411456107016,33.990778708544006,33.54934018403852,33.807743072509766,2955400,0.0,0.0,0.0
2005-09-28 00:00:00-04:00,33.823881977922,34.017682531380245,33.495494455246586,33.62469482421875,2422600,0.0,0.0,0.0
2005-09-29 00:00:00-04:00,33.56548645594797,34.16842852396786,33.40398492307255,34.16304397583008,2386300,0.0,0.0,0.0
2005-09-30 00:00:00-04:00,34.179195859376684,34.599098205566406,34.179195859376684,34.599098205566406,2516800,0.0,0.0,0.0
2005-10-03 00:00:00-04:00,34.42681816618764,34.73366952328689,34.26531669533443,34.658302307128906,2668200,0.0,0.0,0.0
2005-10-04 00:00:00-04:00,34.50758152249,34.61525195044573,34.049993498497024,34.06614303588867,1155100,0.0,0.0,0.0
2005-10-05 00:00:00-04:00,33.8615779180722,34.05537854208791,33.42013939842985,33.430904388427734,2995700,0.0,0.0,0.0
2005-10-06 00:00:00-04:00,33.377070161593416,33.54395625169865,32.994849367123884,33.18865203857422,4826300,0.0,0.0,0.0
2005-10-07 00:00:00-04:00,33.29631318150425,33.377064966574345,32.806424084300275,33.059444427490234,3241600,0.0,0.0,0.0
2005-10-10 00:00:00-04:00,32.97330946600891,33.05944374328619,32.569554656221044,32.72567367553711,2638800,0.0,0.0,0.0
2005-10-11 00:00:00-04:00,32.54262177762579,32.83870807909392,32.29498611120533,32.494171142578125,2469100,0.0,0.0,0.0
2005-10-12 00:00:00-04:00,32.198104251621686,32.332689201932354,31.63284581743418,31.86971664428711,5269300,0.0,0.0,0.0
2005-10-13 00:00:00-04:00,31.78895100785963,32.15502207756077,31.492864656849065,32.03120422363281,3221100,0.0,0.0,0.0
2005-10-14 00:00:00-04:00,32.30038332702168,32.93562436340802,32.095813657608346,32.618003845214844,4508700,0.0,0.0,0.0
2005-10-17 00:00:00-04:00,32.655686505317526,32.892555236816406,32.494185004131786,32.892555236816406,1491300,0.0,0.0,0.0
2005-10-18 00:00:00-04:00,32.73105351115989,32.811805288000464,32.34883281513423,32.44034957885742,1841000,0.0,0.0,0.0
2005-10-19 00:00:00-04:00,32.165786383581946,32.84409327653774,32.004284937983165,32.83871078491211,3737600,0.0,0.0,0.0
2005-10-20 00:00:00-04:00,32.33806418146832,32.897937937519075,31.75665839911014,32.35421371459961,1822900,0.0,0.0,0.0
2005-10-21 00:00:00-04:00,33.403993211241385,33.403993211241385,32.445748765298866,32.585716247558594,1538200,0.0,0.0,0.0
2005-10-24 00:00:00-04:00,32.89255633681528,33.38782995109798,32.623386474636426,33.09712600708008,3506600,0.0,0.0,0.0
2005-10-25 00:00:00-04:00,33.194027250010436,33.517030262485726,33.027141196523125,33.12404251098633,4917500,0.0,0.0,0.0
2005-10-26 00:00:00-04:00,32.90332635919469,33.21556441334438,32.80642503574156,32.81719207763672,4456100,0.0,0.0,0.0
2005-10-27 00:00:00-04:00,32.784903882043864,32.87642068810876,32.472665724308236,32.48343276977539,1986000,0.0,0.0,0.0
2005-10-28 00:00:00-04:00,32.704139008061894,33.44704841979711,32.30576669927544,33.40398025512695,2180200,0.0,0.0,0.0
2005-10-31 00:00:00-05:00,33.64623877886579,33.88310756057177,33.49011973806703,33.538570404052734,2885100,0.0,0.0,0.0
2005-11-01 00:00:00-05:00,33.05406034442036,33.29631158077795,32.64492099835272,32.97330856323242,4538200,0.0,0.0,0.0
2005-11-02 00:00:00-05:00,32.97332244636164,33.285560607910156,32.79028677839278,33.285560607910156,2152500,0.0,0.0,0.0
2005-11-03 00:00:00-05:00,33.37706309940583,33.64623296311071,32.86563994764593,33.048675537109375,2719500,0.0,0.0,0.0
2005-11-04 00:00:00-05:00,33.080984332017906,33.14558453927995,32.623394225435874,33.01638412475586,3364100,0.0,0.0,0.0
2005-11-07 00:00:00-05:00,33.027142734744686,33.34476326836639,32.93024141576835,33.204795837402344,1643400,0.0,0.0,0.0
2005-11-08 00:00:00-05:00,32.69876174284381,33.124048642148225,32.69876174284381,33.0109977722168,3771400,0.0,0.0,0.0
2005-11-09 00:00:00-05:00,33.064816607593315,33.6731409188517,33.00021643184986,33.296302795410156,5259300,0.0,0.0,0.0
2005-11-10 00:00:00-05:00,33.21556130321788,34.15765581799698,33.21556130321788,34.15227127075195,2730500,0.0,0.0,0.0
2005-11-11 00:00:00-05:00,34.1576566253228,34.49142668629585,34.10382141961546,34.464508056640625,1884900,0.0,0.0,0.0
2005-11-14 00:00:00-05:00,34.45375161224235,34.88442515027828,34.21149826049805,34.21149826049805,2119400,0.0,0.0,0.0
2005-11-15 00:00:00-05:00,34.26532579413983,34.58294427411664,34.15227288628019,34.20610809326172,1998600,0.0,0.0,0.0
2005-11-16 00:00:00-05:00,34.211493058342775,34.27071076349833,33.980006785609234,34.076908111572266,1652000,0.0,0.0,0.0
2005-11-17 00:00:00-05:00,34.10382081926318,34.647545092518655,34.09843832558875,34.60447692871094,2287900,0.0,0.0,0.0
2005-11-18 00:00:00-05:00,34.534498808112566,35.08898814201595,34.50758017537278,34.87903594970703,1870000,0.0,0.0,0.0
2005-11-21 00:00:00-05:00,34.776742078165256,35.04591191484952,34.62600762677499,35.00822830200195,1701700,0.0,0.0,0.0
2005-11-22 00:00:00-05:00,34.857494140432514,35.487350577781214,34.857494140432514,35.465816497802734,2837100,0.0,0.0,0.0
2005-11-23 00:00:00-05:00,35.53041992091287,35.71883799299168,35.37430091627445,35.643470764160156,1816700,0.0,0.0,0.0
2005-11-25 00:00:00-05:00,35.5842619739852,35.84266689979173,35.557347446784846,35.76729965209961,359200,0.0,0.0,0.0
2005-11-28 00:00:00-05:00,35.66500382166256,35.745755595152765,35.34738538172843,35.37968444824219,2294800,0.0,0.0,0.0
2005-11-29 00:00:00-05:00,35.53042649986442,35.55734513251972,35.3796920142908,35.44429016113281,1661800,0.0,0.0,0.0
2005-11-30 00:00:00-05:00,35.50350318696275,35.55734044517626,35.1212824754425,35.12666702270508,2045100,0.0,0.0,0.0
2005-12-01 00:00:00-05:00,35.36892018356332,35.638090060476905,35.304322041716134,35.611175537109375,3474000,0.0,0.0,0.0
2005-12-02 00:00:00-05:00,35.4927574748586,35.627342479069775,35.352787920460635,35.58427429199219,856900,0.0,0.0,0.0
2005-12-05 00:00:00-05:00,35.530427073704374,35.530427073704374,35.164355842596116,35.26125717163086,2488600,0.0,0.0,0.0
2005-12-06 00:00:00-05:00,35.39584426161096,35.42276289632769,35.15897341916618,35.23434066772461,1828500,0.0,0.0,0.0
2005-12-07 00:00:00-05:00,35.50350178987508,35.50350178987508,34.846730801899845,34.959781646728516,1123800,0.0,0.0,0.0
2005-12-08 00:00:00-05:00,35.234338538540804,35.47659391473102,35.0243863435,35.26125717163086,1298400,0.0,0.0,0.0
2005-12-09 00:00:00-05:00,35.20742554116718,35.43891183128852,35.14282328327044,35.342010498046875,533800,0.0,0.0,0.0
2005-12-12 00:00:00-05:00,35.50349678349703,35.50349678349703,35.16434429683519,35.31507873535156,945700,0.0,0.0,0.0
2005-12-13 00:00:00-05:00,35.26126158645658,35.578880139210966,35.25587703772305,35.557350158691406,1095400,0.0,0.0,0.0
2005-12-14 00:00:00-05:00,35.42276472102801,35.77806689579052,35.34201291992514,35.718849182128906,1308600,0.0,0.0,0.0
2005-12-15 00:00:00-05:00,35.66500188733235,35.87495402269643,35.35814845047673,35.39583206176758,1917600,0.0,0.0,0.0
2005-12-16 00:00:00-05:00,35.52504517105776,35.59503197942085,35.46044701836207,35.551963806152344,1388700,0.0,0.0,0.0
2005-12-19 00:00:00-05:00,35.58425101195853,35.58425101195853,35.04591134730801,35.11589813232422,2229900,0.0,0.0,0.0
2005-12-20 00:00:00-05:00,35.01900100708008,35.164350926709254,34.846732458124,35.01900100708008,1479400,0.0,0.0,0.0
2005-12-21 00:00:00-05:00,35.126679736722984,35.32586698547233,35.045927927380944,35.2504997253418,1021100,0.0,0.0,0.0
2005-12-22 00:00:00-05:00,34.99900230211422,35.52812957763672,34.99354618040326,35.52812957763672,2346300,0.859,0.0,0.0
2005-12-23 00:00:00-05:00,35.53906633614273,35.71908102056668,35.51178987057389,35.62089157104492,1745500,0.0,0.0,0.0
2005-12-27 00:00:00-05:00,35.67541845211573,35.81179237268054,35.51722420484433,35.53358840942383,648700,0.0,0.0,0.0
2005-12-28 00:00:00-05:00,35.56633859688434,35.648163831687555,35.30450283967926,35.45724105834961,1932500,0.0,0.0,0.0
2005-12-29 00:00:00-05:00,35.56631762685975,35.620870525766854,35.18992842757228,35.260841369628906,1931700,0.0,0.0,0.0
2005-12-30 00:00:00-05:00,35.23902074271055,35.244476864915235,34.911724161060974,34.99354934692383,2427800,0.0,0.0,0.0
2006-01-03 00:00:00-05:00,35.12993729073563,35.94818115234375,34.88991775955347,35.94818115234375,2090100,0.0,0.0,0.0
2006-01-04 00:00:00-05:00,35.89363660578279,36.11183166503906,35.751806487823025,36.11183166503906,1084400,0.0,0.0,0.0
2006-01-05 00:00:00-05:00,36.00272104017019,36.5482168135061,36.00272104017019,36.368202209472656,2658500,0.0,0.0,0.0
2006-01-06 00:00:00-05:00,36.3845650571421,36.76095845845535,36.335472437041574,36.68458938598633,2354800,0.0,0.0,0.0
2006-01-09 00:00:00-05:00,36.766428957791625,37.06644924214824,36.73369636978978,37.03917694091797,2248000,0.0,0.0,0.0
2006-01-10 00:00:00-05:00,36.82643050812445,37.48102394355683,36.82643050812445,37.284645080566406,2563500,0.0,0.0,0.0
2006-01-11 00:00:00-05:00,37.393742403223875,37.50829603298453,37.164630981899464,37.32828140258789,1472000,0.0,0.0,0.0
2006-01-12 00:00:00-05:00,37.328272863166255,37.328272863166255,37.077345327503174,37.23008346557617,1454300,0.0,0.0,0.0
2006-01-13 00:00:00-05:00,36.8918786776532,36.957339670521506,36.548217829150424,36.630043029785156,2546800,0.0,0.0,0.0
2006-01-17 00:00:00-05:00,36.38456583564812,36.6191291809082,36.30274480039656,36.6191291809082,740400,0.0,0.0,0.0
2006-01-18 00:00:00-05:00,36.22092759712063,36.71732668834331,36.204563386458815,36.553680419921875,1366100,0.0,0.0,0.0
2006-01-19 00:00:00-05:00,36.411846851277,37.02280368246134,36.37911843307526,36.984619140625,1605900,0.0,0.0,0.0
2006-01-20 00:00:00-05:00,36.93005983216819,36.97915661277092,36.48275349306496,36.504573822021484,1286900,0.0,0.0,0.0
2006-01-23 00:00:00-05:00,36.68458420821966,36.80459392281884,36.57548673774862,36.71186065673828,457400,0.0,0.0,0.0
2006-01-24 00:00:00-05:00,36.87552546115009,37.12645309923385,36.74460759819417,37.06644821166992,1810900,0.0,0.0,0.0
2006-01-25 00:00:00-05:00,37.093727059694324,37.27374173396406,36.86461974433508,36.930076599121094,2116200,0.0,0.0,0.0
2006-01-26 00:00:00-05:00,37.08281761705113,37.23555582171325,36.951895588651645,37.03917694091797,1484000,0.0,0.0,0.0
2006-01-27 00:00:00-05:00,37.306461287281486,37.715583179592784,37.25736865786962,37.59557342529297,1995600,0.0,0.0,0.0
2006-01-30 00:00:00-05:00,37.63920495640679,37.704665941536256,37.31736447690832,37.459190368652344,947600,0.0,0.0,0.0
2006-01-31 00:00:00-05:00,37.36647124495355,37.710132182971684,37.24100534972578,37.546485900878906,2250000,0.0,0.0,0.0
2006-02-01 00:00:00-05:00,37.639217148505345,37.85741634114723,37.44829441561999,37.742862701416016,1965800,0.0,0.0,0.0
2006-02-02 00:00:00-05:00,37.72104339946599,37.748315698166294,37.44829544164166,37.57375717163086,2095100,0.0,0.0,0.0
2006-02-03 00:00:00-05:00,37.148268237535376,37.33373899908517,36.793695086592756,37.093719482421875,3343900,0.0,0.0,0.0
2006-02-06 00:00:00-05:00,36.984627746037454,37.295560276709104,36.984627746037454,37.186458587646484,930400,0.0,0.0,0.0
2006-02-07 00:00:00-05:00,37.14826645813276,37.3937420870901,36.89733886718749,36.8973388671875,1545100,0.0,0.0,0.0
2006-02-08 00:00:00-05:00,36.93551953613854,36.93551953613854,36.499125400101754,36.81550979614258,1174500,0.0,0.0,0.0
2006-02-09 00:00:00-05:00,36.90279530221511,37.1428106476027,36.717324547985115,36.95734405517578,909100,0.0,0.0,0.0
2006-02-10 00:00:00-05:00,36.957335580467124,37.170078581491694,36.679131593818795,36.94097137451172,1071000,0.0,0.0,0.0
2006-02-13 00:00:00-05:00,36.94643459878866,37.07189630976395,36.89733780968312,36.984619140625,607700,0.0,0.0,0.0
2006-02-14 00:00:00-05:00,37.011886774710746,37.257362365722656,36.62458528148119,37.257362365722656,1469600,0.0,0.0,0.0
2006-02-15 00:00:00-05:00,37.301001901287044,37.56284172066067,37.137355655755925,37.55192947387695,1896200,0.0,0.0,0.0
2006-02-16 00:00:00-05:00,37.639215900875676,37.884687383333976,37.5846671449742,37.873779296875,1262100,0.0,0.0,0.0
2006-02-17 00:00:00-05:00,37.92831957066322,38.168339037116844,37.731940763892496,38.14651870727539,2154700,0.0,0.0,0.0
2006-02-21 00:00:00-05:00,38.15744151448984,38.39200494853971,38.05380011000546,38.1901741027832,1711800,0.0,0.0,0.0
2006-02-22 00:00:00-05:00,38.1847155507145,38.702935025609854,38.03197735440024,38.69748306274414,3120400,0.0,0.0,0.0
2006-02-23 00:00:00-05:00,38.69747947342694,38.78475665102397,38.375634736642276,38.593833923339844,1121800,0.0,0.0,0.0
2006-02-24 00:00:00-05:00,38.48473984599261,38.544744731735484,38.299269064113616,38.370182037353516,1492200,0.0,0.0,0.0
2006-02-27 00:00:00-05:00,38.48473192908216,38.555644887734154,38.22289210317745,38.39199447631836,865800,0.0,0.0,0.0
2006-02-28 00:00:00-05:00,38.48473447092026,38.48473447092026,38.08652066313546,38.21198654174805,1664400,0.0,0.0,0.0
2006-03-01 00:00:00-05:00,38.49565802732852,38.55020680272412,38.08107984307336,38.39746856689453,1278500,0.0,0.0,0.0
2006-03-02 00:00:00-05:00,38.321066961354106,38.37015956904924,38.130144328426475,38.30470275878906,1905000,0.0,0.0,0.0
2006-03-03 00:00:00-05:00,38.18470324404734,38.266528440502206,38.00468864420712,38.14651870727539,3257600,0.0,0.0,0.0
2006-03-06 00:00:00-05:00,38.26652908120925,38.948398793412544,38.184703883384365,38.84475326538086,3646600,0.0,0.0,0.0
2006-03-07 00:00:00-05:00,38.73020050914087,38.76292892427319,38.282894134521484,38.282894134521484,3091400,0.0,0.0,0.0
2006-03-08 00:00:00-05:00,38.184703188221114,38.457451068136976,37.993780504640476,38.35380554199219,3568400,0.0,0.0,0.0
2006-03-09 00:00:00-05:00,38.46836763004258,38.959314754449636,38.4301830849111,38.74111557006836,2889900,0.0,0.0,0.0
2006-03-10 00:00:00-05:00,38.86658249627828,39.22115566018395,38.64838330604376,39.16660690307617,1402800,0.0,0.0,0.0
2006-03-13 00:00:00-05:00,39.253881009780926,39.406619182449624,38.806574577621284,39.019317626953125,1564300,0.0,0.0,0.0
2006-03-14 00:00:00-05:00,39.01386229382328,39.341163141093126,38.91567287200296,39.32479476928711,1368200,0.0,0.0,0.0
2006-03-15 00:00:00-05:00,39.46115227722506,40.09392921211496,39.41205966769124,40.01210403442383,2513700,0.0,0.0,0.0
2006-03-16 00:00:00-05:00,40.14848978443084,40.7048978273926,40.09939716041797,40.443058013916016,3079600,0.0,0.0,0.0
2006-03-17 00:00:00-05:00,40.83034709518266,40.92308035350039,40.31212791112344,40.90126419067383,2384000,0.0,0.0,0.0
2006-03-20 00:00:00-05:00,40.90128032641214,40.90128032641214,40.09394464388614,40.25759506225586,2123100,0.0,0.0,0.0
2006-03-21 00:00:00-05:00,40.175764451123264,40.252133526279906,39.586628018369915,39.668453216552734,2864400,0.0,0.0,0.0
2006-03-22 00:00:00-05:00,39.646630824795835,39.90847061300582,39.53753334075965,39.78300476074219,1903300,0.0,0.0,0.0
2006-03-23 00:00:00-05:00,39.76665431017278,40.033946151783084,39.750290098086964,40.017581939697266,1318100,0.0,0.0,0.0
2006-03-24 00:00:00-05:00,40.06697753389834,40.06697753389834,39.78157076930321,39.90231704711914,1738700,0.45,0.0,0.0
2006-03-27 00:00:00-05:00,39.79254404788012,39.84193967877199,39.43578247064253,39.507137298583984,1659400,0.0,0.0,0.0
2006-03-28 00:00:00-05:00,39.46873477114402,40.17676425625111,39.38091469353868,39.95173263549805,2374100,0.0,0.0,0.0
2006-03-29 00:00:00-05:00,40.25908063879385,40.83538818359376,40.25908063879385,40.83538818359375,3270000,0.0,0.0,0.0
2006-03-30 00:00:00-05:00,40.73110467388649,40.81343492489299,39.99014078980907,40.20419692993164,2476800,0.0,0.0,0.0
2006-03-31 00:00:00-05:00,40.204199706616045,40.45118628920303,39.87488286733646,40.34141540527344,3175000,0.0,0.0,0.0
2006-04-03 00:00:00-04:00,40.14930464730342,40.41824617975234,39.463226318359375,39.463226318359375,3070200,0.0,0.0,0.0
2006-04-04 00:00:00-04:00,39.46322687560023,40.44020175981356,39.11744071293628,39.33150100708008,2234100,0.0,0.0,0.0
2006-04-05 00:00:00-04:00,39.50714379321029,39.75413036325186,39.49616419288054,39.71022033691406,2038800,0.0,0.0,0.0
2006-04-06 00:00:00-04:00,39.43578053479391,39.69923644908758,39.34247488936292,39.47969055175781,2294500,0.0,0.0,0.0
2006-04-07 00:00:00-04:00,39.47419177039897,39.49065697614134,38.83202362151399,38.892398834228516,3203000,0.0,0.0,0.0
2006-04-10 00:00:00-04:00,38.7991149549842,38.85949020153602,38.376488229121456,38.42588806152344,2632700,0.0,0.0,0.0
2006-04-11 00:00:00-04:00,38.55760438754092,38.6783548506391,38.28317303958689,38.33805847167969,1465200,0.0,0.0,0.0
2006-04-12 00:00:00-04:00,38.283164453099666,38.530150935865954,38.17339361353445,38.29413986206055,1293500,0.0,0.0,0.0
2006-04-13 00:00:00-04:00,37.99227197094497,38.2008382631361,37.73430586449121,37.86054611206055,2149500,0.0,0.0,0.0
2006-04-17 00:00:00-04:00,37.87700699114644,37.95384741566928,37.64099591940084,37.690391540527344,2227000,0.0,0.0,0.0
2006-04-18 00:00:00-04:00,37.76175412696426,38.79910425903222,37.76175412696426,38.59602355957031,4583700,0.0,0.0,0.0
2006-04-19 00:00:00-04:00,38.69481553772677,39.1887927437914,38.55759987979157,39.133907318115234,2575100,0.0,0.0,0.0
2006-04-20 00:00:00-04:00,39.216234778606825,39.260144795728756,38.76616757183134,39.17232894897461,3591600,0.0,0.0,0.0
2006-04-21 00:00:00-04:00,39.34247112305188,39.40833614219237,39.079015233979234,39.17781066894531,2164600,0.0,0.0,0.0
2006-04-24 00:00:00-04:00,39.14489274542419,39.17782317175887,38.81008611938619,38.98023223876953,1067100,0.0,0.0,0.0
2006-04-25 00:00:00-04:00,38.99668834628485,38.99668834628485,38.606992225874,38.705787658691406,2722300,0.0,0.0,0.0
2006-04-26 00:00:00-04:00,38.69480798486815,38.92532924020623,38.480751935270106,38.530147552490234,3325000,0.0,0.0,0.0
2006-04-27 00:00:00-04:00,38.475275824894794,39.08451377894189,38.250244287245906,38.91436767578125,3741400,0.0,0.0,0.0
2006-04-28 00:00:00-04:00,38.804578301073335,39.282090198656675,38.78811309555127,39.02412414550781,1439400,0.0,0.0,0.0
2006-05-01 00:00:00-04:00,39.07902080338016,39.22172627144443,38.420387268066406,38.420387268066406,2374900,0.0,0.0,0.0
2006-05-02 00:00:00-04:00,38.63992173087519,38.63992173087519,37.94286399476522,38.113014221191406,1589300,0.0,0.0,0.0
2006-05-03 00:00:00-04:00,38.036186632104695,38.28317317111586,37.89348115818109,38.15144729614258,2250600,0.0,0.0,0.0
2006-05-04 00:00:00-04:00,38.42039094086905,38.85399299827198,38.33806069421198,38.60700225830078,1630500,0.0,0.0,0.0
2006-05-05 00:00:00-04:00,38.88691792330082,39.37540534690589,38.77714706827327,39.29856491088867,1697300,0.0,0.0,0.0
2006-05-08 00:00:00-04:00,39.23820060113759,39.49616678846175,39.19429475940501,39.4248161315918,1669100,0.0,0.0,0.0
2006-05-09 00:00:00-04:00,39.54555843657758,39.572999058546856,39.194286650446834,39.43578338623047,1431300,0.0,0.0,0.0
2006-05-10 00:00:00-04:00,39.326010204433295,39.64435155043325,39.205259749916785,39.46871566772461,2099000,0.0,0.0,0.0
2006-05-11 00:00:00-04:00,39.45225136149874,39.54007140793035,38.56309642257527,38.60700225830078,2559900,0.0,0.0,0.0
2006-05-12 00:00:00-04:00,38.31061078436961,38.42038162831193,37.772723599077956,38.02519989013672,4308400,0.0,0.0,0.0
2006-05-15 00:00:00-04:00,37.76174336802995,38.59601256293915,37.684902949583915,38.530147552490234,5342200,0.0,0.0,0.0
2006-05-16 00:00:00-04:00,38.39843030762405,38.75519186591358,38.38196509820125,38.45331573486328,1556300,0.0,0.0,0.0
2006-05-17 00:00:00-04:00,37.92642039584127,38.13499094947763,37.569658721850004,37.6519889831543,3660400,0.0,0.0,0.0
2006-05-18 00:00:00-04:00,37.86603615521409,38.11851249241303,37.42145871226489,37.547698974609375,2470700,0.0,0.0,0.0
2006-05-19 00:00:00-04:00,37.377542445935774,37.85505441828638,37.048225721465066,37.470848083496094,5745200,0.0,0.0,0.0
2006-05-22 00:00:00-04:00,37.21289772545151,37.328158405409795,36.85613608510978,37.223873138427734,3267800,0.0,0.0,0.0
2006-05-23 00:00:00-04:00,37.48731428422359,37.66295013480533,36.91649672296067,36.97138214111328,1776300,0.0,0.0,0.0
2006-05-24 00:00:00-04:00,37.04822256143206,37.322653839664895,36.54327001448101,37.03175735473633,2793700,0.0,0.0,0.0
2006-05-25 00:00:00-04:00,37.13055451791776,37.89347317206546,37.13055451791776,37.73430252075195,2262200,0.0,0.0,0.0
2006-05-26 00:00:00-04:00,37.78370990803101,38.206336572852535,37.78370990803101,38.0910758972168,1471700,0.0,0.0,0.0
2006-05-30 00:00:00-04:00,37.98128561941944,38.09106063854398,37.74527456266268,37.7891845703125,3212700,0.0,0.0,0.0
2006-05-31 00:00:00-04:00,37.98128900771029,38.06361923252613,37.31168017501477,37.73430252075195,2507300,0.0,0.0,0.0
2006-06-01 00:00:00-04:00,37.72882005076242,38.53015907380856,37.72882005076242,38.52467346191406,1678300,0.0,0.0,0.0
2006-06-02 00:00:00-04:00,38.87046376530233,39.068054710522006,38.563101933845466,38.94181442260742,2560100,0.0,0.0,0.0
2006-06-05 00:00:00-04:00,38.74969437330438,39.71020381549848,38.74969437330438,38.99668502807617,5477100,0.0,0.0,0.0
2006-06-06 00:00:00-04:00,39.07902453914497,39.095493938468614,38.53016181141827,38.60700225830078,2068400,0.0,0.0,0.0
2006-06-07 00:00:00-04:00,38.694816128033814,39.0899978989142,38.45880502528523,38.76068115234375,2995900,0.0,0.0,0.0
2006-06-08 00:00:00-04:00,38.4423394034449,38.82105596105511,38.06911264467399,38.585044860839844,4807400,0.0,0.0,0.0
2006-06-09 00:00:00-04:00,38.94181442260742,39.05158949633552,38.667383019523534,38.94181442260742,2077300,0.0,0.0,0.0
2006-06-12 00:00:00-04:00,38.91437135409683,38.91437135409683,38.30513334246253,38.37099838256836,2967300,0.0,0.0,0.0
2006-06-13 00:00:00-04:00,38.447836170872286,38.639937290170174,37.87152862548828,37.87152862548828,3930100,0.0,0.0,0.0
2006-06-14 00:00:00-04:00,37.844080017890164,38.06362592684797,37.62453829642228,37.81114959716797,3003300,0.0,0.0,0.0
2006-06-15 00:00:00-04:00,38.09106759867663,38.552110200776596,37.98129255949361,38.46977996826172,1779100,0.0,0.0,0.0
2006-06-16 00:00:00-04:00,38.50820913264525,38.612490198397474,38.27768361561012,38.57406997680664,1522800,0.0,0.0,0.0
2006-06-19 00:00:00-04:00,38.672856458680116,38.7496968840353,38.222789315532985,38.22827911376953,841700,0.0,0.0,0.0
2006-06-20 00:00:00-04:00,38.33806491648485,38.349044517243165,37.94837283937991,37.99228286743164,1486800,0.0,0.0,0.0
2006-06-21 00:00:00-04:00,38.008744459029664,38.50272175881115,37.94836922308468,38.475276947021484,1105700,0.0,0.0,0.0
2006-06-22 00:00:00-04:00,38.31130864322652,38.49965022721678,38.1340400093766,38.20051574707031,1371400,0.644,0.0,0.0
2006-06-23 00:00:00-04:00,38.139581654703846,38.17282163753181,37.93462218779669,38.056488037109375,1298500,0.0,0.0,0.0
2006-06-26 00:00:00-04:00,38.05649255262806,38.46641998771541,38.05649255262806,38.438720703125,1003100,0.0,0.0,0.0
2006-06-27 00:00:00-04:00,38.394399850279605,38.61044072511687,38.30576975547519,38.36116409301758,1723500,0.0,0.0,0.0
2006-06-28 00:00:00-04:00,38.25036660374247,38.58273677872444,38.25036660374247,38.494102478027344,636700,0.0,0.0,0.0
2006-06-29 00:00:00-04:00,38.76554070719298,39.33056956531282,38.64920713439106,39.28071594238281,2055000,0.0,0.0,0.0
2006-06-30 00:00:00-04:00,39.45798562958167,39.84575017012346,39.280721235860206,39.46906280517578,2727400,0.0,0.0,0.0
2006-07-03 00:00:00-04:00,39.66294262643516,40.21689435090022,39.66294262643516,40.183658599853516,1059600,0.0,0.0,0.0
2006-07-05 00:00:00-04:00,40.16149831701754,40.31106341668805,39.67955881573954,40.150421142578125,1761000,0.0,0.0,0.0
2006-07-06 00:00:00-04:00,40.16150062011133,40.33322430482438,40.03963056270866,40.27228927612305,2228700,0.0,0.0,0.0
2006-07-07 00:00:00-04:00,40.10609817504883,40.52156189048169,40.028545286273264,40.10609817504883,1618900,0.0,0.0,0.0
2006-07-10 00:00:00-04:00,40.05071773239489,40.521575927734375,40.05071773239489,40.521575927734375,1404600,0.0,0.0,0.0
2006-07-11 00:00:00-04:00,40.52157945082542,40.621290954792684,40.266762102090695,40.510498046875,1438800,0.0,0.0,0.0
2006-07-12 00:00:00-04:00,40.654508396383314,40.71544341170334,40.46062617778114,40.687744140625,1333800,0.0,0.0,0.0
2006-07-13 00:00:00-04:00,40.71545549101185,40.71545549101185,40.05071505107301,40.056251525878906,2293900,0.0,0.0,0.0
2006-07-14 00:00:00-04:00,40.29998332473503,40.29998332473503,39.49675510707074,39.5189094543457,2305800,0.0,0.0,0.0
2006-07-17 00:00:00-04:00,39.496759267454784,39.679560122781055,39.35827133766191,39.49121856689453,1155500,0.0,0.0,0.0
2006-07-18 00:00:00-04:00,39.69063913708256,39.962074279785156,39.441358342656294,39.962074279785156,4584900,0.0,0.0,0.0
2006-07-19 00:00:00-04:00,40.106113492146825,40.91488265991211,40.01747917037234,40.91488265991211,5287200,0.0,0.0,0.0
2006-07-20 00:00:00-04:00,40.992432937148635,40.992432937148635,40.37200540365288,40.41078186035156,2533200,0.0,0.0,0.0
2006-07-21 00:00:00-04:00,40.37200415575922,40.37200415575922,39.579852942271266,39.657405853271484,4800200,0.0,0.0,0.0
2006-07-24 00:00:00-04:00,39.862381144000445,40.35539803309806,39.63526304600795,40.349857330322266,1310400,0.0,0.0,0.0
2006-07-25 00:00:00-04:00,40.327681809367576,40.64897055435842,40.21134824371311,40.62681198120117,2247400,0.0,0.0,0.0
2006-07-26 00:00:00-04:00,40.6046521870893,40.81515226437021,40.51047720722602,40.79853439331055,1779700,0.0,0.0,0.0
2006-07-27 00:00:00-04:00,40.88163466904932,41.13091122839204,40.48832526676469,40.493865966796875,1293700,0.0,0.0,0.0
2006-07-28 00:00:00-04:00,40.815155002873944,41.141984425816304,40.73206141568533,41.09767150878906,1776700,0.0,0.0,0.0
2006-07-31 00:00:00-04:00,40.88163722612905,41.10321452548595,40.732067900115446,40.909332275390625,2086800,0.0,0.0,0.0
2006-08-01 00:00:00-04:00,40.66005596167013,40.87609678835229,40.34430365911035,40.715450286865234,2146000,0.0,0.0,0.0
2006-08-02 00:00:00-04:00,40.853938213011034,40.881637488766636,40.61573881098761,40.715450286865234,1155400,0.0,0.0,0.0
2006-08-03 00:00:00-04:00,40.770851889760024,41.16415716306215,40.488335286624164,41.153079986572266,1923100,0.0,0.0,0.0
2006-08-04 00:00:00-04:00,41.60177619145361,41.87321136957622,41.52422328341858,41.76796340942383,2176700,0.0,0.0,0.0
2006-08-07 00:00:00-04:00,41.71258587932871,41.71258587932871,41.21402825093198,41.31373977661133,1873800,0.0,0.0,0.0
2006-08-08 00:00:00-04:00,41.186312363219464,41.31925960177466,40.54926699623787,40.637901306152344,2813600,0.0,0.0,0.0
2006-08-09 00:00:00-04:00,40.71545935452677,40.79855297398309,40.2612190246582,40.2612190246582,2689400,0.0,0.0,0.0
2006-08-10 00:00:00-04:00,40.133783602101246,40.40522287407991,39.895584293285665,40.34428787231445,1552500,0.0,0.0,0.0
2006-08-11 00:00:00-04:00,40.59359072140701,40.59359072140701,39.85683374968325,40.01194381713867,2568600,0.0,0.0,0.0
2006-08-14 00:00:00-04:00,40.050709356100235,40.69329112649425,40.050709356100235,40.383079528808594,1260000,0.0,0.0,0.0
2006-08-15 00:00:00-04:00,40.74315801242413,41.02013392215831,40.73207660929726,40.853946685791016,2870600,0.0,0.0,0.0
2006-08-16 00:00:00-04:00,40.96472930908203,41.02012786390065,40.88163992948682,40.96472930908203,1524900,0.0,0.0,0.0
2006-08-17 00:00:00-04:00,40.84285786982705,41.130910874283494,40.8262357698736,41.00904083251953,1604100,0.0,0.0,0.0
2006-08-18 00:00:00-04:00,41.04781375829381,41.108748773948186,40.81515509469462,41.020118713378906,756900,0.0,0.0,0.0
2006-08-21 00:00:00-04:00,40.937038245377245,41.286026352618656,40.937038245377245,41.258331298828125,1911300,0.0,0.0,0.0
2006-08-22 00:00:00-04:00,41.269405159013736,41.62947463989258,41.164152974643315,41.62947463989258,1471400,0.0,0.0,0.0
2006-08-23 00:00:00-04:00,41.68487778697243,41.69595496467838,41.10322663895286,41.164161682128906,827800,0.0,0.0,0.0
2006-08-24 00:00:00-04:00,41.26941315999982,41.418978301134324,41.17524235905153,41.35804748535156,1094400,0.0,0.0,0.0
2006-08-25 00:00:00-04:00,41.43560988869922,41.50762212478833,41.28604048702109,41.31373977661133,813700,0.0,0.0,0.0
2006-08-28 00:00:00-04:00,41.324802983298184,41.851059723339375,41.3137258069986,41.823360443115234,922900,0.0,0.0,0.0
2006-08-29 00:00:00-04:00,41.82336044311523,41.839978320723,41.502067388309044,41.823360443115234,831800,0.0,0.0,0.0
2006-08-30 00:00:00-04:00,41.86768984759184,42.1335844197261,41.851071965123204,42.128047943115234,961200,0.0,0.0,0.0
2006-08-31 00:00:00-04:00,42.128047943115234,42.30531239997741,42.06157218692266,42.128047943115234,931300,0.0,0.0,0.0
2006-09-01 00:00:00-04:00,42.15572949359391,42.24990028161175,41.88983500668274,41.91753005981445,949300,0.0,0.0,0.0
2006-09-05 00:00:00-04:00,42.34960566458606,42.34960566458606,41.86212969132473,42.27205276489258,859600,0.0,0.0,0.0
2006-09-06 00:00:00-04:00,42.26652321412245,42.26652321412245,42.05048235440076,42.0560188293457,1416100,0.0,0.0,0.0
2006-09-07 00:00:00-04:00,41.85104067842097,42.05600004406948,41.67931282654874,41.78456497192383,2075200,0.0,0.0,0.0
2006-09-08 00:00:00-04:00,41.795660580493845,42.211124420166016,41.47990823139566,42.211124420166016,1858900,0.0,0.0,0.0
2006-09-11 00:00:00-04:00,42.128028366213854,42.366227765648425,41.77349961723906,42.27205276489258,1096800,0.0,0.0,0.0
2006-09-12 00:00:00-04:00,42.294200938495294,42.94786395109517,42.10031873694343,42.820457458496094,2047100,0.0,0.0,0.0
2006-09-13 00:00:00-04:00,43.152846174156785,43.307952002337494,42.7983173593675,43.2082405090332,1646700,0.0,0.0,0.0
2006-09-14 00:00:00-04:00,43.01989892519002,43.2082405090332,42.76507737738818,43.2082405090332,1960800,0.0,0.0,0.0
2006-09-15 00:00:00-04:00,43.235937562145985,43.37996198014127,43.180539003806814,43.319026947021484,1887500,0.0,0.0,0.0
2006-09-18 00:00:00-04:00,43.31902068131154,43.31902068131154,42.942333361199445,43.06974411010742,1993200,0.0,0.0,0.0
2006-09-19 00:00:00-04:00,43.1251552989487,43.346736907958984,42.95897226192923,43.346736907958984,1400400,0.0,0.0,0.0
2006-09-20 00:00:00-04:00,43.42982207485572,43.623704360081604,43.10298831434622,43.2082405090332,1653400,0.0,0.0,0.0
2006-09-21 00:00:00-04:00,43.263621552861245,43.291320824948365,42.62103985833247,42.76506423950195,2596500,0.0,0.0,0.0
2006-09-22 00:00:00-04:00,42.73737199968201,42.99218925961462,42.488091213477894,42.98664855957031,1378500,0.0,0.0,0.0
2006-09-25 00:00:00-04:00,43.06420944930145,43.119603781080414,42.65982702363009,42.958961486816406,1004200,0.0,0.0,0.0
2006-09-26 00:00:00-04:00,42.96342468261719,43.08641760471784,42.823660773913,42.96342468261719,1456600,0.708,0.0,0.0
2006-09-27 00:00:00-04:00,42.907522633034866,43.35476887472601,42.840434417204314,43.33799362182617,1376500,0.0,0.0,0.0
2006-09-28 00:00:00-04:00,43.41069215569987,43.556047886207665,43.00817121906789,43.187068939208984,1467200,0.0,0.0,0.0
2006-09-29 00:00:00-04:00,43.31563487070367,43.37712706991701,43.114374489758895,43.13114547729492,1877600,0.0,0.0,0.0
2006-10-02 00:00:00-04:00,43.0472850858438,43.4106721116976,42.7901199984604,43.11996078491211,1066600,0.0,0.0,0.0
2006-10-03 00:00:00-04:00,43.21501176646101,43.65107457492649,43.136744301621405,43.53926086425781,827100,0.0,0.0,0.0
2006-10-04 00:00:00-04:00,43.5783809639824,44.025627136230476,43.550430744001645,44.02562713623047,1088800,0.0,0.0,0.0
2006-10-05 00:00:00-04:00,44.03682167801837,44.3331248226473,44.03123419123342,44.29399108886719,1331800,0.0,0.0,0.0
2006-10-06 00:00:00-04:00,44.16540667679198,44.20454041083202,43.86351604337293,43.9697380065918,999700,0.0,0.0,0.0
2006-10-09 00:00:00-04:00,43.99767316895653,44.327518184555096,43.60633596257415,44.266021728515625,722400,0.0,0.0,0.0
2006-10-10 00:00:00-04:00,44.38902453229967,44.53996769832476,43.824377067044935,44.28280258178711,1669600,0.0,0.0,0.0
2006-10-11 00:00:00-04:00,44.16539764404296,44.416970987811595,43.902640798403226,44.16539764404297,3021900,0.0,0.0,0.0
2006-10-12 00:00:00-04:00,44.38902525869519,44.584693908691406,44.16540211644666,44.584693908691406,882900,0.0,0.0,0.0
2006-10-13 00:00:00-04:00,44.556730363137945,45.01515579223633,44.50082565524903,45.01515579223633,1343200,0.0,0.0,0.0
2006-10-16 00:00:00-04:00,45.12698232000017,45.21084153833445,45.01516860713545,45.20524978637695,1432400,0.0,0.0,0.0
2006-10-17 00:00:00-04:00,45.00399116143263,45.199659835170024,44.94808643540154,44.98162841796875,1230300,0.0,0.0,0.0
2006-10-18 00:00:00-04:00,45.14373716221196,45.32822652350213,45.05987797387502,45.25554656982422,1208100,0.0,0.0,0.0
2006-10-19 00:00:00-04:00,45.33941788534632,45.37855161500348,45.031939799542,45.14374923706055,1204200,0.0,0.0,0.0
2006-10-20 00:00:00-04:00,45.227612605705396,45.24438359634931,44.79713727464547,45.08784866333008,1099300,0.0,0.0,0.0
2006-10-23 00:00:00-04:00,44.998387153308585,45.3394114340498,44.80271853286428,45.30027770996094,1355800,0.0,0.0,0.0
2006-10-24 00:00:00-04:00,44.89217927307763,45.33382957043494,44.89217927307763,45.17170715332031,2201300,0.0,0.0,0.0
2006-10-25 00:00:00-04:00,45.07665990634016,45.5071351872342,45.07665990634016,45.40091323852539,1920600,0.0,0.0,0.0
2006-10-26 00:00:00-04:00,45.41767257914513,45.92082343707159,45.41767257914513,45.84255599975586,2055400,0.0,0.0,0.0
2006-10-27 00:00:00-04:00,45.898487394665594,45.90967090093176,45.54628372192383,45.54628372192383,1196300,0.0,0.0,0.0
2006-10-30 00:00:00-05:00,45.630141916352194,45.982345581054695,45.43446894848187,45.98234558105469,1572300,0.0,0.0,0.0
2006-10-31 00:00:00-05:00,46.15003756379142,46.15003756379142,45.674836931974326,45.926414489746094,1417100,0.0,0.0,0.0
2006-11-01 00:00:00-05:00,45.9935169673769,46.07737618710649,45.44564469362346,45.535091400146484,1846900,0.0,0.0,0.0
2006-11-02 00:00:00-05:00,45.367366957315866,45.367366957315866,44.4505160303787,44.65736389160156,4530200,0.0,0.0,0.0
2006-11-03 00:00:00-05:00,44.75239974975563,44.81389620321595,43.82995721310644,44.22129440307617,4369400,0.0,0.0,0.0
2006-11-06 00:00:00-05:00,44.58469232921651,44.696501763751435,44.09272484590371,44.601463317871094,2820800,0.0,0.0,0.0
2006-11-07 00:00:00-05:00,44.601466489827025,44.601466489827025,44.15422445462396,44.18217468261719,1961500,0.0,0.0,0.0
2006-11-08 00:00:00-05:00,43.94177825512148,44.42815826165852,43.762880597301525,44.28280258178711,3688500,0.0,0.0,0.0
2006-11-09 00:00:00-05:00,44.30517563507188,44.54556981859172,44.12068618289808,44.39462661743164,1948000,0.0,0.0,0.0
2006-11-10 00:00:00-05:00,44.400204496442115,44.66855312019169,44.28839505794618,44.584693908691406,844100,0.0,0.0,0.0
2006-11-13 00:00:00-05:00,44.450520419505814,44.76918200161072,44.450520419505814,44.662960052490234,1529900,0.0,0.0,0.0
2006-11-14 00:00:00-05:00,44.55673682041109,45.272331686964726,44.55673682041109,45.126976013183594,1547700,0.0,0.0,0.0
2006-11-15 00:00:00-05:00,45.21084817806411,45.42887961859944,45.07108421540005,45.22761917114258,2389800,0.0,0.0,0.0
2006-11-16 00:00:00-05:00,45.41767523007437,45.557439128475245,45.27232384672157,45.45122146606445,1859700,0.0,0.0,0.0
2006-11-17 00:00:00-05:00,45.34500411645551,45.45122605484622,45.25555316512521,45.39531707763672,1227100,0.0,0.0,0.0
2006-11-20 00:00:00-05:00,46.20594889165373,48.3918541973859,46.20594889165373,46.832088470458984,6403800,0.0,0.0,0.0
2006-11-21 00:00:00-05:00,46.988631586340745,47.70422217393786,46.882409642312425,47.63154220581055,2979600,0.0,0.0,0.0
2006-11-22 00:00:00-05:00,47.743342375958136,47.97814467126202,47.49176483219957,47.76570510864258,1371300,0.0,0.0,0.0
2006-11-24 00:00:00-05:00,47.631547000583815,48.01170507166999,47.59800502130634,47.99493408203125,457600,0.0,0.0,0.0
2006-11-27 00:00:00-05:00,47.966979964245596,47.966979964245596,46.69232940673828,46.69232940673828,2534900,0.0,0.0,0.0
2006-11-28 00:00:00-05:00,46.79296073085809,46.915953668211095,46.40721519537228,46.82091522216797,2136400,0.0,0.0,0.0
2006-11-29 00:00:00-05:00,47.01659378016313,47.5980123469113,46.966280803503466,47.519744873046875,1533500,0.0,0.0,0.0
2006-11-30 00:00:00-05:00,47.55327921008394,48.18501491715501,47.35201880529665,48.050838470458984,2380200,0.0,0.0,0.0
2006-12-01 00:00:00-05:00,48.07877832529496,48.24090495008301,47.62594468501985,47.93901443481445,1892400,0.0,0.0,0.0
2006-12-04 00:00:00-05:00,47.93903272540337,48.64903168322393,47.911078230539374,48.553993225097656,1699600,0.0,0.0,0.0
2006-12-05 00:00:00-05:00,48.80556725730743,48.80556725730743,48.1235185797636,48.201786041259766,3356700,0.0,0.0,0.0
2006-12-06 00:00:00-05:00,48.04525629854432,48.16265750344685,47.62596445306786,48.15147399902344,2796900,0.0,0.0,0.0
2006-12-07 00:00:00-05:00,48.21296062454729,48.21296062454729,47.57563749089009,47.63154220581055,2310600,0.0,0.0,0.0
2006-12-08 00:00:00-05:00,47.78807656709066,47.922248722441026,47.57563270042533,47.653900146484375,1587000,0.0,0.0,0.0
2006-12-11 00:00:00-05:00,47.782498963824274,48.017301371520695,47.625964025359984,47.91107940673828,1836300,0.0,0.0,0.0
2006-12-12 00:00:00-05:00,47.91106648339061,48.08996411698851,47.56445471750119,47.69303512573242,2155700,0.0,0.0,0.0
2006-12-13 00:00:00-05:00,47.911070826385306,47.994930032760664,47.184300990063846,47.43028259277344,2272400,0.0,0.0,0.0
2006-12-14 00:00:00-05:00,47.58683310718385,47.69864256548805,47.44147739918245,47.519744873046875,1167300,0.0,0.0,0.0
2006-12-15 00:00:00-05:00,47.659503304746735,47.704228788987635,47.1004475475063,47.240211486816406,1695100,0.0,0.0,0.0
2006-12-18 00:00:00-05:00,47.46382417945635,47.57004184954184,47.02216971676744,47.10043716430664,1569800,0.0,0.0,0.0
2006-12-19 00:00:00-05:00,46.90476366694343,46.95507662144735,46.34011634106245,46.73704528808594,2863300,0.0,0.0,0.0
2006-12-20 00:00:00-05:00,47.06897366528022,47.30686636223026,46.96701903495974,47.125614166259766,2139300,1.086,0.0,0.0
2006-12-21 00:00:00-05:00,47.255879129087866,47.36349907841643,46.6724739074707,46.6724739074707,3740800,0.0,0.0,0.0
2006-12-22 00:00:00-05:00,46.6158500363035,46.695147609949046,46.27033732767919,46.30998611450195,1942200,0.0,0.0,0.0
2006-12-26 00:00:00-05:00,46.44591601975106,46.94435844084694,46.44591601975106,46.774436950683594,994900,0.0,0.0,0.0
2006-12-27 00:00:00-05:00,46.92738125379487,47.26156763428938,46.83675729526035,47.18227005004883,613900,0.0,0.0,0.0
2006-12-28 00:00:00-05:00,47.1992484793468,47.510773380729354,46.99533922832878,47.32386016845703,1601400,0.0,0.0,0.0
2006-12-29 00:00:00-05:00,47.35216320642616,47.70900644298457,47.21055984497071,47.2105598449707,1296100,0.0,0.0,0.0
2007-01-03 00:00:00-05:00,47.53342596542713,47.88460393606636,47.10861578606677,47.50510787963867,2670600,0.0,0.0,0.0
2007-01-04 00:00:00-05:00,47.465456329928124,47.57873730925035,47.21056764436458,47.4937744140625,2329700,0.0,0.0,0.0
2007-01-05 00:00:00-05:00,47.30685615414639,47.442798512834926,46.63848801546742,46.75743865966797,1918200,0.0,0.0,0.0
2007-01-08 00:00:00-05:00,46.72912492054447,46.81975317647724,46.45158344918827,46.746116638183594,1168800,0.0,0.0,0.0
2007-01-09 00:00:00-05:00,46.72911866696295,47.45979267741347,46.72911866696295,47.2955322265625,1695500,0.0,0.0,0.0
2007-01-10 00:00:00-05:00,47.28422004543156,48.06020408924246,47.097302477540865,48.04887771606445,2514200,0.0,0.0,0.0
2007-01-11 00:00:00-05:00,48.11683824080775,48.86450409219642,48.088520150907165,48.59829330444336,2913900,0.0,0.0,0.0
2007-01-12 00:00:00-05:00,48.63794245784339,48.87016981092709,48.55864489128863,48.76821517944336,1350100,0.0,0.0,0.0
2007-01-16 00:00:00-05:00,48.79654209796476,49.515885609979065,48.79654209796476,49.3289680480957,2332200,0.0,0.0,0.0
2007-01-17 00:00:00-05:00,49.164717084009276,49.640502577696076,48.90982829405352,49.47624206542969,2185600,0.0,0.0,0.0
2007-01-18 00:00:00-05:00,49.47624172784667,49.61784516972453,49.18170847015411,49.30632019042969,2177000,0.0,0.0,0.0
2007-01-19 00:00:00-05:00,49.27798787619531,49.82740981175512,49.1137273980408,49.74244689941406,2003900,0.0,0.0,0.0
2007-01-22 00:00:00-05:00,49.84441543154137,49.84441543154137,49.442262143786046,49.58953094482422,2015100,0.0,0.0,0.0
2007-01-23 00:00:00-05:00,49.67449910224643,49.940714336320504,49.52723459431226,49.731143951416016,1162100,0.0,0.0,0.0
2007-01-24 00:00:00-05:00,49.827403267912224,50.46744905689011,49.731113996554896,50.41080856323242,1898300,0.0,0.0,0.0
2007-01-25 00:00:00-05:00,50.694022075733905,51.13015868826854,50.52976159736825,50.71101379394531,4154000,0.0,0.0,0.0
2007-01-26 00:00:00-05:00,50.72234160175972,50.903593788026555,50.43913479063073,50.86394500732422,1375100,0.0,0.0,0.0
2007-01-29 00:00:00-05:00,50.8809386771252,51.11316602403834,50.67702941957587,51.01121139526367,1458800,0.0,0.0,0.0
2007-01-30 00:00:00-05:00,51.11318060876701,51.198143543888236,50.728019048092584,51.18681716918945,2187800,0.0,0.0,0.0
2007-01-31 00:00:00-05:00,51.19244327038019,51.78151374490118,50.99419943794318,51.77018737792969,3369800,0.0,0.0,0.0
2007-02-01 00:00:00-05:00,51.543638425323,51.86082866355619,51.16414234438074,51.74188232421875,2676500,0.0,0.0,0.0
2007-02-02 00:00:00-05:00,51.79852099882872,52.110050201416016,51.61160779866908,52.110050201416016,3369200,0.0,0.0,0.0
2007-02-05 00:00:00-05:00,51.951453386522545,52.13837090195357,51.92879632513158,52.07606506347656,1527700,0.0,0.0,0.0
2007-02-06 00:00:00-05:00,52.17234904629938,52.78973770141602,52.17234904629938,52.789737701416016,2946500,0.0,0.0,0.0
2007-02-07 00:00:00-05:00,52.676465669459,53.724329982476114,52.37626714792688,53.56573486328125,7304300,0.0,0.0,0.0
2007-02-08 00:00:00-05:00,53.40713273154596,53.80362047747291,53.140917678684005,53.15790939331055,6712500,0.0,0.0,0.0
2007-02-09 00:00:00-05:00,53.203239824829346,53.41281445272557,51.39637871144153,52.40459442138672,12930300,0.0,0.0,0.0
2007-02-12 00:00:00-05:00,52.313952469311424,52.313952469311424,51.32839416549586,51.52663803100586,8902500,0.0,0.0,0.0
2007-02-13 00:00:00-05:00,51.54363364534281,52.48954324763414,51.073509356278564,52.44422912597656,8088700,0.0,0.0,0.0
2007-02-14 00:00:00-05:00,51.99678770711962,52.721796667685204,51.9684652890311,52.121395111083984,5231400,0.0,0.0,0.0
2007-02-15 00:00:00-05:00,52.195014167202864,52.789745855084156,52.05341076703215,52.55185317993164,3422400,0.0,0.0,0.0
2007-02-16 00:00:00-05:00,52.53486211886755,52.591502615364035,51.685241707241666,52.370601654052734,3100100,0.0,0.0,0.0
2007-02-20 00:00:00-05:00,52.285636017324364,52.87470665718037,51.88348289539619,52.812400817871094,2623700,0.0,0.0,0.0
2007-02-21 00:00:00-05:00,52.64248248744716,52.67646592132486,52.22333330312189,52.53486251831055,2221700,0.0,0.0,0.0
2007-02-22 00:00:00-05:00,52.6651345088567,52.6651345088567,52.15536144252723,52.26864242553711,2558600,0.0,0.0,0.0
2007-02-23 00:00:00-05:00,52.291295410197115,52.291295410197115,51.407691711699854,51.52663803100586,5231600,0.0,0.0,0.0
2007-02-26 00:00:00-05:00,51.537987106517605,51.79287589280859,50.35984976325389,51.192474365234375,5391800,0.0,0.0,0.0
2007-02-27 00:00:00-05:00,50.57506680444161,50.801633090540584,48.96078903824926,49.53286361694336,9837900,0.0,0.0,0.0
2007-02-28 00:00:00-05:00,49.918022155761726,50.694010236876565,49.61782368041862,49.91802215576172,5670000,0.0,0.0,0.0
2007-03-01 00:00:00-05:00,49.27796267119749,50.1955538766378,48.196111071619605,49.606483459472656,6614800,0.0,0.0,0.0
2007-03-02 00:00:00-05:00,49.17601946769904,49.510205676904526,48.58128356933594,48.58128356933594,3777200,0.0,0.0,0.0
2007-03-05 00:00:00-05:00,48.17348900034313,48.20180709373367,46.85374398503978,46.85940933227539,7783300,0.0,0.0,0.0
2007-03-06 00:00:00-05:00,47.323859632825496,48.694579554737615,47.323859632825496,48.47367858886719,6600000,0.0,0.0,0.0
2007-03-07 00:00:00-05:00,48.55296505665185,48.637927944434495,47.77131167472187,47.78264236450195,4870300,0.0,0.0,0.0
2007-03-08 00:00:00-05:00,48.122514794297956,48.98912719643283,48.122514794297956,48.547325134277344,3262000,0.0,0.0,0.0
2007-03-09 00:00:00-05:00,48.83051486566337,49.28364746427479,48.74555196324963,49.14204406738281,3434700,0.0,0.0,0.0
2007-03-12 00:00:00-04:00,49.057072541396934,49.58383725809267,48.8021882003537,49.39125442504883,3814200,0.0,0.0,0.0
2007-03-13 00:00:00-04:00,49.25533860801355,49.25533860801355,47.98657303277454,48.08852767944336,5985400,0.0,0.0,0.0
2007-03-14 00:00:00-04:00,48.00355712681126,48.47934252141002,47.30686643169938,48.315086364746094,6880600,0.0,0.0,0.0
2007-03-15 00:00:00-04:00,48.337749140894296,48.88151016385889,48.337749140894296,48.6776008605957,2051400,0.0,0.0,0.0
2007-03-16 00:00:00-04:00,48.853179449324834,48.887162886965434,48.29243112128795,48.40571212768555,4703900,0.0,0.0,0.0
2007-03-19 00:00:00-04:00,48.705904738630906,49.068409100526374,48.558640312568464,48.892822265625,3537900,0.0,0.0,0.0
2007-03-20 00:00:00-04:00,48.8531744030285,49.153372928227135,48.541645185524466,49.05141830444336,3756200,0.0,0.0,0.0
2007-03-21 00:00:00-04:00,48.98911570279302,49.844401529944676,48.67192543953921,49.74244689941406,4744200,0.0,0.0,0.0
2007-03-22 00:00:00-04:00,49.708454652164036,49.93502093778334,49.442239590665785,49.702789306640625,2634600,0.0,0.0,0.0
2007-03-23 00:00:00-04:00,49.76388673926151,50.04929558627379,49.48989232993262,49.68968200683594,3140200,0.677,0.0,0.0
2007-03-26 00:00:00-04:00,49.27867373570364,49.803824768291626,48.83343680133593,48.9190559387207,4899500,0.0,0.0,0.0
2007-03-27 00:00:00-04:00,48.861996924475136,48.930496620023526,48.26834596137014,48.513797760009766,3329700,0.0,0.0,0.0
2007-03-28 00:00:00-04:00,48.216969696389114,48.59370709723278,47.708942314119284,47.94868469238281,5371300,0.0,0.0,0.0
2007-03-29 00:00:00-04:00,48.485254945173736,48.67362146904991,47.9886419976979,48.20555114746094,2718800,0.0,0.0,0.0
2007-03-30 00:00:00-04:00,48.177013193222976,48.81632620935536,48.177013193222976,48.656497955322266,4140200,0.0,0.0,0.0
2007-04-02 00:00:00-04:00,48.86197330670775,49.25583874449451,48.62223102065998,49.23300552368164,3679300,0.0,0.0,0.0
2007-04-03 00:00:00-04:00,49.41569244985946,49.786724858407474,49.33577831324836,49.6611442565918,2674700,0.0,0.0,0.0
2007-04-04 00:00:00-04:00,49.33574676513672,49.63827928242119,49.06746189735886,49.33574676513672,1976600,0.0,0.0,0.0
2007-04-05 00:00:00-04:00,49.21590035588406,49.51272362900186,49.21590035588406,49.375728607177734,1320900,0.0,0.0,0.0
2007-04-09 00:00:00-04:00,49.25584911839866,49.478467624470944,49.15310178059664,49.34147262573242,1224200,0.0,0.0,0.0
2007-04-10 00:00:00-04:00,49.341479508170764,49.79813101932643,49.26156538484369,49.46706008911133,1287400,0.0,0.0,0.0
2007-04-11 00:00:00-04:00,49.39283864930059,49.50129537024993,48.56515499834878,48.80489730834961,3720800,0.0,0.0,0.0
2007-04-12 00:00:00-04:00,48.55944147165399,48.74210288587178,48.27403273975171,48.54802703857422,2529500,0.0,0.0,0.0
2007-04-13 00:00:00-04:00,48.68503762827071,49.07890319824219,48.3025908500337,49.07890319824219,3063000,0.0,0.0,0.0
2007-04-16 00:00:00-04:00,49.267259629772724,49.35288313028691,48.907646153603686,49.067474365234375,2173200,0.0,0.0,0.0
2007-04-17 00:00:00-04:00,49.28440135379459,49.83239021406056,49.084616016715195,49.76959991455078,3409800,0.0,0.0,0.0
2007-04-18 00:00:00-04:00,49.632593169895465,49.78671637495049,49.489888756692785,49.59263610839844,2736000,0.0,0.0,0.0
2007-04-19 00:00:00-04:00,49.4898746145062,49.4898746145062,49.09030411371687,49.16450881958008,1673600,0.0,0.0,0.0
2007-04-20 00:00:00-04:00,49.57549216340043,49.71819651870958,49.40995458864286,49.701072692871094,1761700,0.0,0.0,0.0
2007-04-23 00:00:00-04:00,49.604047656278595,50.26619377224552,49.58121443090147,50.12348937988281,2324500,0.0,0.0,0.0
2007-04-24 00:00:00-04:00,50.18056928440174,50.260483387227055,49.45562860949672,49.7809944152832,2483000,0.0,0.0,0.0
2007-04-25 00:00:00-04:00,49.81525435780708,50.642942562613456,49.31864578991631,49.84950637817383,2223900,0.0,0.0,0.0
2007-04-26 00:00:00-04:00,49.889449561944275,50.0435683682485,49.51270792765775,49.91798782348633,2157200,0.0,0.0,0.0
2007-04-27 00:00:00-04:00,49.66112377230302,49.906575477791094,49.581209668655,49.75245666503906,1359700,0.0,0.0,0.0
2007-04-30 00:00:00-04:00,49.72963367818763,49.84950485833391,48.78207431847,48.799198150634766,2025000,0.0,0.0,0.0
2007-05-01 00:00:00-04:00,48.79348134262458,48.9247669275549,48.0628312915228,48.542320251464844,4560400,0.0,0.0,0.0
2007-05-02 00:00:00-04:00,48.490963271434985,49.210194813575086,48.490963271434985,48.94190979003906,5159800,0.0,0.0,0.0
2007-05-03 00:00:00-04:00,49.24441960899481,49.38712397182427,49.061758198772765,49.13596725463867,4445200,0.0,0.0,0.0
2007-05-04 00:00:00-04:00,49.284383134963086,49.318635147938934,48.62223706898895,48.89052200317383,3248700,0.0,0.0,0.0
2007-05-07 00:00:00-04:00,48.80489399431493,49.20446448385065,48.79347956103893,48.93618392944336,2344700,0.0,0.0,0.0
2007-05-08 00:00:00-04:00,48.919071664120345,48.919071664120345,48.54804366953869,48.616539001464844,2521500,0.0,0.0,0.0
2007-05-09 00:00:00-04:00,48.582288011095194,49.46705706453844,48.54804034747563,49.18164825439453,3320700,0.0,0.0,0.0
2007-05-10 00:00:00-04:00,49.02751125937073,49.17021562427867,48.46240319373296,48.690731048583984,3762700,0.0,0.0,0.0
2007-05-11 00:00:00-04:00,48.80489243217137,49.23300552368164,48.69073068309859,49.23300552368164,2383600,0.0,0.0,0.0
2007-05-14 00:00:00-04:00,49.118839783400816,49.381415268925586,48.71926498413086,48.71926498413086,2264200,0.0,0.0,0.0
2007-05-15 00:00:00-04:00,48.79348581137778,49.11885163881886,47.971507150477244,48.062835693359375,3739200,0.0,0.0,0.0
2007-05-16 00:00:00-04:00,48.06854202842471,48.22837023453879,47.252272814348956,47.61759567260742,5834000,0.0,0.0,0.0
2007-05-17 00:00:00-04:00,47.469203984185555,47.48632781909429,46.74426303642915,46.76138687133789,6111700,0.0,0.0,0.0
2007-05-18 00:00:00-04:00,46.89835822783076,46.926896483955815,46.03071336779795,46.3560791015625,7539200,0.0,0.0,0.0
2007-05-21 00:00:00-04:00,46.22479357362959,47.120976690392794,46.0935036593944,46.67573547363281,15337300,0.0,0.0,0.0
2007-05-22 00:00:00-04:00,46.74996413687797,47.56623351095812,46.67005001815624,47.160953521728516,4998200,0.0,0.0,0.0
2007-05-23 00:00:00-04:00,47.40068002548672,47.720336393469644,46.6928676299568,46.7899055480957,4792300,0.0,0.0,0.0
2007-05-24 00:00:00-04:00,46.71572146390272,47.018258522436874,45.50559064974099,46.07640838623047,10391600,0.0,0.0,0.0
2007-05-25 00:00:00-04:00,46.35039500434731,46.87555059254915,46.002195862656336,46.367523193359375,6443700,0.0,0.0,0.0
2007-05-29 00:00:00-04:00,46.846982848642874,48.06282231701832,46.846982848642874,47.78312301635742,6826600,0.0,0.0,0.0
2007-05-30 00:00:00-04:00,47.57762950167081,49.05604883483506,47.57762950167081,49.00467300415039,7677200,0.0,0.0,0.0
2007-05-31 00:00:00-04:00,49.14167840443623,49.39283950784583,48.559446447886444,48.87339782714844,6025300,0.0,0.0,0.0
2007-06-01 00:00:00-04:00,48.896233313108816,49.18734712735775,48.587991314205,48.85056686401367,3208400,0.0,0.0,0.0
2007-06-04 00:00:00-04:00,48.65647609648725,49.37570727151616,48.51948113385981,49.15879821777344,3440100,0.0,0.0,0.0
2007-06-05 00:00:00-04:00,49.11886057727901,49.11886057727901,48.262634101358934,48.30829620361328,8411300,0.0,0.0,0.0
2007-06-06 00:00:00-04:00,48.0057487487793,48.36536654501633,47.748882627174325,48.0057487487793,7537000,0.0,0.0,0.0
2007-06-07 00:00:00-04:00,47.52625772825398,47.77170938334251,46.510203457652075,46.5216178894043,10550600,0.0,0.0,0.0
2007-06-08 00:00:00-04:00,46.46456262654788,47.286537170410156,46.23623467075532,47.286537170410156,5094400,0.0,0.0,0.0
2007-06-11 00:00:00-04:00,46.92118919504587,47.178059641637546,46.28758152377411,46.590118408203125,4932900,0.0,0.0,0.0
2007-06-12 00:00:00-04:00,46.26476318305675,46.4360058314102,45.568365090106326,45.60832214355469,9939100,0.0,0.0,0.0
2007-06-13 00:00:00-04:00,45.86517786125666,46.704280147805285,45.77384934057318,46.590118408203125,4207700,0.0,0.0,0.0
2007-06-14 00:00:00-04:00,46.57870784781865,46.841283379271765,46.110637664794915,46.11063766479492,4203600,0.0,0.0,0.0
2007-06-15 00:00:00-04:00,46.470234378476675,47.04675666495687,46.470234378476675,46.80701446533203,4408500,0.0,0.0,0.0
2007-06-18 00:00:00-04:00,46.80703572234066,46.835578339777896,46.03643295644686,46.11063766479492,6574700,0.0,0.0,0.0
2007-06-19 00:00:00-04:00,45.996482805510695,46.201977487910014,45.62545049812345,46.15631103515625,5922300,0.0,0.0,0.0
2007-06-20 00:00:00-04:00,46.17913568207622,46.23621655991726,45.180205077386645,45.33432388305664,7332300,0.0,0.0,0.0
2007-06-21 00:00:00-04:00,45.2544235313036,45.26584232333591,44.35253058044932,45.151676177978516,6765100,0.0,0.0,0.0
2007-06-22 00:00:00-04:00,44.98041915893555,45.094580912920925,44.55801108820779,44.98041915893555,5413700,0.0,0.0,0.0
2007-06-25 00:00:00-04:00,44.963299765866246,45.37999852385436,43.918706883224736,43.95866394042969,10238200,0.0,0.0,0.0
2007-06-26 00:00:00-04:00,44.25548369533544,44.38677364726261,43.79312287614271,43.895870208740234,7480300,0.0,0.0,0.0
2007-06-27 00:00:00-04:00,43.444921956054664,45.1345412988959,43.444921956054664,44.8491325378418,12543700,0.0,0.0,0.0
2007-06-28 00:00:00-04:00,45.08887154649035,45.4865125523286,44.650894864097936,44.67394256591797,8384000,0.746,0.0,0.0
2007-06-29 00:00:00-04:00,44.8352951691328,45.38276807290477,44.24747780620624,44.616302490234375,7104900,0.0,0.0,0.0
2007-07-02 00:00:00-04:00,44.80071623668908,45.75159419118226,44.65664395257609,45.74007034301758,8083500,0.0,0.0,0.0
2007-07-03 00:00:00-04:00,45.69972487444669,45.941765227913564,45.388528249959265,45.52683639526367,4308800,0.0,0.0,0.0
2007-07-05 00:00:00-04:00,45.90143156909436,46.65060482429332,45.90143156909436,46.25872802734375,12112800,0.0,0.0,0.0
2007-07-06 00:00:00-04:00,46.103130937843105,46.44890354052949,45.74007036453298,46.16075897216797,7472400,0.0,0.0,0.0
2007-07-09 00:00:00-04:00,46.206875777550245,46.650616599449485,45.79771090634127,46.33366012573242,4636000,0.0,0.0,0.0
2007-07-10 00:00:00-04:00,45.90718819386928,45.90718819386928,44.75461008481992,44.921730041503906,5713300,0.0,0.0,0.0
2007-07-11 00:00:00-04:00,44.835290200714454,44.921730041503906,44.32239329392642,44.921730041503906,7719300,0.0,0.0,0.0
2007-07-12 00:00:00-04:00,44.91599363083165,45.48651885986328,44.79497339417274,45.48651885986328,4041300,0.0,0.0,0.0
2007-07-13 00:00:00-04:00,45.49801966632649,45.999392732872614,45.26174343731277,45.9187126159668,2977000,0.0,0.0,0.0
2007-07-16 00:00:00-04:00,45.97636171106542,46.43739493042313,45.6594052199033,45.665164947509766,5520700,0.0,0.0,0.0
2007-07-17 00:00:00-04:00,45.58447434033552,45.889906909505186,45.290565620474794,45.37125015258789,3650200,0.0,0.0,0.0
2007-07-18 00:00:00-04:00,45.008202156663856,45.1695624883979,44.431912745191234,45.12346267700195,6536600,0.0,0.0,0.0
2007-07-19 00:00:00-04:00,45.32514177696283,45.67667850438579,45.255985497281564,45.27327346801758,3561700,0.0,0.0,0.0
2007-07-20 00:00:00-04:00,45.33091483963935,45.382778762076015,44.25901647523413,44.54716110229492,7447100,0.0,0.0,0.0
2007-07-23 00:00:00-04:00,44.72002755283068,44.881387776685465,43.76914978027344,43.76914978027344,6250800,0.0,0.0,0.0
2007-07-24 00:00:00-04:00,43.55016708210963,43.803735692896474,42.58776534096781,42.64539337158203,10142100,0.0,0.0,0.0
2007-07-25 00:00:00-04:00,43.215930538855666,43.51560341735614,42.069116138228985,42.703033447265625,10703200,0.0,0.0,0.0
2007-07-26 00:00:00-04:00,42.040291660014574,42.06910787615892,40.91652957818196,41.72333526611328,13133900,0.0,0.0,0.0
2007-07-27 00:00:00-04:00,41.60808060928679,42.120977671779116,40.507370467296234,40.570762634277344,11585600,0.0,0.0,0.0
2007-07-30 00:00:00-04:00,40.68602338480068,41.23350085359359,40.29991061201535,41.11824035644531,10038500,0.0,0.0,0.0
2007-07-31 00:00:00-04:00,41.64842067948042,42.15555801532929,40.570762634277344,40.570762634277344,10768500,0.0,0.0,0.0
2007-08-01 00:00:00-04:00,40.51889953287839,41.29112948607727,39.573785426626735,41.20468521118164,15366900,0.0,0.0,0.0
2007-08-02 00:00:00-04:00,41.204682265964784,42.01148811275788,41.204682265964784,41.80978775024414,12030800,0.0,0.0,0.0
2007-08-03 00:00:00-04:00,41.475538287582395,41.550454307729225,40.23075138929672,40.27109146118164,7893500,0.0,0.0,0.0
2007-08-06 00:00:00-04:00,40.484317244177454,41.42943120248044,39.389366859293425,41.3199348449707,10519300,0.0,0.0,0.0
2007-08-07 00:00:00-04:00,40.97992760595282,42.07487802521049,40.680254743383145,41.487060546875,12526200,0.0,0.0,0.0
2007-08-08 00:00:00-04:00,41.78096266086287,43.434914075918286,41.78096266086287,42.99116897583008,11235800,0.0,0.0,0.0
2007-08-09 00:00:00-04:00,42.06911763139012,43.50407671403163,40.62839442483566,42.916263580322266,12288000,0.0,0.0,0.0
2007-08-10 00:00:00-04:00,42.2823462695459,42.6626949099591,41.492828369140625,41.492828369140625,8758800,0.0,0.0,0.0
2007-08-13 00:00:00-04:00,42.09216467728428,42.24200110386532,41.29112302234135,41.3199348449707,6265500,0.0,0.0,0.0
2007-08-14 00:00:00-04:00,41.17585697112372,41.19890906415126,39.60259009344483,39.76395034790039,7102100,0.0,0.0,0.0
2007-08-15 00:00:00-04:00,39.78701422720654,40.79552051304513,39.049364618757046,39.33174514770508,10620700,0.0,0.0,0.0
2007-08-16 00:00:00-04:00,38.761220323512525,40.76094493794397,38.43849531928254,40.34601593017578,13364600,0.0,0.0,0.0
2007-08-17 00:00:00-04:00,42.069124811269376,43.50408413881341,40.956886130115564,41.40639114379883,14077300,0.0,0.0,0.0
2007-08-20 00:00:00-04:00,41.521645428386975,42.48404749500717,41.423672906798515,42.09793472290039,8527900,0.0,0.0,0.0
2007-08-21 00:00:00-04:00,42.17284461781713,42.824049843127646,41.94809217736758,42.73184585571289,7303500,0.0,0.0,0.0
2007-08-22 00:00:00-04:00,43.037289010559405,43.498322251147705,42.6915162784876,43.07762908935547,6307600,0.0,0.0,0.0
2007-08-23 00:00:00-04:00,43.22169116392364,43.41762738676595,42.414885382849505,42.772186279296875,8610300,0.0,0.0,0.0
2007-08-24 00:00:00-04:00,42.674204538690745,42.77793674022393,42.09791550722557,42.50131607055664,3553600,0.0,0.0,0.0
2007-08-27 00:00:00-04:00,42.39182249340469,42.53013503556524,41.75214127530632,41.92502975463867,5462800,0.0,0.0,0.0
2007-08-28 00:00:00-04:00,41.43519707554466,41.66571365000322,40.47855483039991,40.59957504272461,5436400,0.0,0.0,0.0
2007-08-29 00:00:00-04:00,40.88772775099928,41.66572189331055,40.59382334723694,41.66572189331055,4140500,0.0,0.0,0.0
2007-08-30 00:00:00-04:00,40.83008649585836,42.02300489256016,40.80127467562614,41.867408752441406,3118100,0.0,0.0,0.0
2007-08-31 00:00:00-04:00,42.351496645604385,43.1237265432127,42.167084257580306,42.703033447265625,6399400,0.0,0.0,0.0
2007-09-04 00:00:00-04:00,42.587770700611394,43.671192761412115,42.47251022814061,43.27931594848633,3887200,0.0,0.0,0.0
2007-09-05 00:00:00-04:00,42.77219718213289,43.066105988052904,42.069123456504855,42.24201202392578,5730700,0.0,0.0,0.0
2007-09-06 00:00:00-04:00,42.34571996662505,42.547420248290585,41.792478627290464,42.50131607055664,5387900,0.0,0.0,0.0
2007-09-07 00:00:00-04:00,41.49858640963092,41.95385540399475,41.34874998695402,41.706050872802734,8411700,0.0,0.0,0.0
2007-09-10 00:00:00-04:00,41.98267251046327,41.98267251046327,40.726361723889724,40.91653823852539,6194400,0.0,0.0,0.0
2007-09-11 00:00:00-04:00,41.22772965960971,41.757914665357745,41.22772965960971,41.65418243408203,4301600,0.0,0.0,0.0
2007-09-12 00:00:00-04:00,41.5734949412378,42.011475884310016,41.40637057616107,41.729095458984375,3256800,0.0,0.0,0.0
2007-09-13 00:00:00-04:00,42.011486470665524,42.82981613615721,41.87893801091559,42.495567321777344,6219800,0.0,0.0,0.0
2007-09-14 00:00:00-04:00,42.25928898934292,42.76065779008627,41.97690410969034,42.697265625,4478400,0.0,0.0,0.0
2007-09-17 00:00:00-04:00,42.564724670081766,42.795241251126335,42.27081591933148,42.6165885925293,3207100,0.0,0.0,0.0
2007-09-18 00:00:00-04:00,42.70880353637345,44.08613471359504,42.6454113569416,43.94206237792969,7774200,0.0,0.0,0.0
2007-09-19 00:00:00-04:00,44.212907069236664,45.186837200881584,44.212907069236664,44.83530044555664,8303600,0.0,0.0,0.0
2007-09-20 00:00:00-04:00,44.7488673905541,44.7488673905541,43.91900934771702,44.28783416748047,7069600,0.0,0.0,0.0
2007-09-21 00:00:00-04:00,44.41460299091967,44.44917893169971,44.0688303929079,44.299346923828125,3712100,0.0,0.0,0.0
2007-09-24 00:00:00-04:00,44.3223986860332,44.78342734769813,44.230190315657964,44.67969512939453,4217700,0.0,0.0,0.0
2007-09-25 00:00:00-04:00,44.14361172271312,44.626215508841845,43.84126016235669,43.94010543823242,4280500,0.688,0.0,0.0
2007-09-26 00:00:00-04:00,44.24827616460435,44.36456864769111,43.876149090935975,44.19013214111328,4204000,0.0,0.0,0.0
2007-09-27 00:00:00-04:00,44.52154641774966,44.71342563804221,44.32966719745711,44.6087646484375,3161200,0.0,0.0,0.0
2007-09-28 00:00:00-04:00,44.63783764695604,44.64946911114,44.23082512259348,44.46340560913086,5388900,0.0,0.0,0.0
2007-10-01 00:00:00-04:00,44.49248191461732,45.64375305175781,44.49248191461732,45.64375305175781,4408400,0.0,0.0,0.0
2007-10-02 00:00:00-04:00,45.51000640654853,46.08564404892481,45.35301714523894,46.06238555908203,3089000,0.0,0.0,0.0
2007-10-03 00:00:00-04:00,45.87632252574495,46.10308725880376,45.64374206114266,46.05075454711914,4040700,0.0,0.0,0.0
2007-10-04 00:00:00-04:00,46.149624578971164,46.29498687890178,45.5856181454635,46.06822204589844,2941100,0.0,0.0,0.0
2007-10-05 00:00:00-04:00,46.428696142074514,47.11480605645751,46.12052891915816,46.981075286865234,5803600,0.0,0.0,0.0
2007-10-08 00:00:00-04:00,46.74268771660607,46.80083173306916,46.35893365906641,46.45777893066406,3051900,0.0,0.0,0.0
2007-10-09 00:00:00-04:00,46.57405322356668,46.78919090072588,45.96353457665999,46.7252311706543,3913300,0.0,0.0,0.0
2007-10-10 00:00:00-04:00,46.67872816179168,46.87642314191327,46.28915837015434,46.661285400390625,5401300,0.0,0.0,0.0
2007-10-11 00:00:00-04:00,46.98109096408457,47.04505072257272,46.108917278633285,46.34730911254883,5640000,0.0,0.0,0.0
2007-10-12 00:00:00-04:00,46.358936161203225,46.6031437051913,45.92284936003694,46.01006317138672,2955600,0.0,0.0,0.0
2007-10-15 00:00:00-04:00,45.963565006864165,46.27173239972082,44.84717907493994,45.06231689453125,5012100,0.0,0.0,0.0
2007-10-16 00:00:00-04:00,44.94599928550255,44.94599928550255,44.28314793065455,44.312217712402344,4397000,0.0,0.0,0.0
2007-10-17 00:00:00-04:00,44.70762149156163,44.85879950152211,43.33540124387027,44.19013214111328,6046100,0.0,0.0,0.0
2007-10-18 00:00:00-04:00,43.922661494040746,44.76576083681482,43.509833203460715,44.30641555786133,4759100,0.0,0.0,0.0
2007-10-19 00:00:00-04:00,44.19012505523654,44.341303040955665,42.70161699924499,42.87604904174805,6097700,0.0,0.0,0.0
2007-10-22 00:00:00-04:00,42.5620666959236,43.49238868131751,42.11435290023857,43.40517044067383,7985800,0.0,0.0,0.0
2007-10-23 00:00:00-04:00,43.77146866696995,44.0214918496213,43.341197760582524,43.78310012817383,6291100,0.0,0.0,0.0
2007-10-24 00:00:00-04:00,43.62030012330971,43.852880600374185,42.74231536564417,43.608673095703125,5315100,0.0,0.0,0.0
2007-10-25 00:00:00-04:00,43.78310267644365,44.073827118024006,42.9865161095164,43.49237823486328,7166400,0.0,0.0,0.0
2007-10-26 00:00:00-04:00,44.09129107613946,44.5157464807295,43.39936515291112,44.13199234008789,3895100,0.0,0.0,0.0
2007-10-29 00:00:00-04:00,44.19011459279941,44.318034055344505,43.55052171617684,43.812171936035156,2944500,0.0,0.0,0.0
2007-10-30 00:00:00-04:00,43.54471150217221,44.25989566241911,43.52726874345214,44.00987243652344,3565400,0.0,0.0,0.0
2007-10-31 00:00:00-04:00,44.29478927445065,45.00415783272231,43.64356473457248,44.80065155029297,5673500,0.0,0.0,0.0
2007-11-01 00:00:00-04:00,43.8877778674389,44.056394194397186,43.033047022581876,43.20166778564453,8936900,0.0,0.0,0.0
2007-11-02 00:00:00-04:00,43.44588144651461,43.44588144651461,41.63175849113055,42.34694290161133,9155900,0.0,0.0,0.0
2007-11-05 00:00:00-05:00,41.42242312629798,42.143423038664594,41.35265208943277,41.74222183227539,6723000,0.0,0.0,0.0
2007-11-06 00:00:00-05:00,41.57360667053501,42.24227395875046,41.29450917736447,42.178314208984375,6195200,0.0,0.0,0.0
2007-11-07 00:00:00-05:00,42.15504772263269,42.15504772263269,40.480476389406675,40.753753662109375,7029000,0.0,0.0,0.0
2007-11-08 00:00:00-05:00,41.201480847955146,41.201480847955146,40.22464624730532,41.00960159301758,9324000,0.0,0.0,0.0
2007-11-09 00:00:00-05:00,40.78283409702126,41.27706487909221,40.32930456909488,40.870052337646484,7891800,0.0,0.0,0.0
2007-11-12 00:00:00-05:00,41.32358742145849,41.64919749839279,40.59096031225173,40.87587356567383,5978700,0.0,0.0,0.0
2007-11-13 00:00:00-05:00,41.015433266835764,42.35857970121864,41.015433266835764,42.34113693237305,7518200,0.0,0.0,0.0
2007-11-14 00:00:00-05:00,43.20166027189625,43.20166027189625,41.43405486968142,41.718963623046875,6177900,0.0,0.0,0.0
2007-11-15 00:00:00-05:00,41.48638916015625,41.78874515277877,40.82353759277395,41.48638916015625,7255200,0.0,0.0,0.0
2007-11-16 00:00:00-05:00,41.69570293242004,41.69570293242004,40.375815791222436,40.69561004638672,9041400,0.0,0.0,0.0
2007-11-19 00:00:00-05:00,40.43396649045273,40.49211050682426,39.74785645061884,39.91647720336914,6026100,0.0,0.0,0.0
2007-11-20 00:00:00-05:00,40.04440520025657,40.46304486864805,38.288426254852304,38.986167907714844,9575200,0.0,0.0,0.0
2007-11-21 00:00:00-05:00,38.33494213443482,39.13152905649063,37.99770056719032,38.69544219970703,8551100,0.0,0.0,0.0
2007-11-23 00:00:00-05:00,39.35828925494388,39.78274459492153,39.09663450987268,39.433876037597656,2247200,0.0,0.0,0.0
2007-11-26 00:00:00-05:00,39.24199717193043,39.61993996119793,37.64882793464319,37.95117950439453,8136200,0.0,0.0,0.0
2007-11-27 00:00:00-05:00,37.64882516317041,38.491924492768874,37.538348426535975,38.23027420043945,8787300,0.0,0.0,0.0
2007-11-28 00:00:00-05:00,38.486108506410304,40.11997868247687,38.486108506410304,40.02113342285156,8215500,0.0,0.0,0.0
2007-11-29 00:00:00-05:00,40.20138821916368,40.34093475341797,39.24199636944374,40.34093475341797,6977200,0.0,0.0,0.0
2007-11-30 00:00:00-05:00,41.17240373029918,41.184035194929734,40.31186166400502,40.71305847167969,8206000,0.0,0.0,0.0
2007-12-03 00:00:00-05:00,40.30023431676655,40.695619868625634,39.962997221793195,40.416526794433594,5246000,0.0,0.0,0.0
2007-12-04 00:00:00-05:00,39.84088715375843,40.224645658011475,39.29432806057046,39.3582878112793,6202200,0.0,0.0,0.0
2007-12-05 00:00:00-05:00,39.75366895814856,40.60258394939781,39.689709214497256,40.4804801940918,8667700,0.0,0.0,0.0
2007-12-06 00:00:00-05:00,40.643291082528926,41.99806848703758,40.16068728736165,41.93410873413086,6237500,0.0,0.0,0.0
2007-12-07 00:00:00-05:00,41.910846849581084,42.410893366720074,41.701524845378536,41.730594635009766,11116800,0.0,0.0,0.0
2007-12-10 00:00:00-05:00,41.87596235349841,42.7772102355957,41.61431203216931,42.7772102355957,6097500,0.0,0.0,0.0
2007-12-11 00:00:00-05:00,42.57952106519117,43.1202689249428,40.224650351668494,40.32931137084961,9826900,0.0,0.0,0.0
2007-12-12 00:00:00-05:00,41.50382359689007,42.12016248771214,39.88739625904813,40.457218170166016,9883300,0.0,0.0,0.0
2007-12-13 00:00:00-05:00,39.78854992856274,40.28859635660549,39.27687647395995,39.75947570800781,7341900,0.0,0.0,0.0
2007-12-14 00:00:00-05:00,39.19549057858088,40.24209642023558,38.55589294433594,38.55589294433594,7903000,0.0,0.0,0.0
2007-12-17 00:00:00-05:00,38.50356320460635,38.608224228457516,37.80001026942545,37.858154296875,8478800,0.0,0.0,0.0
2007-12-18 00:00:00-05:00,38.30585255627424,38.52680598096377,37.218545934745485,38.346553802490234,8550200,0.0,0.0,0.0
2007-12-19 00:00:00-05:00,37.94535593438152,38.689609806371955,37.93372447232373,38.666351318359375,6107100,0.0,0.0,0.0
2007-12-20 00:00:00-05:00,39.026855698742644,39.166402206699495,38.16049355642272,38.81171798706055,6199200,0.0,0.0,0.0
2007-12-21 00:00:00-05:00,39.009410265688786,39.474571228027344,38.81171974016231,39.474571228027344,5328100,0.0,0.0,0.0
2007-12-24 00:00:00-05:00,39.492014030903285,40.59676799058545,39.39898449999625,40.55025100708008,4013400,0.0,0.0,0.0
2007-12-26 00:00:00-05:00,40.230462485056485,40.364193286646206,39.67808320809936,39.87577819824219,4928200,0.0,0.0,0.0
2007-12-27 00:00:00-05:00,39.658759314993425,39.84108348092646,38.88828804635381,39.10002136230469,5923400,0.781,0.0,0.0
2007-12-28 00:00:00-05:00,39.22352459595204,39.37643958411165,38.21779377133859,38.52362823486328,6037000,0.0,0.0,0.0
2007-12-31 00:00:00-05:00,38.12956942910772,38.99414619946998,38.12956942910772,38.64125442504883,4841000,0.0,0.0,0.0
2008-01-02 00:00:00-05:00,38.65890589213184,39.141186272700885,38.11780721935224,38.317779541015625,7140100,0.0,0.0,0.0
2008-01-03 00:00:00-05:00,38.611846040582286,38.758882769992574,37.0767822265625,37.0767822265625,7858800,0.0,0.0,0.0
2008-01-04 00:00:00-05:00,36.65331327875607,37.053253335516494,35.88284006043184,35.90048599243164,11329300,0.0,0.0,0.0
2008-01-07 00:00:00-05:00,36.323953726334295,36.50628008392095,35.32410573149831,36.23573303222656,8651900,0.0,0.0,0.0
2008-01-08 00:00:00-05:00,36.406302723464876,37.264996864580056,34.82418574778512,34.91828918457031,10957900,0.0,0.0,0.0
2008-01-09 00:00:00-05:00,34.988872228111305,35.64171362937183,33.69494814970439,35.60642623901367,16010500,0.0,0.0,0.0
2008-01-10 00:00:00-05:00,34.76536000364606,36.72388781035732,34.5183371646542,36.076927185058594,16104400,0.0,0.0,0.0
2008-01-11 00:00:00-05:00,35.759326146352784,36.64154637484965,35.1123655428959,36.01811218261719,11200200,0.0,0.0,0.0
2008-01-14 00:00:00-05:00,36.35925456346037,36.647447637738054,35.12414651622044,35.91814422607422,8389300,0.0,0.0,0.0
2008-01-15 00:00:00-05:00,35.28293500889127,35.53583612246218,34.81829839979578,34.98297882080078,11132200,0.0,0.0,0.0
2008-01-16 00:00:00-05:00,34.783008608379674,36.12986559823495,34.783008608379674,35.43585205078125,12410600,0.0,0.0,0.0
2008-01-17 00:00:00-05:00,35.60052368691264,35.906360280125206,34.847696530452104,35.00649642944336,9742900,0.0,0.0,0.0
2008-01-18 00:00:00-05:00,35.12415161010559,35.55937928302775,33.97726411785345,34.71244812011719,11506100,0.0,0.0,0.0
2008-01-22 00:00:00-05:00,33.52437126428049,36.00635174951854,33.37145406675121,35.88283920288086,16160300,0.0,0.0,0.0
2008-01-23 00:00:00-05:00,34.96533728591109,39.19411312849843,34.96533728591109,38.81769943237305,23458200,0.0,0.0,0.0
2008-01-24 00:00:00-05:00,38.75888681953966,38.90592356431242,37.47672622563301,38.058990478515625,13291600,0.0,0.0,0.0
2008-01-25 00:00:00-05:00,38.47656228324238,38.78240112972515,37.25909859609106,37.52964782714844,11214700,0.0,0.0,0.0
2008-01-28 00:00:00-05:00,37.34733092239241,38.92356491088867,37.01796782624605,38.92356491088867,10138700,0.0,0.0,0.0
2008-01-29 00:00:00-05:00,38.81769794556106,39.18235066286772,38.21190731678768,38.68830490112305,8899800,0.0,0.0,0.0
2008-01-30 00:00:00-05:00,38.753001796588904,39.311739598728984,37.65904812133762,37.78255844116211,15006600,0.0,0.0,0.0
2008-01-31 00:00:00-05:00,37.147364657857715,38.929451604426426,37.09443133778928,38.68242645263672,14157100,0.0,0.0,0.0
2008-02-01 00:00:00-05:00,38.711840842602726,40.18809127807617,38.400123606412464,40.18809127807617,10200800,0.0,0.0,0.0
2008-02-04 00:00:00-05:00,40.099852012488014,40.099852012488014,39.11176513485611,39.56463623046875,7270300,0.0,0.0,0.0
2008-02-05 00:00:00-05:00,38.93532394185124,39.5234708563034,38.211905749909796,38.3118896484375,11490400,0.0,0.0,0.0
2008-02-06 00:00:00-05:00,38.500104223906355,38.68242836814618,37.57671356201172,37.57671356201172,10634800,0.0,0.0,0.0
2008-02-07 00:00:00-05:00,37.441439518578655,38.482460021972656,37.21206253782458,38.482460021972656,9400400,0.0,0.0,0.0
2008-02-08 00:00:00-05:00,38.400114359040266,38.42364077517102,36.829760858151346,37.288516998291016,13823600,0.0,0.0,0.0
2008-02-11 00:00:00-05:00,37.08854169921849,37.49436222382664,36.46510522160395,36.54156494140625,9407000,0.0,0.0,0.0
2008-02-12 00:00:00-05:00,36.81799451087514,37.747267676384766,36.747417512103,37.694332122802734,10333900,0.0,0.0,0.0
2008-02-13 00:00:00-05:00,37.87666367061634,38.28836473196449,37.15324096315598,37.87078094482422,14019900,0.0,0.0,0.0
2008-02-14 00:00:00-05:00,37.65903981912999,37.941352264494626,37.112063102089316,37.588462829589844,6206500,0.0,0.0,0.0
2008-02-15 00:00:00-05:00,36.847400041102766,37.435546875,36.588613998282625,37.435546875,7026100,0.0,0.0,0.0
2008-02-19 00:00:00-05:00,37.641401139383085,37.929591860439174,36.77682448901013,36.78270721435547,7789300,0.0,0.0,0.0
2008-02-20 00:00:00-05:00,36.69448257132626,37.64139938354492,36.576852749532236,37.64139938354492,11189700,0.0,0.0,0.0
2008-02-21 00:00:00-05:00,37.900189043390235,38.023699358395106,36.718012475193774,36.78858947753906,11578600,0.0,0.0,0.0
2008-02-22 00:00:00-05:00,36.79448337038252,37.653175354003906,36.40630637426712,37.653175354003906,10194800,0.0,0.0,0.0
2008-02-25 00:00:00-05:00,37.51201246078585,38.81769943237305,37.147361973114705,38.81769943237305,8961400,0.0,0.0,0.0
2008-02-26 00:00:00-05:00,38.2648410158227,39.082364957613294,38.24719732440648,38.79417419433594,7200400,0.0,0.0,0.0
2008-02-27 00:00:00-05:00,38.38836051682637,39.12942714384181,38.28249385582416,38.51775360107422,5700100,0.0,0.0,0.0
2008-02-28 00:00:00-05:00,38.28836829055836,38.28836829055836,37.717864990234375,37.717864990234375,5285200,0.0,0.0,0.0
2008-02-29 00:00:00-05:00,37.51201268367655,37.629642525315326,36.97091855318187,37.059139251708984,6919900,0.0,0.0,0.0
2008-03-03 00:00:00-05:00,37.00621369914267,37.323813665119786,36.47099993881963,37.259117126464844,10580900,0.0,0.0,0.0
2008-03-04 00:00:00-05:00,36.58273477927779,37.241458627760885,36.28866135218328,36.95914840698242,9860600,0.0,0.0,0.0
2008-03-05 00:00:00-05:00,36.92975281342915,37.52966305750564,36.612152876517555,36.92387008666992,6361200,0.0,0.0,0.0
2008-03-06 00:00:00-05:00,36.55334191621119,36.75919249675177,35.230010986328125,35.230010986328125,13605600,0.0,0.0,0.0
2008-03-07 00:00:00-05:00,34.90064294378837,36.0534105211634,34.694792391972385,35.58289337158203,12618500,0.0,0.0,0.0
2008-03-10 00:00:00-04:00,35.88871659477126,35.88871659477126,35.00649642944336,35.00649642944336,6875100,0.0,0.0,0.0
2008-03-11 00:00:00-04:00,35.99458418895477,37.49435806274414,35.771087779352605,37.49435806274414,13369800,0.0,0.0,0.0
2008-03-12 00:00:00-04:00,37.18853799053556,37.98841610010936,36.62391735662359,36.68861389160156,8016100,0.0,0.0,0.0
2008-03-13 00:00:00-04:00,36.02400855468211,37.364983175580974,35.40645457103674,37.147369384765625,13879700,0.0,0.0,0.0
2008-03-14 00:00:00-04:00,37.300272683621294,37.51788863662769,35.60052862178418,36.54156494140625,14895200,0.0,0.0,0.0
2008-03-17 00:00:00-04:00,35.876964235311746,36.63567434531001,35.529957442308074,36.29454803466797,13879700,0.0,0.0,0.0
2008-03-18 00:00:00-04:00,37.14735896583897,38.247193065843405,36.859165991047256,38.14720916748047,12294900,0.0,0.0,0.0
2008-03-19 00:00:00-04:00,38.52362314407401,38.81769660318908,37.7296257019043,37.7296257019043,12237300,0.0,0.0,0.0
2008-03-20 00:00:00-04:00,37.641398146158785,39.37642954707656,37.641398146158785,39.30585479736328,11888600,0.0,0.0,0.0
2008-03-24 00:00:00-04:00,39.89989832390691,40.42923162745063,39.43526604951418,39.97636032104492,11092800,0.0,0.0,0.0
2008-03-25 00:00:00-04:00,39.98229152814879,40.52942276657585,39.601673560906065,40.29153823852539,10191600,0.75,0.0,0.0
2008-03-26 00:00:00-04:00,40.14286911852154,40.20233912827998,39.22701644897461,39.22701644897461,6958500,0.0,0.0,0.0
2008-03-27 00:00:00-04:00,39.28052979502674,39.916868219724115,38.80476079792222,39.06048583984375,7634400,0.0,0.0,0.0
2008-03-28 00:00:00-04:00,38.98913350424464,39.11402189114484,38.39442430723165,38.459842681884766,9477600,0.0,0.0,0.0
2008-03-31 00:00:00-04:00,38.47767636925375,39.47678782353269,38.38252527408305,38.71556091308594,6473900,0.0,0.0,0.0
2008-04-01 00:00:00-04:00,39.45894409924715,40.81487999144942,39.20321902924269,40.618629455566406,12402900,0.0,0.0,0.0
2008-04-02 00:00:00-04:00,40.85651409881503,41.11818755950487,40.20233498436089,40.79109573364258,7307900,0.0,0.0,0.0
2008-04-03 00:00:00-04:00,40.523473126370455,41.62368392944336,40.40453313473495,41.62368392944336,8202300,0.0,0.0,0.0
2008-04-04 00:00:00-04:00,41.51070864259082,41.582070850761646,40.785162611043226,40.94573211669922,9858700,0.0,0.0,0.0
2008-04-07 00:00:00-04:00,41.23119185090269,41.237135676345126,40.517538055204405,40.85057830810547,10817900,0.0,0.0,0.0
2008-04-08 00:00:00-04:00,40.469959511305866,40.82083573225316,40.22017821974003,40.3391227722168,8107400,0.0,0.0,0.0
2008-04-09 00:00:00-04:00,40.43426990478046,40.43426990478046,39.39947735487674,39.51841735839844,13676400,0.0,0.0,0.0
2008-04-10 00:00:00-04:00,39.39352832162931,40.06555248814882,39.11996268837906,39.435157775878906,9904700,0.0,0.0,0.0
2008-04-11 00:00:00-04:00,39.10213932807979,39.83363381685276,39.01293201911641,39.29244613647461,6406500,0.0,0.0,0.0
2008-04-14 00:00:00-04:00,39.137797170486756,39.61951453761326,38.9891199230228,39.07832717895508,6146500,0.0,0.0,0.0
2008-04-15 00:00:00-04:00,39.464898847567966,39.5243688540448,38.93560807656406,39.280540466308594,4876500,0.0,0.0,0.0
2008-04-16 00:00:00-04:00,39.79198644716367,41.26686241455421,39.678990270813934,40.97545623779297,7566100,0.0,0.0,0.0
2008-04-17 00:00:00-04:00,40.85057920349045,41.284714408413194,40.505646754872764,41.21335220336914,5642400,0.0,0.0,0.0
2008-04-18 00:00:00-04:00,41.938893997151254,42.26598589709179,40.98141628616567,41.254981994628906,11815500,0.0,0.0,0.0
2008-04-21 00:00:00-04:00,40.91598265255277,41.18954825902977,40.68999031965498,40.8446159362793,6723200,0.0,0.0,0.0
2008-04-22 00:00:00-04:00,40.808941590663316,40.98735160492551,40.42832811551267,40.65431594848633,5998500,0.0,0.0,0.0
2008-04-23 00:00:00-04:00,40.737576030528174,41.43338463436742,40.553217649323926,41.12413787841797,5921700,0.0,0.0,0.0
2008-04-24 00:00:00-04:00,41.21333197669637,42.152968667702595,40.98733967224552,42.06970977783203,7680500,0.0,0.0,0.0
2008-04-25 00:00:00-04:00,42.34328794589232,42.34328794589232,41.74857882003838,42.21245574951172,5998600,0.0,0.0,0.0
2008-04-28 00:00:00-04:00,42.36113574223888,42.36113574223888,41.91510386930079,42.30760955810547,6289200,0.0,0.0,0.0
2008-04-29 00:00:00-04:00,42.135136540260525,42.135136540260525,41.469065288270905,41.69505310058594,6514300,0.0,0.0,0.0
2008-04-30 00:00:00-04:00,41.58206390512527,42.117303063361234,40.963565826416016,40.963565826416016,9774200,0.0,0.0,0.0
2008-05-01 00:00:00-04:00,41.023034695875644,42.02808996457821,40.85056851668521,41.9269905090332,9682500,0.0,0.0,0.0
2008-05-02 00:00:00-04:00,42.41466195421016,42.61091708837095,41.82590108899913,41.99836730957031,7715600,0.0,0.0,0.0
2008-05-05 00:00:00-04:00,41.80805601382621,42.105410595610834,41.546382529929076,41.89725875854492,4363500,0.0,0.0,0.0
2008-05-06 00:00:00-04:00,41.665324449775596,42.23030090332031,41.457177140478514,42.23030090332031,3181700,0.0,0.0,0.0
2008-05-07 00:00:00-04:00,42.19461707623448,42.28382436612243,40.892206978046815,40.98735809326172,6006300,0.0,0.0,0.0
2008-05-08 00:00:00-04:00,41.1538713238417,41.25497532756612,40.588899446816285,40.969512939453125,5163800,0.0,0.0,0.0
2008-05-09 00:00:00-04:00,40.60673386536505,41.07655456694275,40.42832386983899,40.6781005859375,6413900,0.0,0.0,0.0
2008-05-12 00:00:00-04:00,40.749455292206925,41.5998892729199,40.63646367695404,41.54636764526367,4772000,0.0,0.0,0.0
2008-05-13 00:00:00-04:00,41.629640983936554,41.79021045990402,41.23118693774958,41.76642608642578,4805300,0.0,0.0,0.0
2008-05-14 00:00:00-04:00,41.83183712460866,42.21839895823029,41.772367120344676,42.04593276977539,4626500,0.0,0.0,0.0
2008-05-15 00:00:00-04:00,42.093517163463474,42.56928634643555,41.73669254487002,42.56928634643555,5210900,0.0,0.0,0.0
2008-05-16 00:00:00-04:00,42.616848535339,42.616848535339,42.05187227070019,42.289756774902344,6593700,0.0,0.0,0.0
2008-05-19 00:00:00-04:00,42.52170123462022,42.67632687318183,42.099458312287354,42.61090850830078,5440400,0.0,0.0,0.0
2008-05-20 00:00:00-04:00,42.1053977116699,42.25407495706808,41.35606312442768,41.73072814941406,8566300,0.0,0.0,0.0
2008-05-21 00:00:00-04:00,41.665327517222515,42.152988908022586,40.70784528669398,40.82678985595703,8043600,0.0,0.0,0.0
2008-05-22 00:00:00-04:00,40.904095066066034,40.999250709014525,40.43427428786712,40.553218841552734,5312800,0.0,0.0,0.0
2008-05-23 00:00:00-04:00,40.48184495351176,40.50563386004381,40.1428609756526,40.29153823852539,5037900,0.0,0.0,0.0
2008-05-27 00:00:00-04:00,40.52347585200389,41.05871492490387,40.06555186241011,40.868408203125,4230300,0.0,0.0,0.0
2008-05-28 00:00:00-04:00,41.00518628670851,41.20144135786551,40.72567685062202,41.0349235534668,3708700,0.0,0.0,0.0
2008-05-29 00:00:00-04:00,40.826777190126776,41.55232295709304,40.826777190126776,41.46311569213867,4691900,0.0,0.0,0.0
2008-05-30 00:00:00-04:00,41.57016981657381,41.6831614678926,41.15981905781898,41.29660415649414,7055000,0.0,0.0,0.0
2008-06-02 00:00:00-04:00,41.03493314390774,41.106299878445114,40.35101668405509,40.7197380065918,5939600,0.0,0.0,0.0
2008-06-03 00:00:00-04:00,40.76731102686805,41.01113940092148,40.3866975620502,40.74946594238281,4642200,0.0,0.0,0.0
2008-06-04 00:00:00-04:00,40.59484279219088,41.41553968353222,40.582946069801345,40.97545623779297,4785700,0.0,0.0,0.0
2008-06-05 00:00:00-04:00,41.24307229498528,42.06971752322777,41.09439503037664,42.00429916381836,8515500,0.0,0.0,0.0
2008-06-06 00:00:00-04:00,41.4928554389816,41.6296405400122,40.21423439506925,40.3391227722168,7009200,0.0,0.0,0.0
2008-06-09 00:00:00-04:00,40.52942977889679,40.731628713498246,39.32811474616435,39.40542984008789,10088500,0.0,0.0,0.0
2008-06-10 00:00:00-04:00,39.08428636307686,39.75630607430239,38.709616691856226,39.56005096435547,12005600,0.0,0.0,0.0
2008-06-11 00:00:00-04:00,39.54220834035272,39.57194561142787,38.72151138356274,38.74530029296875,10701900,0.0,0.0,0.0
2008-06-12 00:00:00-04:00,39.07239137648291,39.55410889843336,38.54310056837877,38.98318862915039,10371700,0.0,0.0,0.0
2008-06-13 00:00:00-04:00,39.262688813144784,39.95255347723655,38.84639430017209,39.79792785644531,5176500,0.0,0.0,0.0
2008-06-16 00:00:00-04:00,39.54815754835219,40.40454015621303,39.41137245065806,40.36885452270508,5891900,0.0,0.0,0.0
2008-06-17 00:00:00-04:00,40.44021284019741,40.5115795550972,39.102117562396764,39.17942810058594,4909100,0.0,0.0,0.0
2008-06-18 00:00:00-04:00,38.971287576035664,39.096175945700544,38.32900064295587,38.596622467041016,10413700,0.0,0.0,0.0
2008-06-19 00:00:00-04:00,38.51930118554499,39.48273143027518,38.29926175224587,39.393524169921875,10138700,0.0,0.0,0.0
2008-06-20 00:00:00-04:00,39.01291820879742,39.13186275773373,38.31710961228483,38.418209075927734,10775400,0.0,0.0,0.0
2008-06-23 00:00:00-04:00,38.59662465304676,38.79287976103712,37.53209473254021,37.621299743652344,8776800,0.0,0.0,0.0
2008-06-24 00:00:00-04:00,37.34178652012904,38.14464293178843,37.11579641730885,37.63914108276367,7978800,0.0,0.0,0.0
2008-06-25 00:00:00-04:00,37.991187626307095,38.844248353037955,37.87704439086536,38.30357360839844,11539500,0.636,0.0,0.0
2008-06-26 00:00:00-04:00,37.49255856876662,37.95513327364188,36.903827751197426,36.93386459350586,8419200,0.0,0.0,0.0
2008-06-27 00:00:00-04:00,37.00595066144339,37.228228319296996,36.33311581987097,36.645503997802734,7528400,0.0,0.0,0.0
2008-06-30 00:00:00-04:00,36.621464086721446,37.17415142447866,36.188928661154286,36.52534484863281,7601900,0.0,0.0,0.0
2008-07-01 00:00:00-04:00,36.03874584258325,36.73561096191406,35.60019933968816,36.73561096191406,11533700,0.0,0.0,0.0
2008-07-02 00:00:00-04:00,36.37517794788174,36.86178314132088,35.95465519583535,35.972679138183594,8227500,0.0,0.0,0.0
2008-07-03 00:00:00-04:00,36.26103036058973,36.26103036058973,35.56416506469912,35.6843147277832,5336100,0.0,0.0,0.0
2008-07-07 00:00:00-04:00,35.924624271317214,36.13488682784428,34.72313180544263,34.951416015625,12509400,0.0,0.0,0.0
2008-07-08 00:00:00-04:00,34.951401209944656,37.56464529956574,34.633006574695095,37.48054122924805,13938200,0.0,0.0,0.0
2008-07-09 00:00:00-04:00,37.26428537741372,37.26428537741372,34.60297957630515,34.72312927246094,12342200,0.0,0.0,0.0
2008-07-10 00:00:00-04:00,34.67505584323137,35.84650857442389,34.320615652555105,35.35389709472656,17803600,0.0,0.0,0.0
2008-07-11 00:00:00-04:00,34.548905986599166,36.2610336863336,34.42274986003915,35.36592102050781,17415100,0.0,0.0,0.0
2008-07-14 00:00:00-04:00,35.83450828093831,36.19495504941181,34.03226985524145,34.134395599365234,13169200,0.0,0.0,0.0
2008-07-15 00:00:00-04:00,33.76192762337016,34.9694261453177,33.14315764902444,33.80998611450195,16090000,0.0,0.0,0.0
2008-07-16 00:00:00-04:00,33.91813168350851,36.224997304340384,33.38346790409234,36.182945251464844,19461800,0.0,0.0,0.0
2008-07-17 00:00:00-04:00,36.53136115475339,37.00594870202991,35.41397334830189,36.76565170288086,18756600,0.0,0.0,0.0
2008-07-18 00:00:00-04:00,36.83173522673835,36.96990652101612,36.206958885223614,36.77766799926758,7838800,0.0,0.0,0.0
2008-07-21 00:00:00-04:00,36.69957873910419,37.18618389712721,36.5133466261576,36.88581085205078,9094000,0.0,0.0,0.0
2008-07-22 00:00:00-04:00,36.609468160698306,38.165400721563394,36.27905824912421,38.05726623535156,13728300,0.0,0.0,0.0
2008-07-23 00:00:00-04:00,37.895057686053256,39.56513078450946,37.786923225841726,38.868263244628906,24829600,0.0,0.0,0.0
2008-07-24 00:00:00-04:00,39.26475577119753,39.270764514046554,36.19494359123333,36.477294921875,18157900,0.0,0.0,0.0
2008-07-25 00:00:00-04:00,36.65151666998002,37.576666166457116,36.357152379432826,37.02998733520508,12596700,0.0,0.0,0.0
2008-07-28 00:00:00-04:00,36.94588327595796,37.61871823216304,35.94263843984549,36.243011474609375,10412700,0.0,0.0,0.0
2008-07-29 00:00:00-04:00,36.285066993727426,38.26152001023339,36.10484132226464,38.05726623535156,13301000,0.0,0.0,0.0
2008-07-30 00:00:00-04:00,38.32759099727797,38.49580142093187,36.69957002933523,37.87102508544922,18801500,0.0,0.0,0.0
2008-07-31 00:00:00-04:00,37.21621154727211,37.78692065022947,36.87378654383048,37.42647171020508,11626000,0.0,0.0,0.0
2008-08-01 00:00:00-04:00,37.61272086517554,37.61272086517554,36.53137813715944,37.5166015625,10080900,0.0,0.0,0.0
2008-08-04 00:00:00-04:00,37.330370727729786,37.474550832661286,36.699587638442644,36.987945556640625,9984300,0.0,0.0,0.0
2008-08-05 00:00:00-04:00,37.19218729031251,38.69405468381733,37.10207446753637,38.567893981933594,14410900,0.0,0.0,0.0
2008-08-06 00:00:00-04:00,38.41770926763273,38.56188932388106,37.8349848823061,38.387672424316406,7676500,0.0,0.0,0.0
2008-08-07 00:00:00-04:00,37.919091011286696,38.18942719908454,37.035995853366245,37.45651626586914,9530500,0.0,0.0,0.0
2008-08-08 00:00:00-04:00,37.27628825088676,39.16263258598853,37.186177727313364,38.670021057128906,11405200,0.0,0.0,0.0
2008-08-11 00:00:00-04:00,38.76012712891984,40.06975349851107,38.465762893322086,39.61919403076172,14096200,0.0,0.0,0.0
2008-08-12 00:00:00-04:00,39.3308443475386,39.493043763222204,38.23147798384649,38.74211120605469,11123200,0.0,0.0,0.0
2008-08-13 00:00:00-04:00,38.393671213820234,38.53184249883094,37.68479085304269,38.11732864379883,10545200,0.0,0.0,0.0
2008-08-14 00:00:00-04:00,37.750873592283526,38.83822452925126,37.69680636797764,38.748111724853516,7144100,0.0,0.0,0.0
2008-08-15 00:00:00-04:00,38.868255064488686,39.29478865573701,38.31556997675932,38.68803405761719,7971400,0.0,0.0,0.0
2008-08-18 00:00:00-04:00,38.706071116495245,38.8202143413058,37.4985701812051,37.87704086303711,8996400,0.0,0.0,0.0
2008-08-19 00:00:00-04:00,37.45651990830708,37.51058715112438,36.66954395266745,37.096073150634766,10014700,0.0,0.0,0.0
2008-08-20 00:00:00-04:00,37.20419031264701,37.372398415681666,36.36915395591988,37.1861686706543,11241500,0.0,0.0,0.0
2008-08-21 00:00:00-04:00,36.79569057612302,36.8557642563164,36.351137551034434,36.675540924072266,10590500,0.0,0.0,0.0
2008-08-22 00:00:00-04:00,36.93387700096798,37.84701152221812,36.675555945340285,37.5166015625,9436700,0.0,0.0,0.0
2008-08-25 00:00:00-04:00,37.45651135001913,37.4805417394839,36.51334033433549,36.687557220458984,9379600,0.0,0.0,0.0
2008-08-26 00:00:00-04:00,36.55539345818705,37.12610262081092,36.381178858541894,36.96990966796875,9601700,0.0,0.0,0.0
2008-08-27 00:00:00-04:00,36.777667525885974,37.3303526958832,36.72360029911112,37.300315856933594,4988900,0.0,0.0,0.0
2008-08-28 00:00:00-04:00,37.43849818059881,38.63999042591114,37.43249172770467,38.537864685058594,9100600,0.0,0.0,0.0
2008-08-29 00:00:00-04:00,38.201443072016225,38.67603073048457,37.91308523047927,38.105323791503906,8286300,0.0,0.0,0.0
2008-09-02 00:00:00-04:00,38.63998838148634,39.22271282296379,37.82898207547635,38.57390594482422,14084500,0.0,0.0,0.0
2008-09-03 00:00:00-04:00,38.49580417088591,39.11457180776274,38.18341598082909,39.10255432128906,12648800,0.0,0.0,0.0
2008-09-04 00:00:00-04:00,38.71208314982159,38.92234338444536,37.847007232135944,37.883052825927734,11409600,0.0,0.0,0.0
2008-09-05 00:00:00-04:00,37.576673118390005,38.12335205078125,37.10208308596661,38.12335205078125,14259100,0.0,0.0,0.0
2008-09-08 00:00:00-04:00,39.469013269413004,40.033716017609045,38.44774682763537,39.769386291503906,19545100,0.0,0.0,0.0
2008-09-09 00:00:00-04:00,39.37890248336658,39.84147489081391,37.90707202028668,38.0272216796875,16618900,0.0,0.0,0.0
2008-09-10 00:00:00-04:00,38.47178666752246,38.7060773156255,37.48656327977382,38.23148727416992,14613600,0.0,0.0,0.0
2008-09-11 00:00:00-04:00,37.80494536417419,38.70005560665595,37.462520332934304,38.670021057128906,15908200,0.0,0.0,0.0
2008-09-12 00:00:00-04:00,38.255505683182186,39.156624688360786,37.99117826666222,39.078529357910156,13987700,0.0,0.0,0.0
2008-09-15 00:00:00-04:00,37.516586196763534,38.35162272643707,36.50733278619961,36.675540924072266,27435000,0.0,0.0,0.0
2008-09-16 00:00:00-04:00,35.678298256539065,37.925088907080024,35.570163812351,37.80493927001953,40741800,0.0,0.0,0.0
2008-09-17 00:00:00-04:00,37.07202896812814,37.66676841792747,35.61822498898449,36.04475402832031,38255800,0.0,0.0,0.0
2008-09-18 00:00:00-04:00,36.19494631753031,39.11457222947785,34.3686779367377,39.09054183959961,48435400,0.0,0.0,0.0
2008-09-19 00:00:00-04:00,40.37013626098633,40.37013626098633,38.31558569011376,40.37013626098633,19358900,0.0,0.0,0.0
2008-09-22 00:00:00-04:00,40.23196751857366,40.53234057206956,36.687564570656214,36.813720703125,11411000,0.0,0.0,0.0
2008-09-23 00:00:00-04:00,37.65475888439372,38.17140080311664,36.90983284751469,37.048004150390625,15650200,0.0,0.0,0.0
2008-09-24 00:00:00-04:00,37.72338167744815,37.72338167744815,36.43348605062119,36.77421188354492,12940800,0.78,0.0,0.0
2008-09-25 00:00:00-04:00,37.54084321731736,37.83289487593422,36.55516857935792,37.45566177368164,15335900,0.0,0.0,0.0
2008-09-26 00:00:00-04:00,36.62818856374492,38.563033237076745,36.28746039701893,38.234474182128906,16272700,0.0,0.0,0.0
2008-09-29 00:00:00-04:00,37.42524254987569,37.656451012426494,35.636425045350315,35.94673156738281,20029500,0.0,0.0,0.0
2008-09-30 00:00:00-04:00,36.90197772051678,38.027593561530026,35.88587921362224,37.69295120239258,14512300,0.0,0.0,0.0
2008-10-01 00:00:00-04:00,37.21836313371715,37.21836313371715,36.47606612802636,37.11492919921875,11929100,0.0,0.0,0.0
2008-10-02 00:00:00-04:00,36.50649268717969,36.70119379582968,34.35260906159121,34.656829833984375,15561600,0.0,0.0,0.0
2008-10-03 00:00:00-04:00,35.28353038394838,35.63034191988665,32.80717086791992,32.80717086791992,23607200,0.0,0.0,0.0
2008-10-06 00:00:00-04:00,31.401683322383803,32.24741709754079,30.440344113687605,32.20482635498047,23349100,0.0,0.0,0.0
2008-10-07 00:00:00-04:00,32.393435372952894,32.39951876837387,29.460744402617323,29.485082626342773,22293000,0.0,0.0,0.0
2008-10-08 00:00:00-04:00,29.083511486085175,30.37340718211177,28.651518455584025,28.992246627807617,24026100,0.0,0.0,0.0
2008-10-09 00:00:00-04:00,29.844058095449416,30.166533700993337,26.61323489279317,26.917455673217773,25967500,0.0,0.0,0.0
2008-10-10 00:00:00-04:00,25.773586524778494,31.63896317227552,25.086046867495227,29.05916976928711,30594200,0.0,0.0,0.0
2008-10-13 00:00:00-04:00,30.40383633225318,31.395594757394257,28.967913367508118,31.2313175201416,15665100,0.0,0.0,0.0
2008-10-14 00:00:00-04:00,31.754557517062192,31.90058448206704,27.203415881852685,29.205188751220703,23706100,0.0,0.0,0.0
2008-10-15 00:00:00-04:00,28.335125596088236,28.651515511856147,24.867007954385986,25.067794799804688,18971700,0.0,0.0,0.0
2008-10-16 00:00:00-04:00,25.75533536702166,26.759262666054394,24.307243634641733,26.643659591674805,31029800,0.0,0.0,0.0
2008-10-17 00:00:00-04:00,25.664074939841008,27.611089135987164,25.28684167916321,26.3698673248291,18492300,0.0,0.0,0.0
2008-10-20 00:00:00-04:00,26.747094010826135,26.917459248788155,25.341595304018618,26.619321823120117,17278500,0.0,0.0,0.0
2008-10-21 00:00:00-04:00,26.016966334281566,26.899207272422128,25.57280416730507,25.700578689575195,14293000,0.0,0.0,0.0
2008-10-22 00:00:00-04:00,25.09213226944838,25.35984573429827,22.95041758758786,23.814403533935547,25696000,0.0,0.0,0.0
2008-10-23 00:00:00-04:00,23.698797297460672,24.270731481746076,21.344129301782694,23.44325065612793,31301900,0.0,0.0,0.0
2008-10-24 00:00:00-04:00,21.155514672339475,23.05993752678798,20.845208157128056,21.940404891967773,24985000,0.0,0.0,0.0
2008-10-27 00:00:00-04:00,21.690943458286814,22.70703979230071,20.510565296593487,20.796533584594727,16119800,0.0,0.0,0.0
2008-10-28 00:00:00-04:00,21.508413062685253,24.288991432570704,20.30978449776999,24.191640853881836,26639700,0.0,0.0,0.0
2008-10-29 00:00:00-04:00,23.856991102576263,24.915680353555835,22.926076332953308,23.230297088623047,22743600,0.0,0.0,0.0
2008-10-30 00:00:00-04:00,24.337658753544055,24.5384455523504,23.485839768762013,24.355911254882812,20262800,0.0,0.0,0.0
2008-10-31 00:00:00-04:00,24.4106701460378,25.956111974808536,24.009098884808072,25.889183044433594,22458500,0.0,0.0,0.0
2008-11-03 00:00:00-05:00,25.657977601574316,25.95611496549987,24.91568053075469,24.946102142333984,13099200,0.0,0.0,0.0
2008-11-04 00:00:00-05:00,25.323336359765293,26.46720711003886,25.116466142386244,26.333349227905273,20026600,0.0,0.0,0.0
2008-11-05 00:00:00-05:00,25.93177840888894,25.93177840888894,23.63795346937212,23.790063858032227,21429400,0.0,0.0,0.0
2008-11-06 00:00:00-05:00,23.449340950650566,23.69880192582682,22.573183518991033,22.71312713623047,23286800,0.0,0.0,0.0
2008-11-07 00:00:00-05:00,22.786132773705013,24.215969253236356,22.275041862707184,24.057775497436523,25798500,0.0,0.0,0.0
2008-11-10 00:00:00-05:00,24.355918731180733,24.4106785730261,21.77004169485532,21.995166778564453,26496700,0.0,0.0,0.0
2008-11-11 00:00:00-05:00,21.63618669395296,22.220290142083734,20.83304387251795,21.715282440185547,28902400,0.0,0.0,0.0
2008-11-12 00:00:00-05:00,21.070334992048434,21.143347340171864,19.94471654679377,20.115081787109375,27318200,0.0,0.0,0.0
2008-11-13 00:00:00-05:00,20.261109887961307,22.52451394930835,19.263265785524336,22.341981887817383,40172400,0.0,0.0,0.0
2008-11-14 00:00:00-05:00,21.61184559864933,21.867389952871815,19.86561888173427,20.139415740966797,23002400,0.0,0.0,0.0
2008-11-17 00:00:00-05:00,19.670912326081794,20.163748393419503,19.159820277244737,19.981216430664062,17984600,0.0,0.0,0.0
2008-11-18 00:00:00-05:00,19.32410545056146,19.65266331271647,18.009871680920906,19.17807960510254,28989800,0.0,0.0,0.0
2008-11-19 00:00:00-05:00,18.843434244480424,18.922532295273253,16.452259945731363,16.865999221801758,37362600,0.0,0.0,0.0
2008-11-20 00:00:00-05:00,16.385332301076083,17.383176143201368,14.979832544824701,15.393571853637695,58533000,0.0,0.0,0.0
2008-11-21 00:00:00-05:00,15.886408239110358,16.73822612324143,14.304460076861172,16.665212631225586,47485000,0.0,0.0,0.0
2008-11-24 00:00:00-05:00,16.9755201379248,19.603988782951106,16.294066206648164,19.074644088745117,93279100,0.0,0.0,0.0
2008-11-25 00:00:00-05:00,19.537058024943008,19.98122006616873,18.137641800663296,19.59181785583496,52749200,0.0,0.0,0.0
2008-11-26 00:00:00-05:00,18.98337966756569,20.662677575844732,18.93470438269543,20.486228942871094,30893000,0.0,0.0,0.0
2008-11-28 00:00:00-05:00,20.34020173494236,20.486226410995737,19.8291107267148,20.30978012084961,11572100,0.0,0.0,0.0
2008-12-01 00:00:00-05:00,19.45795591176682,19.524884837880823,15.989840589165672,16.12369728088379,41832300,0.0,0.0,0.0
2008-12-02 00:00:00-05:00,16.8842534166055,18.405357328011398,16.68346774672033,18.344512939453125,63499500,0.0,0.0,0.0
2008-12-03 00:00:00-05:00,17.517034307433264,19.348442511216152,17.2310660112964,19.17807960510254,55281100,0.0,0.0,0.0
2008-12-04 00:00:00-05:00,18.746090077967832,20.224604883396456,18.326266104122624,18.8616943359375,51522200,0.0,0.0,0.0
2008-12-05 00:00:00-05:00,18.399272224386365,20.83303957056419,18.234992728331363,20.68092918395996,52414200,0.0,0.0,0.0
2008-12-08 00:00:00-05:00,21.350209365253164,22.68269522978815,20.918216517241984,22.6279354095459,42243900,0.0,0.0,0.0
2008-12-09 00:00:00-05:00,22.14727549190331,22.67053332588907,20.57141163204457,21.00340461730957,62193900,0.0,0.0,0.0
2008-12-10 00:00:00-05:00,21.088582183937493,22.4879971622202,20.966893420386796,22.396732330322266,35455200,0.0,0.0,0.0
2008-12-11 00:00:00-05:00,21.855221523752707,21.95865780441483,18.867774471095814,19.165910720825195,52442500,0.0,0.0,0.0
2008-12-12 00:00:00-05:00,18.648738873800554,21.112928587363164,18.478375931383635,20.97907066345215,56324600,0.0,0.0,0.0
2008-12-15 00:00:00-05:00,20.881713394549546,21.058161997581216,19.56139637142769,20.38279151916504,37359200,0.0,0.0,0.0
2008-12-16 00:00:00-05:00,22.865238189697266,22.9565030440604,20.34628782351476,22.865238189697266,52110600,0.0,0.0,0.0
2008-12-17 00:00:00-05:00,22.268958355216913,24.41067275063441,21.873472766016,23.44325065612793,49696400,0.0,0.0,0.0
2008-12-18 00:00:00-05:00,23.631872047142704,23.814404064562968,21.313708694945802,21.59359359741211,43520600,0.0,0.0,0.0
2008-12-19 00:00:00-05:00,21.71527812889138,22.786136558879832,21.57533685062409,22.664447784423828,35568800,0.0,0.0,0.0
2008-12-22 00:00:00-05:00,22.658365406307674,22.76788275510719,21.100754129662175,22.189865112304688,36920400,0.0,0.0,0.0
2008-12-23 00:00:00-05:00,22.189861039488864,22.59546729174114,21.77177188484734,22.021377563476562,23958600,0.91,0.0,0.0
2008-12-24 00:00:00-05:00,22.133703943325877,22.239784828943293,21.753056284738005,22.189865112304688,6284700,0.0,0.0,0.0
2008-12-26 00:00:00-05:00,22.36457768127018,22.526819663250453,21.846646868011558,22.483139038085938,6966300,0.0,0.0,0.0
2008-12-29 00:00:00-05:00,22.420751113590086,22.420751113590086,20.854479677102063,21.216407775878906,23933800,0.0,0.0,0.0
2008-12-30 00:00:00-05:00,21.45353156159232,22.308427268730497,21.322487242645337,22.177385330200195,20496900,0.0,0.0,0.0
2008-12-31 00:00:00-05:00,22.13370051605767,23.450365866803732,22.05257831111253,23.23196029663086,31635400,0.0,0.0,0.0
2009-01-02 00:00:00-05:00,23.34428518788951,23.41292687806226,22.489389547593635,22.595470428466797,22976000,0.0,0.0,0.0
2009-01-05 00:00:00-05:00,22.439461051341322,22.813869514451348,21.990174228191446,22.152416229248047,23694700,0.0,0.0,0.0
2009-01-06 00:00:00-05:00,22.470671626288436,23.500292403824787,21.821700939414775,23.250686645507812,31263100,0.0,0.0,0.0
2009-01-07 00:00:00-05:00,22.71403751222533,23.17580505431397,22.333389815379633,22.464431762695312,26433600,0.0,0.0,0.0
2009-01-08 00:00:00-05:00,22.10250341901788,22.526831760267154,21.871619650531805,22.36458969116211,22563100,0.0,0.0,0.0
2009-01-09 00:00:00-05:00,22.395779389477322,22.445701467758877,21.20391714528585,21.334959030151367,22380600,0.0,0.0,0.0
2009-01-12 00:00:00-05:00,21.122799712017297,21.19144139489454,19.74997438592934,20.093181610107422,29349900,0.0,0.0,0.0
2009-01-13 00:00:00-05:00,19.83110351432037,20.779600932307034,19.693820100639584,20.69847869873047,28514300,0.0,0.0,0.0
2009-01-14 00:00:00-05:00,20.06198234893762,20.08070194309562,19.41924970153035,19.625173568725586,39178900,0.0,0.0,0.0
2009-01-15 00:00:00-05:00,19.56277896674319,20.698479572903032,18.61428031848942,20.193031311035156,45830000,0.0,0.0,0.0
2009-01-16 00:00:00-05:00,20.685991277161566,21.04167779819879,19.712532051976734,20.93559455871582,45503800,0.0,0.0,0.0
2009-01-20 00:00:00-05:00,20.511271325286344,20.598632613992326,18.526914401911526,18.67043685913086,43592300,0.0,0.0,0.0
2009-01-21 00:00:00-05:00,19.01364624859912,20.623597248803428,18.445795392843124,20.529996871948242,58566300,0.0,0.0,0.0
2009-01-22 00:00:00-05:00,19.68757384974563,20.48006920334496,19.169644049796492,19.487890243530273,46457600,0.0,0.0,0.0
2009-01-23 00:00:00-05:00,18.826440032430053,20.136865327419862,18.701637169970716,20.10566520690918,45033900,0.0,0.0,0.0
2009-01-26 00:00:00-05:00,20.08694108001603,20.636072187804125,19.531570900960322,19.937179565429688,35914000,0.0,0.0,0.0
2009-01-27 00:00:00-05:00,20.043267460859603,20.54871810557987,19.843583784519613,20.29911231994629,26821100,0.0,0.0,0.0
2009-01-28 00:00:00-05:00,20.866950957622134,22.09001573194629,20.60486717910568,21.91529083251953,50147600,0.0,0.0,0.0
2009-01-29 00:00:00-05:00,21.44728630054683,21.559608622317675,20.105662271153694,20.199262619018555,43081400,0.0,0.0,0.0
2009-01-30 00:00:00-05:00,20.411425502265363,20.729672854788397,19.132201782359324,19.556529998779297,41407200,0.0,0.0,0.0
2009-02-02 00:00:00-05:00,19.02612409886183,19.86854046436421,18.857640587719683,19.681337356567383,32550000,0.0,0.0,0.0
2009-02-03 00:00:00-05:00,19.806142329561368,19.8935036357184,19.30693316550902,19.60645866394043,26174100,0.0,0.0,0.0
2009-02-04 00:00:00-05:00,19.612696635528433,20.211747562392304,19.14468765258789,19.14468765258789,32183800,0.0,0.0,0.0
2009-02-05 00:00:00-05:00,18.801479467140936,19.51285389711152,18.258589738967117,18.85140037536621,47541300,0.0,0.0,0.0
2009-02-06 00:00:00-05:00,18.96996263601849,20.361510159298984,18.938762515269477,20.143104553222656,45108400,0.0,0.0,0.0
2009-02-09 00:00:00-05:00,20.19302464056822,20.49878912605339,19.774936637026638,20.41766929626465,28441400,0.0,0.0,0.0
2009-02-10 00:00:00-05:00,20.249186827042852,20.28038694626149,18.476992918675958,18.664196014404297,53282300,0.0,0.0,0.0
2009-02-11 00:00:00-05:00,18.82020244194879,19.13844871520996,18.140029244427392,19.13844871520996,39645100,0.0,0.0,0.0
2009-02-12 00:00:00-05:00,18.42082796767912,18.907556392666276,17.447368737288784,18.857635498046875,60743300,0.0,0.0,0.0
2009-02-13 00:00:00-05:00,18.52691169330863,18.589313114779188,17.659534434304934,17.72817611694336,32151900,0.0,0.0,0.0
2009-02-17 00:00:00-05:00,16.910723871903247,17.035525546220036,16.39903426972527,16.61119842529297,43326100,0.0,0.0,0.0
2009-02-18 00:00:00-05:00,16.842081421055347,16.935682970141595,16.068306790289693,16.679838180541992,42157000,0.0,0.0,0.0
2009-02-19 00:00:00-05:00,16.9606428437051,17.17904723659019,15.856141546418227,16.037105560302734,39524200,0.0,0.0,0.0
2009-02-20 00:00:00-05:00,15.544135490559393,17.091684632959392,15.456774210165126,17.06672477722168,61926700,0.0,0.0,0.0
2009-02-23 00:00:00-05:00,17.272654487538055,17.384976851868785,15.687663240130785,15.76878547668457,48795300,0.0,0.0,0.0
2009-02-24 00:00:00-05:00,15.955983227001196,17.12288594039176,15.693898195610213,17.06672477722168,56026400,0.0,0.0,0.0
2009-02-25 00:00:00-05:00,16.823355306331703,17.416166913117753,16.08078222061145,16.636152267456055,55893600,0.0,0.0,0.0
2009-02-26 00:00:00-05:00,17.097925137486758,17.18528760933103,15.762540105812112,15.931023597717285,45262200,0.0,0.0,0.0
2009-02-27 00:00:00-05:00,15.419333947993533,16.174388988931184,15.375653304094582,15.68765926361084,42992900,0.0,0.0,0.0
2009-03-02 00:00:00-05:00,15.26332722925382,15.425570431283356,14.27738868631125,14.589394569396973,47758400,0.0,0.0,0.0
2009-03-03 00:00:00-05:00,14.85148126241429,15.007484221852287,13.965384405198128,14.645557403564453,45163300,0.0,0.0,0.0
2009-03-04 00:00:00-05:00,15.0137270281604,15.282052354313185,14.51451794941684,15.032447814941406,38299400,0.0,0.0,0.0
2009-03-05 00:00:00-05:00,14.508282231651968,14.732926982557235,13.840589433359872,14.065234184265137,35615200,0.0,0.0,0.0
2009-03-06 00:00:00-05:00,14.133868066099508,14.214990272551534,13.091768236243247,13.859302520751953,51913900,0.0,0.0,0.0
2009-03-09 00:00:00-04:00,13.428731579252723,14.183785137379525,13.403770540864489,14.15258502960205,42294100,0.0,0.0,0.0
2009-03-10 00:00:00-04:00,14.50827839802919,16.11198898105542,14.38347552712408,16.024627685546875,65399400,0.0,0.0,0.0
2009-03-11 00:00:00-04:00,16.224307299560817,16.361589471312957,15.556614843435263,15.7500581741333,43592700,0.0,0.0,0.0
2009-03-12 00:00:00-04:00,15.812463812513839,17.110408695133525,15.60029964216374,16.991846084594727,50385900,0.0,0.0,0.0
2009-03-13 00:00:00-04:00,16.973120515590004,17.07920256344524,16.09950309080194,16.629913330078125,30566700,0.0,0.0,0.0
2009-03-16 00:00:00-04:00,16.72975923266653,16.892002474601576,15.356933723552611,15.406854629516602,35463700,0.0,0.0,0.0
2009-03-17 00:00:00-04:00,15.406858075321455,16.61744061325191,15.10733138233889,16.55504035949707,41093700,0.0,0.0,0.0
2009-03-18 00:00:00-04:00,16.24927345786033,17.434896049483175,15.8623854844886,17.409934997558594,54306800,0.0,0.0,0.0
2009-03-19 00:00:00-04:00,17.65330387373919,17.678263740235323,16.32415735942469,16.41775894165039,45493700,0.0,0.0,0.0
2009-03-20 00:00:00-04:00,16.255508228671943,16.311669390430936,15.082366473479086,15.19468879699707,45303800,0.0,0.0,0.0
2009-03-23 00:00:00-04:00,15.675174953448732,17.578410226201544,15.662694433380238,17.472328186035156,63916000,0.0,0.0,0.0
2009-03-24 00:00:00-04:00,16.848323822021484,17.540977515571285,16.062068567502138,16.22431182861328,57191900,0.0,0.0,0.0
2009-03-25 00:00:00-04:00,16.475074869947875,16.845157839760486,15.179785084118675,16.449552536010742,64292000,0.573,0.0,0.0
2009-03-26 00:00:00-04:00,16.62182983294188,17.017436310786124,15.875283086598044,16.85791778564453,49365800,0.0,0.0,0.0
2009-03-27 00:00:00-04:00,16.347456084343087,16.6409695342232,16.07946496109059,16.181556701660156,32954900,0.0,0.0,0.0
2009-03-30 00:00:00-04:00,15.466916072173351,15.651958145757,15.115975803208883,15.294635772705078,35357900,0.0,0.0,0.0
2009-03-31 00:00:00-04:00,15.492440585888088,16.47507413044387,15.33930293804939,16.2453670501709,50864900,0.0,0.0,0.0
2009-04-01 00:00:00-04:00,15.792332764530663,16.43040681562281,15.785951877976181,16.098608016967773,35114200,0.0,0.0,0.0
2009-04-02 00:00:00-04:00,16.602687554904954,17.4768483472369,16.41126460413197,17.16419219970703,50186000,0.0,0.0,0.0
2009-04-03 00:00:00-04:00,17.087621762197635,18.765755807820998,16.87705739575775,18.701948165893555,59341900,0.0,0.0,0.0
2009-04-06 00:00:00-04:00,18.248921897011105,18.906137527315217,17.853315367628596,18.40205955505371,44648400,0.0,0.0,0.0
2009-04-07 00:00:00-04:00,17.929883175682356,18.076639932507074,16.972771987126677,17.017436981201172,47135300,0.0,0.0,0.0
2009-04-08 00:00:00-04:00,17.196094018903526,17.52789155914431,16.85791437587462,17.374753952026367,40171700,0.0,0.0,0.0
2009-04-09 00:00:00-04:00,18.127681058520967,19.710104183068545,17.815024964987497,19.44849395751953,64914500,0.0,0.0,0.0
2009-04-13 00:00:00-04:00,19.078414996451322,20.169522320281903,18.99546590046677,19.69734764099121,38973700,0.0,0.0,0.0
2009-04-14 00:00:00-04:00,19.397449455153584,19.627156485770204,18.057493804939284,18.083017349243164,48840300,0.0,0.0,0.0
2009-04-15 00:00:00-04:00,17.9936908207348,19.742013778058194,17.891599058046555,19.563352584838867,58349500,0.0,0.0,0.0
2009-04-16 00:00:00-04:00,19.576108383412954,21.133007897647172,18.861465045725385,20.360939025878906,67149800,0.0,0.0,0.0
2009-04-17 00:00:00-04:00,20.26523017300208,21.247863489816616,19.824958776862225,20.56512451171875,54353000,0.0,0.0,0.0
2009-04-20 00:00:00-04:00,19.780291270288195,20.022758821334275,18.29995998930101,18.363767623901367,64828700,0.0,0.0,0.0
2009-04-21 00:00:00-04:00,17.968167348052283,20.12485858234117,17.86607558492936,20.041908264160156,74967600,0.0,0.0,0.0
2009-04-22 00:00:00-04:00,19.59525879481175,20.437516574045326,19.250699347411647,19.36555290222168,67786500,0.0,0.0,0.0
2009-04-23 00:00:00-04:00,19.493161955086705,20.418369824574615,19.167745256993665,20.16952133178711,47356400,0.0,0.0,0.0
2009-04-24 00:00:00-04:00,20.341800180496307,21.860415884151767,20.048286701641842,21.235103607177734,62496700,0.0,0.0,0.0
2009-04-27 00:00:00-04:00,20.622554489841992,20.960732980213383,19.461259835373944,20.035526275634766,57992300,0.0,0.0,0.0
2009-04-28 00:00:00-04:00,19.531450560927656,20.724648566769687,19.531450560927656,20.252473831176758,43522900,0.0,0.0,0.0
2009-04-29 00:00:00-04:00,20.443895501055522,21.311676698462566,20.265234308345306,21.056446075439453,47069800,0.0,0.0,0.0
2009-04-30 00:00:00-04:00,21.369103466939784,21.79023229108619,20.90968931912203,21.056446075439453,49076600,0.0,0.0,0.0
2009-05-01 00:00:00-04:00,20.99901938481638,21.050066483234104,20.150380846098674,20.3418025970459,38044900,0.0,0.0,0.0
2009-05-04 00:00:00-04:00,20.686360934087077,22.109268303956767,20.62893660239372,22.102886199951172,51009700,0.0,0.0,0.0
2009-05-05 00:00:00-04:00,21.75194413627684,21.924224419285252,21.120249765246008,21.36271858215332,45654800,0.0,0.0,0.0
2009-05-06 00:00:00-04:00,21.796606577123335,22.22411739997411,21.08196441687344,22.07735824584961,51320900,0.0,0.0,0.0
2009-05-07 00:00:00-04:00,22.370872164858945,22.383633935148282,20.28437018669902,20.80120849609375,61835800,0.0,0.0,0.0
2009-05-08 00:00:00-04:00,21.15215980891065,22.377261052741446,20.85226416869674,22.211362838745117,58290900,0.0,0.0,0.0
2009-05-11 00:00:00-04:00,21.547762212987546,21.936987795559634,21.27339016081573,21.560523986816406,36702700,0.0,0.0,0.0
2009-05-12 00:00:00-04:00,21.566903624204173,21.694518928241013,20.380086651592386,21.21596336364746,41754000,0.0,0.0,0.0
2009-05-13 00:00:00-04:00,20.57150611924363,20.603409331328,19.620774821151443,19.77391242980957,46670800,0.0,0.0,0.0
2009-05-14 00:00:00-04:00,19.60801101900342,20.673595717500238,19.301735833403413,20.405603408813477,42137500,0.0,0.0,0.0
2009-05-15 00:00:00-04:00,20.271610361333767,20.482173506162933,19.333640844575495,19.735628128051758,37296300,0.0,0.0,0.0
2009-05-18 00:00:00-04:00,19.971718408892333,21.45205009397696,19.92705341758836,21.21596336364746,49080600,0.0,0.0,0.0
2009-05-19 00:00:00-04:00,21.158540314643545,21.50310096584094,20.667222889949464,20.877788543701172,44047500,0.0,0.0,0.0
2009-05-20 00:00:00-04:00,21.235103674093597,21.726420986277,20.552364633100133,20.63531494140625,35107900,0.0,0.0,0.0
2009-05-21 00:00:00-04:00,20.329033061152533,20.947965468787995,20.118468741294407,20.673593521118164,29973700,0.0,0.0,0.0
2009-05-22 00:00:00-04:00,20.724649091389875,20.979879737224117,20.15676346017151,20.23333168029785,24961700,0.0,0.0,0.0
2009-05-26 00:00:00-04:00,20.035524358132626,21.464810043536406,19.93981349675413,21.279767990112305,42247200,0.0,0.0,0.0
2009-05-27 00:00:00-04:00,21.394620097125443,21.394620097125443,20.38646445904499,20.57150650024414,36683800,0.0,0.0,0.0
2009-05-28 00:00:00-04:00,20.813978555361203,21.088350640701133,20.24609293865383,20.960735321044922,31800800,0.0,0.0,0.0
2009-05-29 00:00:00-04:00,21.12025446980778,21.547765437848177,20.731031263043622,21.535003662109375,28518600,0.0,0.0,0.0
2009-06-01 00:00:00-04:00,21.822138324836263,23.060001407807647,21.771091220024285,22.441068649291992,57186100,0.0,0.0,0.0
2009-06-02 00:00:00-04:00,22.268792474280747,22.4921174899183,21.94337324114018,22.10927391052246,30238700,0.0,0.0,0.0
2009-06-03 00:00:00-04:00,21.91146127429304,22.115644759726077,21.72003956095696,22.058218002319336,19147100,0.0,0.0,0.0
2009-06-04 00:00:00-04:00,22.192214103565163,22.9387619883813,22.05183947137233,22.709054946899414,25998400,0.0,0.0,0.0
2009-06-05 00:00:00-04:00,23.02170995735019,23.02170995735019,22.268782479614877,22.421918869018555,27972500,0.0,0.0,0.0
2009-06-08 00:00:00-04:00,22.28154723052992,22.664393165173227,22.05184259061548,22.338973999023438,20970600,0.0,0.0,0.0
2009-06-09 00:00:00-04:00,22.5240128316516,22.5367746043724,22.153931158985397,22.36449432373047,19847000,0.0,0.0,0.0
2009-06-10 00:00:00-04:00,22.52401585003361,22.555919069081245,21.4073861449492,21.936988830566406,27655700,0.0,0.0,0.0
2009-06-11 00:00:00-04:00,21.879552257208143,22.07097391976682,21.471185394667366,21.52861213684082,21106600,0.0,0.0,0.0
2009-06-12 00:00:00-04:00,21.464803831020127,22.179445858369753,21.369094214372314,22.134780883789062,20255800,0.0,0.0,0.0
2009-06-15 00:00:00-04:00,21.82212988691181,21.854033098053375,20.896922159452497,21.13939094543457,29388600,0.0,0.0,0.0
2009-06-16 00:00:00-04:00,21.26701134854457,21.394624223860344,20.533225145181007,20.839500427246094,23577000,0.0,0.0,0.0
2009-06-17 00:00:00-04:00,20.81397612486758,20.94159142962187,20.226949130681128,20.54598617553711,27998200,0.0,0.0,0.0
2009-06-18 00:00:00-04:00,20.52684517397438,20.77569614844183,20.28437873843147,20.648080825805664,20216600,0.0,0.0,0.0
2009-06-19 00:00:00-04:00,20.750158162947052,20.909676596763624,20.53959266196127,20.87139129638672,20483900,0.0,0.0,0.0
2009-06-22 00:00:00-04:00,20.533226520313605,20.69912472977024,19.7356338258765,19.805822372436523,29988800,0.0,0.0,0.0
2009-06-23 00:00:00-04:00,19.876009961488105,20.297138812287194,19.697349974500543,19.97810173034668,23840400,0.0,0.0,0.0
2009-06-24 00:00:00-04:00,20.274113883094646,20.533208984907887,20.112180062189875,20.306501388549805,22650300,0.467,0.0,0.0
2009-06-25 00:00:00-04:00,20.235244652603335,20.636840963698894,19.99558335418002,20.63036346435547,23072800,0.0,0.0,0.0
2009-06-26 00:00:00-04:00,20.53320690444114,20.993098316194185,20.43604563337725,20.81173324584961,17176800,0.0,0.0,0.0
2009-06-29 00:00:00-04:00,20.91537018816395,20.98662145546635,20.513773820809774,20.863550186157227,13423100,0.0,0.0,0.0
2009-06-30 00:00:00-04:00,20.92184712665561,21.148555936364662,20.77934705837591,20.999574661254883,18188400,0.0,0.0,0.0
2009-07-01 00:00:00-04:00,21.0773063181526,21.407650219266923,20.947758769728054,21.20685386657715,16207200,0.0,0.0,0.0
2009-07-02 00:00:00-04:00,20.92832615442155,20.92832615442155,20.202862153789262,20.24172592163086,24727700,0.0,0.0,0.0
2009-07-06 00:00:00-04:00,20.040932516842947,20.74696292729079,19.878998675772205,20.662757873535156,22869500,0.0,0.0,0.0
2009-07-07 00:00:00-04:00,20.63684506694231,20.662753834010797,19.814221018614475,19.898426055908203,27029800,0.0,0.0,0.0
2009-07-08 00:00:00-04:00,19.969678650745575,20.08627119892241,19.166487051085944,19.7041072845459,30045200,0.0,0.0,0.0
2009-07-09 00:00:00-04:00,19.859565247449485,19.976157805276944,19.3543312420162,19.38671875,18224200,0.0,0.0,0.0
2009-07-10 00:00:00-04:00,19.185919973439162,19.483877615994587,18.875006093022467,19.35433006286621,21225300,0.0,0.0,0.0
2009-07-13 00:00:00-04:00,19.43205899393806,20.235250617432655,19.205351391917375,20.1186580657959,29715900,0.0,0.0,0.0
2009-07-14 00:00:00-04:00,20.125139053649406,20.48787053845007,19.801271347641638,20.35184669494629,22961100,0.0,0.0,0.0
2009-07-15 00:00:00-04:00,20.695145276616007,21.323446896518224,20.539687702785102,21.05139923095703,29777300,0.0,0.0,0.0
2009-07-16 00:00:00-04:00,20.857072910860776,21.472421814852318,20.649796619246736,21.323440551757812,21610600,0.0,0.0,0.0
2009-07-17 00:00:00-04:00,21.187418093419723,21.206851829911106,20.662752920056434,20.824687957763672,21721200,0.0,0.0,0.0
2009-07-20 00:00:00-04:00,21.025486521084456,21.59549425731534,21.019010255509627,21.498332977294922,34687300,0.0,0.0,0.0
2009-07-21 00:00:00-04:00,21.666745311083652,21.699131580453773,20.999576301672082,21.452991485595703,18909400,0.0,0.0,0.0
2009-07-22 00:00:00-04:00,21.12264781756612,21.783338097843487,21.096737813418617,21.47242546081543,21233300,0.0,0.0,0.0
2009-07-23 00:00:00-04:00,21.517762980235197,22.547661991816266,21.40117045281745,22.217315673828125,31836900,0.0,0.0,0.0
2009-07-24 00:00:00-04:00,22.139590645803036,22.50232326882976,21.893450563359405,22.411638259887695,16339500,0.0,0.0,0.0
2009-07-27 00:00:00-04:00,22.45050252026425,22.878007664607345,22.2820924510622,22.832666397094727,17026100,0.0,0.0,0.0
2009-07-28 00:00:00-04:00,22.62539277684302,22.813236594825412,22.398686424735946,22.741985321044922,17263400,0.0,0.0,0.0
2009-07-29 00:00:00-04:00,22.521755064936276,22.709598881505904,22.197887438125424,22.41811752319336,16401100,0.0,0.0,0.0
2009-07-30 00:00:00-04:00,22.76789801294439,23.525747168833224,22.735509269463975,23.201879501342773,31032900,0.0,0.0,0.0
2009-07-31 00:00:00-04:00,23.13710015009981,23.40267146048379,22.962211364591308,23.221303939819336,18840300,0.0,0.0,0.0
2009-08-03 00:00:00-04:00,23.674721291692336,23.71358629359207,23.273126155716646,23.68120002746582,17432800,0.0,0.0,0.0
2009-08-04 00:00:00-04:00,23.538706686360733,25.022021480960618,23.363817815865513,24.80826759338379,39977300,0.0,0.0,0.0
2009-08-05 00:00:00-04:00,24.866560888509497,25.902938980960947,24.65280949759252,25.812253952026367,34952900,0.0,0.0,0.0
2009-08-06 00:00:00-04:00,26.155557274511423,26.764427687302536,25.598504411084765,25.65032196044922,46145300,0.0,0.0,0.0
2009-08-07 00:00:00-04:00,26.2332719904095,27.373284698346403,25.760425655980853,26.84214210510254,34654400,0.0,0.0,0.0
2009-08-10 00:00:00-04:00,26.816235915873463,26.848622178849595,26.03895324987894,26.31100082397461,23404300,0.0,0.0,0.0
2009-08-11 00:00:00-04:00,26.058384463628943,26.168500722633297,25.28110179912146,25.53371810913086,27597500,0.0,0.0,0.0
2009-08-12 00:00:00-04:00,25.501332482820235,26.18793263994262,25.501332482820235,25.702131271362305,26769700,0.0,0.0,0.0
2009-08-13 00:00:00-04:00,25.961221548580916,26.090766579647568,25.4948515298191,25.8251953125,22389300,0.0,0.0,0.0
2009-08-14 00:00:00-04:00,25.66326939885977,25.721565669028088,25.03496789917219,25.592018127441406,20850500,0.0,0.0,0.0
2009-08-17 00:00:00-04:00,24.626892988147116,24.743485523655426,24.173477846827435,24.30950164794922,34475000,0.0,0.0,0.0
2009-08-18 00:00:00-04:00,24.40666690651334,24.866558387890883,24.25768808033107,24.607465744018555,22530200,0.0,0.0,0.0
2009-08-19 00:00:00-04:00,24.186436497786538,24.562121691523707,24.050412676135878,24.426097869873047,22567800,0.0,0.0,0.0
2009-08-20 00:00:00-04:00,24.44553225120689,25.436566507703738,24.41962224518908,25.41713523864746,26163200,0.0,0.0,0.0
2009-08-21 00:00:00-04:00,25.728041261291487,26.50532147400474,25.572583736200716,25.98065757751465,26083800,0.0,0.0,0.0
2009-08-24 00:00:00-04:00,26.28509736987798,26.35634617110241,25.760430933061905,25.831682205200195,19081300,0.0,0.0,0.0
2009-08-25 00:00:00-04:00,26.06487023419163,26.34339414716348,25.851116393617392,26.116687774658203,18849000,0.0,0.0,0.0
2009-08-26 00:00:00-04:00,26.058383772297358,26.233272552490234,25.81872246799456,26.233272552490234,13740900,0.0,0.0,0.0
2009-08-27 00:00:00-04:00,26.233278575325507,26.492373673077026,25.676225844799518,26.440553665161133,18503900,0.0,0.0,0.0
2009-08-28 00:00:00-04:00,26.699648552744485,26.751466089338518,26.181458361320413,26.615442276000977,16195500,0.0,0.0,0.0
2009-08-31 00:00:00-04:00,26.1620277441081,26.41464410970237,25.98066265515099,26.285099029541016,17572500,0.0,0.0,0.0
2009-09-01 00:00:00-04:00,26.097264890334188,26.298061321660654,24.8795214117083,24.944293975830078,38991300,0.0,0.0,0.0
2009-09-02 00:00:00-04:00,24.704625589502452,24.90542443538457,24.432577931450137,24.452009201049805,21064600,0.0,0.0,0.0
2009-09-03 00:00:00-04:00,24.704621254580935,24.93780633251691,24.264161100904932,24.885986328125,16254300,0.0,0.0,0.0
2009-09-04 00:00:00-04:00,24.88598463894711,25.20337596701957,24.47143451560535,25.183944702148438,14698900,0.0,0.0,0.0
2009-09-08 00:00:00-04:00,25.579067819116997,26.01304927958073,25.37826898866888,25.99361801147461,22930600,0.0,0.0,0.0
2009-09-09 00:00:00-04:00,25.980659192374752,26.583053124309544,25.786339127118236,26.518278121948242,20270900,0.0,0.0,0.0
2009-09-10 00:00:00-04:00,26.49236401413676,26.900435308581454,26.090766511950292,26.893959045410156,19105800,0.0,0.0,0.0
2009-09-11 00:00:00-04:00,26.98465177754476,27.127154330426485,26.479419047748106,26.809762954711914,17879200,0.0,0.0,0.0
2009-09-14 00:00:00-04:00,26.45350788393634,27.599999580534806,26.414642879150087,27.580568313598633,20620700,0.0,0.0,0.0
2009-09-15 00:00:00-04:00,27.72307052626846,28.448533375134605,27.25670278745442,28.06637191772461,32674900,0.0,0.0,0.0
2009-09-16 00:00:00-04:00,28.3125108961928,29.20638635023393,28.208873341442686,29.16104507446289,39118500,0.0,0.0,0.0
2009-09-17 00:00:00-04:00,29.186955818454432,30.09378382770559,28.56512800332549,29.018543243408203,34111600,0.0,0.0,0.0
2009-09-18 00:00:00-04:00,29.102735044706154,29.374782570792398,28.51329626727292,29.012052536010742,22278600,0.0,0.0,0.0
2009-09-21 00:00:00-04:00,28.56512996270883,28.850135118209103,28.33194729581921,28.55217742919922,18946100,0.0,0.0,0.0
2009-09-22 00:00:00-04:00,28.873054796194673,29.533121267001746,28.8077025688771,29.43509292602539,26655800,0.391,0.0,0.0
2009-09-23 00:00:00-04:00,29.57233765583911,29.585408601480186,28.39597997145,28.448261260986328,27756900,0.0,0.0,0.0
2009-09-24 00:00:00-04:00,28.585502788531578,28.74888585718498,27.278438239304354,27.507173538208008,35751500,0.0,0.0,0.0
2009-09-25 00:00:00-04:00,27.278441562397965,27.781659281288608,27.010493396885717,27.487571716308594,23702900,0.0,0.0,0.0
2009-09-28 00:00:00-04:00,27.709763505685945,28.62470699835698,27.618266912694317,28.559354782104492,19175200,0.0,0.0,0.0
2009-09-29 00:00:00-04:00,28.663926353455377,28.846914595068142,28.00385735101879,28.08228302001953,22318500,0.0,0.0,0.0
2009-09-30 00:00:00-04:00,28.29141080176166,28.38943914032983,27.4941006843303,27.886219024658203,27832000,0.0,0.0,0.0
2009-10-01 00:00:00-04:00,27.794730756685567,27.873156435666164,26.65104911501391,26.703332901000977,30261200,0.0,0.0,0.0
2009-10-02 00:00:00-04:00,26.09555361246503,27.206559390362997,26.06287748520923,26.441925048828125,36816200,0.0,0.0,0.0
2009-10-05 00:00:00-04:00,26.65758103771551,27.2653662287888,26.553015977586107,27.154264450073242,22481600,0.0,0.0,0.0
2009-10-06 00:00:00-04:00,27.48757477672788,27.80780426985754,26.775224331586653,27.160808563232422,30131100,0.0,0.0,0.0
2009-10-07 00:00:00-04:00,27.062770959239945,27.317648143378808,26.74253905286821,27.075841903686523,20653900,0.0,0.0,0.0
2009-10-08 00:00:00-04:00,27.48755823859953,27.84700035857738,27.284962410635675,27.585586547851562,18567100,0.0,0.0,0.0
2009-10-09 00:00:00-04:00,27.4941095216185,27.866622812573297,27.26537416507728,27.853551864624023,14862900,0.0,0.0,0.0
2009-10-12 00:00:00-04:00,28.01692083179037,28.15416446946432,27.67708383574081,27.807790756225586,11315400,0.0,0.0,0.0
2009-10-13 00:00:00-04:00,27.657482094892057,27.75551292065101,27.186938120093007,27.38953399658203,16119000,0.0,0.0,0.0
2009-10-14 00:00:00-04:00,27.925425495230982,28.500534424007945,27.735900593595943,28.39596939086914,21092500,0.0,0.0,0.0
2009-10-15 00:00:00-04:00,28.167234538853588,28.265265358115773,27.99078305302532,28.18030548095703,15044600,0.0,0.0,0.0
2009-10-16 00:00:00-04:00,27.72284033991568,27.853547304983184,27.337258657159957,27.415681838989258,17909700,0.0,0.0,0.0
2009-10-19 00:00:00-04:00,27.56599004765423,28.101886284331833,27.461424989108053,28.049602508544922,19898600,0.0,0.0,0.0
2009-10-20 00:00:00-04:00,28.01040386743349,28.04961422262105,27.422223609333212,27.52678871154785,17717400,0.0,0.0,0.0
2009-10-21 00:00:00-04:00,27.376471321146838,28.010398534968154,27.19348305036469,27.311119079589844,35152500,0.0,0.0,0.0
2009-10-22 00:00:00-04:00,27.252291075696046,27.97117544142996,26.86670700857727,27.92542839050293,23377200,0.0,0.0,0.0
2009-10-23 00:00:00-04:00,28.029994940161966,28.082278711474114,27.43528075313715,27.618268966674805,20818300,0.0,0.0,0.0
2009-10-26 00:00:00-04:00,27.57252686805649,28.232595887835487,27.389538621635957,27.44835662841797,27332400,0.0,0.0,0.0
2009-10-27 00:00:00-04:00,27.46796730874287,27.624816189295696,26.93207091414898,27.030101776123047,26559300,0.0,0.0,0.0
2009-10-28 00:00:00-04:00,26.860181313162947,27.252302258766424,25.853743286745825,25.899490356445312,35869600,0.0,0.0,0.0
2009-10-29 00:00:00-04:00,26.291600040154666,27.128120456264245,26.226247817531416,27.01702117919922,29136200,0.0,0.0,0.0
2009-10-30 00:00:00-04:00,26.84711587341716,26.990891325891106,25.873351366835657,26.500741958618164,43001800,0.0,0.0,0.0
2009-11-02 00:00:00-05:00,26.585694572026465,27.128125092988352,25.781850129835867,26.539947509765625,37029500,0.0,0.0,0.0
2009-11-03 00:00:00-05:00,26.1870375602274,26.977810999564834,26.141290501292357,26.91899299621582,25912700,0.0,0.0,0.0
2009-11-04 00:00:00-05:00,27.271907350271114,27.350330541941187,26.37656864070521,26.435386657714844,25881200,0.0,0.0,0.0
2009-11-05 00:00:00-05:00,26.762147223370675,27.036629582868773,26.474591426150432,26.98434829711914,21379700,0.0,0.0,0.0
2009-11-06 00:00:00-05:00,26.56608772277832,26.997418920446496,26.350420877430356,26.56608772277832,21854300,0.0,0.0,0.0
2009-11-09 00:00:00-05:00,26.92553425818237,27.892761870770777,26.82750340505032,27.81433868408203,26065200,0.0,0.0,0.0
2009-11-10 00:00:00-05:00,27.650950295956772,27.866614641309962,27.271900395661067,27.67708969116211,21237600,0.0,0.0,0.0
2009-11-11 00:00:00-05:00,27.879677287279463,28.363292103535752,27.80778836254963,28.186838150024414,23828800,0.0,0.0,0.0
2009-11-12 00:00:00-05:00,28.173783856810143,28.376377317452825,27.781662897417238,27.853551864624023,18846600,0.0,0.0,0.0
2009-11-13 00:00:00-05:00,27.860086235063047,28.297951735801025,27.827410114460367,28.226062774658203,18584800,0.0,0.0,0.0
2009-11-16 00:00:00-05:00,28.461328727400392,29.134468633974617,28.402510725719686,28.866518020629883,27443300,0.0,0.0,0.0
2009-11-17 00:00:00-05:00,28.72273819436715,29.042967548463526,28.40250634724349,28.454790115356445,20954600,0.0,0.0,0.0
2009-11-18 00:00:00-05:00,28.428649666067457,29.01682962188671,28.389436838003704,28.92533302307129,19364300,0.0,0.0,0.0
2009-11-19 00:00:00-05:00,28.657401216878107,28.68354311711069,28.199930427951955,28.350242614746094,17659500,0.0,0.0,0.0
2009-11-20 00:00:00-05:00,28.134559631347656,28.284871732414082,28.0234603582658,28.134559631347656,15517000,0.0,0.0,0.0
2009-11-23 00:00:00-05:00,28.611636433640754,28.892655454679698,28.22605236940318,28.454790115356445,19491500,0.0,0.0,0.0
2009-11-24 00:00:00-05:00,28.41558074856771,28.461327804722128,27.951573468700012,28.03653335571289,19240000,0.0,0.0,0.0
2009-11-25 00:00:00-05:00,28.16070926718182,28.34369752875117,28.075749363012584,28.14763832092285,11758900,0.0,0.0,0.0
2009-11-27 00:00:00-05:00,27.311114289890924,27.853544780163965,27.173873110873046,27.350324630737305,14024500,0.0,0.0,0.0
2009-11-30 00:00:00-05:00,27.43528023308804,28.474396484459437,27.239221080438746,28.376365661621094,24501600,0.0,0.0,0.0
2009-12-01 00:00:00-05:00,28.598566030594835,28.912263659130108,28.337154664185206,28.74234390258789,21033500,0.0,0.0,0.0
2009-12-02 00:00:00-05:00,28.677003093110205,29.343606456151534,28.63125602346281,29.167152404785156,19453000,0.0,0.0,0.0
2009-12-03 00:00:00-05:00,29.35013151380015,29.696502788067995,28.80770107472084,28.918800354003906,29702100,0.0,0.0,0.0
2009-12-04 00:00:00-05:00,29.598472448940868,29.912167590013727,29.13446520858481,29.696500778198242,32289500,0.0,0.0,0.0
2009-12-07 00:00:00-05:00,29.605008365332413,29.68343153182494,28.931870992464216,29.180213928222656,20396700,0.0,0.0,0.0
2009-12-08 00:00:00-05:00,28.912269078807004,29.448165347383252,28.85345107405947,29.00376319885254,21940100,0.0,0.0,0.0
2009-12-09 00:00:00-05:00,29.04950799854828,29.239032942768794,28.899195885450922,28.964548110961914,14033500,0.0,0.0,0.0
2009-12-10 00:00:00-05:00,29.121397807041234,29.219426148218183,28.716206019154626,28.879589080810547,12727400,0.0,0.0,0.0
2009-12-11 00:00:00-05:00,28.93840306760946,29.33705808162212,28.88612179150783,29.297847747802734,13540200,0.0,0.0,0.0
2009-12-14 00:00:00-05:00,29.461233378907934,29.9252406521297,29.134467272183723,29.866422653198242,14729700,0.0,0.0,0.0
2009-12-15 00:00:00-05:00,29.683434043635557,29.75532299109841,29.474303919940557,29.59193992614746,13118200,0.0,0.0,0.0
2009-12-16 00:00:00-05:00,29.742250675352782,29.925241394919176,29.60500950544869,29.76839256286621,19303000,0.0,0.0,0.0
2009-12-17 00:00:00-05:00,29.533119903003175,29.76185767410567,29.356665905762128,29.578866958618164,15440200,0.0,0.0,0.0
2009-12-18 00:00:00-05:00,29.670353180495457,29.82066523820793,29.317445309504432,29.807594299316406,13976300,0.0,0.0,0.0
2009-12-21 00:00:00-05:00,29.925235598471545,30.193183661014263,29.846809951122122,30.167041778564453,11226600,0.0,0.0,0.0
2009-12-22 00:00:00-05:00,30.219335555349158,30.493817932928767,30.18012271868295,30.48728370666504,11809400,0.0,0.0,0.0
2009-12-23 00:00:00-05:00,30.554002602118967,31.09571660880861,30.52097175197298,30.831464767456055,11294900,0.501,0.0,0.0
2009-12-24 00:00:00-05:00,31.009842385061866,31.241063435939623,30.923962656537793,31.221242904663086,4432500,0.0,0.0,0.0
2009-12-28 00:00:00-05:00,31.34675471381795,31.670460564163793,31.201415953201792,31.333541870117188,14914000,0.0,0.0,0.0
2009-12-29 00:00:00-05:00,31.41282440211131,31.544950352633062,30.884323120117184,30.884323120117188,13533900,0.0,0.0,0.0
2009-12-30 00:00:00-05:00,30.811637862164446,30.950368904763764,30.606845138353524,30.937158584594727,8742400,0.0,0.0,0.0
2009-12-31 00:00:00-05:00,31.01644038573291,31.18820230925115,30.329387651475578,30.33599281311035,9628400,0.0,0.0,0.0
2010-01-04 00:00:00-05:00,30.6861333637332,30.824864468287483,30.078355040778256,30.26333236694336,16952700,0.0,0.0,0.0
2010-01-05 00:00:00-05:00,30.26332595475907,30.362418499833833,29.9197995876304,30.33599281311035,14523000,0.0,0.0,0.0
2010-01-06 00:00:00-05:00,30.349207592144683,30.540790052970756,30.197263663931974,30.322784423828125,14859100,0.0,0.0,0.0
2010-01-07 00:00:00-05:00,30.302952414868344,30.732360868475453,29.972638995198693,30.593629837036133,16364700,0.0,0.0,0.0
2010-01-08 00:00:00-05:00,30.514367511169954,30.540793202303853,30.117992224531918,30.38884925842285,10629500,0.0,0.0,0.0
2010-01-11 00:00:00-05:00,30.554014867662527,30.699353690760198,30.342614317753196,30.534196853637695,7873900,0.0,0.0,0.0
2010-01-12 00:00:00-05:00,30.223689501598535,30.48133366462689,29.84713226023519,30.01889419555664,15196600,0.0,0.0,0.0
2010-01-13 00:00:00-05:00,30.045320218681987,30.626672772561196,30.00568168543145,30.580429077148438,14826100,0.0,0.0,0.0
2010-01-14 00:00:00-05:00,30.53418607915149,30.59364262033911,30.309572759119632,30.474729537963867,7233200,0.0,0.0,0.0
2010-01-15 00:00:00-05:00,30.3888596149651,30.4483161802329,30.09818447370778,30.197277069091797,15106200,0.0,0.0,0.0
2010-01-19 00:00:00-05:00,30.16423752554791,30.877716103489842,30.137811833010932,30.798439025878906,15621900,0.0,0.0,0.0
2010-01-20 00:00:00-05:00,30.54078931637053,30.560607322153057,30.177444929834593,30.481332778930664,13033200,0.0,0.0,0.0
2010-01-21 00:00:00-05:00,30.474720245826607,30.666300135600462,29.556449238660193,29.61590576171875,30837300,0.0,0.0,0.0
2010-01-22 00:00:00-05:00,29.536645120491407,29.820715052850026,28.84959214361972,28.935474395751953,26533200,0.0,0.0,0.0
2010-01-25 00:00:00-05:00,29.265782750099888,29.278995595740856,28.598550425833203,29.146869659423828,21265300,0.0,0.0,0.0
2010-01-26 00:00:00-05:00,28.89583206176758,29.351663878757396,28.823162673531698,28.895832061767578,16188000,0.0,0.0,0.0
2010-01-27 00:00:00-05:00,29.014735493275136,29.199712759688484,28.48623441800537,29.16007423400879,23190400,0.0,0.0,0.0
2010-01-28 00:00:00-05:00,29.33845168489687,29.39130306663895,28.64479368013391,28.882619857788086,19931500,0.0,0.0,0.0
2010-01-29 00:00:00-05:00,29.08740955740808,29.35166139773061,28.54569555282998,28.6910343170166,21419500,0.0,0.0,0.0
2010-02-01 00:00:00-05:00,28.915653649096203,29.265785268386008,28.856197098642006,29.212936401367188,13240700,0.0,0.0,0.0
2010-02-02 00:00:00-05:00,29.292216878631272,29.833931105481597,29.034572614652866,29.695199966430664,18533500,0.0,0.0,0.0
2010-02-03 00:00:00-05:00,29.58288784407752,29.62252638684093,29.146873954051966,29.351669311523438,15642000,0.0,0.0,0.0
2010-02-04 00:00:00-05:00,29.074204149340606,29.1270555389592,28.235209759935604,28.255027770996094,27627500,0.0,0.0,0.0
2010-02-05 00:00:00-05:00,28.34750036673096,28.889214226726477,27.92469955113364,28.78351402282715,32914100,0.0,0.0,0.0
2010-02-08 00:00:00-05:00,28.876008103939625,28.961890327116105,28.070044806742374,28.129501342773438,15343700,0.0,0.0,0.0
2010-02-09 00:00:00-05:00,28.466427814808007,28.525884367091425,27.82561858687481,28.04362678527832,22262300,0.0,0.0,0.0
2010-02-10 00:00:00-05:00,28.096471175525654,28.42678474220747,27.554757127774877,28.063440322875977,16652800,0.0,0.0,0.0
2010-02-11 00:00:00-05:00,28.017197729314507,28.32769330066175,27.719915003566364,28.307872772216797,11875700,0.0,0.0,0.0
2010-02-12 00:00:00-05:00,27.97095201682884,28.58533543246324,27.871856942013316,28.56551742553711,14060900,0.0,0.0,0.0
2010-02-16 00:00:00-05:00,28.88921910401864,29.397902208692457,28.836370253192463,29.33184051513672,16756500,0.0,0.0,0.0
2010-02-17 00:00:00-05:00,29.397905865663077,29.728219414715472,29.391300703522678,29.60930633544922,13239000,0.0,0.0,0.0
2010-02-18 00:00:00-05:00,29.50361400081068,30.084966708438987,29.40451890152307,30.00568962097168,14092700,0.0,0.0,0.0
2010-02-19 00:00:00-05:00,29.873562398837716,30.177450302031993,29.761254465861644,29.999080657958984,12580700,0.0,0.0,0.0
2010-02-22 00:00:00-05:00,30.065146714865808,30.28315492916493,29.939628437601318,30.124603271484375,12070700,0.0,0.0,0.0
2010-02-23 00:00:00-05:00,29.95944858235073,30.19727482575396,29.80750459797495,29.886781692504883,9630700,0.0,0.0,0.0
2010-02-24 00:00:00-05:00,29.893380287318184,30.197268189284138,29.86034943190323,30.17745018005371,9650500,0.0,0.0,0.0
2010-02-25 00:00:00-05:00,29.827319720386104,30.342608140880703,29.662162916884725,30.329395294189453,13051400,0.0,0.0,0.0
2010-02-26 00:00:00-05:00,30.3558146587111,30.62006397716447,30.131201351974973,30.2567195892334,11251800,0.0,0.0,0.0
2010-03-01 00:00:00-05:00,30.44170622678361,30.692742778343348,30.375641986825986,30.567224502563477,6993900,0.0,0.0,0.0
2010-03-02 00:00:00-05:00,30.659703623557114,30.719160163386718,30.507759692901985,30.580429077148438,8746600,0.0,0.0,0.0
2010-03-03 00:00:00-05:00,30.62007021754115,30.712560143946213,30.448308251545953,30.51436996459961,7785000,0.0,0.0,0.0
2010-03-04 00:00:00-05:00,30.520969971718486,30.67291388960117,30.454905755187635,30.639883041381836,7619900,0.0,0.0,0.0
2010-03-05 00:00:00-05:00,30.719173441761654,31.452470243263825,30.686142576488134,31.34016227722168,13059100,0.0,0.0,0.0
2010-03-08 00:00:00-05:00,31.412818721738525,31.815801663916762,31.353362180759895,31.72991943359375,8495800,0.0,0.0,0.0
2010-03-09 00:00:00-05:00,31.591181973821385,32.21877810867744,31.50529976081786,31.835613250732422,12243200,0.0,0.0,0.0
2010-03-10 00:00:00-05:00,31.90168881501438,32.13290733221161,31.710106317855058,32.007389068603516,10583500,0.0,0.0,0.0
2010-03-11 00:00:00-05:00,31.809202537582742,32.17254701469084,31.716712607326986,32.16593933105469,8604100,0.0,0.0,0.0
2010-03-12 00:00:00-05:00,32.39715384047489,32.568915778968446,32.119689145871575,32.40375900268555,12207300,0.0,0.0,0.0
2010-03-15 00:00:00-04:00,32.33109349127637,32.5292836626336,31.97435672703733,32.311275482177734,12572400,0.0,0.0,0.0
2010-03-16 00:00:00-04:00,32.43018117272905,33.19650843072417,32.337693791261174,33.150264739990234,18134600,0.0,0.0,0.0
2010-03-17 00:00:00-04:00,33.2229547111386,33.66557388827493,33.10404156979882,33.55326843261719,20060300,0.0,0.0,0.0
2010-03-18 00:00:00-04:00,33.50039422350712,33.73822034429625,33.394694005388835,33.421119689941406,12631000,0.0,0.0,0.0
2010-03-19 00:00:00-04:00,33.13705825805664,33.60610293702211,33.06438886721274,33.13705825805664,14273200,0.0,0.0,0.0
2010-03-22 00:00:00-04:00,32.90584204195379,33.59289242100387,32.806746953005046,33.480587005615234,15289000,0.0,0.0,0.0
2010-03-23 00:00:00-04:00,33.44755621988626,33.520225615922925,33.07099891323518,33.388099670410156,16105700,0.0,0.0,0.0
2010-03-24 00:00:00-04:00,33.24275449131664,33.7051939517152,33.20972364130795,33.49379348754883,11596300,0.0,0.0,0.0
2010-03-25 00:00:00-04:00,33.706586722511545,34.12683580524854,33.54649353027344,33.54649353027344,18328500,0.489,0.0,0.0
2010-03-26 00:00:00-04:00,33.64655473283467,33.8600140417073,33.29301322963358,33.42642593383789,13100800,0.0,0.0,0.0
2010-03-29 00:00:00-04:00,33.639882411817375,33.68657647266409,33.35971550210161,33.573177337646484,12065300,0.0,0.0,0.0
2010-03-30 00:00:00-04:00,33.593192183283165,33.693249805954075,33.399743883629334,33.506473541259766,8298000,0.0,0.0,0.0
2010-03-31 00:00:00-04:00,33.36638310326278,33.57984236581212,33.172934851378955,33.2062873840332,8337300,0.0,0.0,0.0
2010-04-01 00:00:00-04:00,33.43308014497552,33.4797741884124,33.11289132799353,33.359703063964844,11865900,0.0,0.0,0.0
2010-04-05 00:00:00-04:00,33.573184561308246,34.08681934113663,33.42643031299384,34.053466796875,14636500,0.0,0.0,0.0
2010-04-06 00:00:00-04:00,33.980091572757175,34.81391794910254,33.84000935224383,34.740543365478516,16859700,0.0,0.0,0.0
2010-04-07 00:00:00-04:00,34.64714285026216,34.73386148131271,33.83999975752337,33.99342346191406,15275300,0.0,0.0,0.0
2010-04-08 00:00:00-04:00,33.8333363390599,34.09348973425772,33.77997023510348,34.006771087646484,8579900,0.0,0.0,0.0
2010-04-09 00:00:00-04:00,34.12684326316787,34.57377549049349,33.98676105318777,34.54709243774414,11460200,0.0,0.0,0.0
2010-04-12 00:00:00-04:00,34.62045603226791,34.65380856285383,34.273584115977314,34.32027816772461,7833400,0.0,0.0,0.0
2010-04-13 00:00:00-04:00,34.29359929641745,35.20080248865063,34.27358828455901,35.10074234008789,13847500,0.0,0.0,0.0
2010-04-14 00:00:00-04:00,35.41425727728407,35.44094031947169,34.93397269644675,35.134090423583984,17132900,0.0,0.0,0.0
2010-04-15 00:00:00-04:00,34.94731815037993,35.074061342716846,34.24023526528027,34.26024627685547,19222200,0.0,0.0,0.0
2010-04-16 00:00:00-04:00,34.20021291195576,34.48037727069015,33.446433376648066,33.54649353027344,32486100,0.0,0.0,0.0
2010-04-19 00:00:00-04:00,33.299678022080066,33.92671687999152,33.18627889351712,33.67323303222656,20990600,0.0,0.0,0.0
2010-04-20 00:00:00-04:00,33.893363186637195,34.22689361638103,33.53314971180139,34.20021057128906,12239200,0.0,0.0,0.0
2010-04-21 00:00:00-04:00,34.18019880465942,35.03403587165691,34.140174237905725,34.8405876159668,21471400,0.0,0.0,0.0
2010-04-22 00:00:00-04:00,34.620468081050824,35.487646901259595,34.41367824803412,35.347564697265625,18688400,0.0,0.0,0.0
2010-04-23 00:00:00-04:00,35.454296887137076,35.854532511268914,35.134105334268355,35.807838439941406,13173900,0.0,0.0,0.0
2010-04-26 00:00:00-04:00,35.92122054113134,36.2947754789832,35.76779687325508,36.03462219238281,11956700,0.0,0.0,0.0
2010-04-27 00:00:00-04:00,35.7544657329142,36.00128011538361,34.84059294823767,34.893959045410156,22098000,0.0,0.0,0.0
2010-04-28 00:00:00-04:00,35.240827442384216,35.300860478616016,34.83391989924436,35.0140266418457,15187700,0.0,0.0,0.0
2010-04-29 00:00:00-04:00,35.48763585792471,36.50823809033258,35.41425876115171,36.461544036865234,20216600,0.0,0.0,0.0
2010-04-30 00:00:00-04:00,36.40151363774439,36.68835003247823,35.26084009290166,35.327545166015625,20171100,0.0,0.0,0.0
2010-05-03 00:00:00-04:00,35.614384701369666,36.62164818880902,35.6077152113243,36.42152786254883,20332100,0.0,0.0,0.0
2010-05-04 00:00:00-04:00,35.927901495160306,36.00794809292161,35.207474481402194,35.56768798828125,25009300,0.0,0.0,0.0
2010-05-05 00:00:00-04:00,34.96733029151577,35.70776827933968,34.56042529007595,35.06739044189453,21721100,0.0,0.0,0.0
2010-05-06 00:00:00-04:00,34.81390416373836,35.08072951636771,28.79034562046925,33.659889221191406,40853400,0.0,0.0,0.0
2010-05-07 00:00:00-04:00,33.753284450679125,34.46037000304531,32.55924723462844,33.0928955078125,31771300,0.0,0.0,0.0
2010-05-10 00:00:00-04:00,34.85392851410403,35.3141995726714,34.53373961971345,35.27417755126953,24930800,0.0,0.0,0.0
2010-05-11 00:00:00-04:00,34.773894950698214,35.71445097543995,34.68050680626991,35.314212799072266,19801500,0.0,0.0,0.0
2010-05-12 00:00:00-04:00,35.60104200736138,36.02129111621518,35.31420559675401,35.88787841796875,13551200,0.0,0.0,0.0
2010-05-13 00:00:00-04:00,35.927905767585344,35.98794135920442,35.2741862947531,35.414268493652344,12836800,0.0,0.0,0.0
2010-05-14 00:00:00-04:00,35.08072706147765,35.08072706147765,33.89335966910079,34.32027816772461,21810900,0.0,0.0,0.0
2010-05-17 00:00:00-04:00,34.320284276517334,34.900626554841644,33.293009865958595,34.26691818237305,19768900,0.0,0.0,0.0
2010-05-18 00:00:00-04:00,34.74053357056749,34.840591180736524,33.25298549529392,33.393070220947266,17861700,0.0,0.0,0.0
2010-05-19 00:00:00-04:00,33.16627733157862,33.840007895013336,32.2857569196461,33.112911224365234,23569300,0.0,0.0,0.0
2010-05-20 00:00:00-04:00,32.2724100732673,32.61261004445012,31.465264374843795,31.511960983276367,31029900,0.0,0.0,0.0
2010-05-21 00:00:00-04:00,31.018348169614097,32.61262415226529,30.851582856874234,32.53257751464844,23970300,0.0,0.0,0.0
2010-05-24 00:00:00-04:00,32.6326125366131,32.77936672429711,31.818800105378486,31.878835678100586,19137900,0.0,0.0,0.0
2010-05-25 00:00:00-04:00,30.964969764283442,32.22571716595214,30.638111305974896,32.21237564086914,23967400,0.0,0.0,0.0
2010-05-26 00:00:00-04:00,32.665984980037855,33.106245232538654,31.858839063256124,32.08563995361328,20304200,0.0,0.0,0.0
2010-05-27 00:00:00-04:00,32.852755485047304,33.84000549680511,32.51922497250875,33.826663970947266,20292700,0.0,0.0,0.0
2010-05-28 00:00:00-04:00,33.79997666631409,34.03344952249562,33.20629283583809,33.31969451904297,15463200,0.0,0.0,0.0
2010-06-01 00:00:00-04:00,32.88611255206516,33.49313806661851,32.6326286151618,32.67265319824219,15112900,0.0,0.0,0.0
2010-06-02 00:00:00-04:00,32.95281012015138,33.4330922471607,32.385806817318446,33.393070220947266,16033600,0.0,0.0,0.0
2010-06-03 00:00:00-04:00,33.51979463436436,33.606513223527955,33.019499192060415,33.30633544921875,10995700,0.0,0.0,0.0
2010-06-04 00:00:00-04:00,32.61927773608355,32.93279461631576,31.358530547517237,31.498615264892578,26058700,0.0,0.0,0.0
2010-06-07 00:00:00-04:00,31.59201735810413,32.1857013911303,31.278497794518277,31.338533401489258,21973000,0.0,0.0,0.0
2010-06-08 00:00:00-04:00,31.43190412947836,31.93887176160261,30.68479674726026,31.88550567626953,26149600,0.0,0.0,0.0
2010-06-09 00:00:00-04:00,32.22571144550642,32.979488394123834,31.892181011544118,32.04560470581055,22432100,0.0,0.0,0.0
2010-06-10 00:00:00-04:00,32.719344876817196,33.51981866735283,32.44584994071976,33.38640594482422,25055600,0.0,0.0,0.0
2010-06-11 00:00:00-04:00,33.0261907533728,33.83333654038325,32.95948566766624,33.7332763671875,14358300,0.0,0.0,0.0
2010-06-14 00:00:00-04:00,34.18020720126787,34.50706567049504,33.7999800852902,34.13351058959961,16673400,0.0,0.0,0.0
2010-06-15 00:00:00-04:00,34.306953835005174,34.94066241217786,34.1135054981965,34.87395477294922,21950200,0.0,0.0,0.0
2010-06-16 00:00:00-04:00,34.60712280059409,34.887287178185986,34.41367451436984,34.62046432495117,12538600,0.0,0.0,0.0
2010-06-17 00:00:00-04:00,34.673828125,34.827251839247076,34.28026205988425,34.673828125,15515800,0.0,0.0,0.0
2010-06-18 00:00:00-04:00,34.77388254550141,34.82057660105797,34.400327556413714,34.57376480102539,10951600,0.0,0.0,0.0
2010-06-21 00:00:00-04:00,35.05404648761039,35.14743459768123,34.18019841940307,34.32695007324219,12016600,0.0,0.0,0.0
2010-06-22 00:00:00-04:00,34.386977108845294,34.527059239155946,33.252973458304176,33.359703063964844,20543300,0.0,0.0,0.0
2010-06-23 00:00:00-04:00,33.26632093752494,33.78663008490134,32.819391428941394,33.379722595214844,17497500,0.0,0.0,0.0
2010-06-24 00:00:00-04:00,33.25727332720883,33.33801047574263,32.6180980320627,32.692108154296875,20028200,0.428,0.0,0.0
2010-06-25 00:00:00-04:00,32.873773327544676,33.64750979116173,32.65847252318271,33.526405334472656,20899200,0.0,0.0,0.0
2010-06-28 00:00:00-04:00,33.67443130314808,33.6878879275489,33.001615482639274,33.142906188964844,10955200,0.0,0.0,0.0
2010-06-29 00:00:00-04:00,32.591180238464744,32.68537655960744,31.830900610074973,32.07984161376953,26764200,0.0,0.0,0.0
2010-06-30 00:00:00-04:00,32.10002621214465,32.570997565531044,31.66942471187848,31.76361846923828,16863600,0.0,0.0,0.0
2010-07-01 00:00:00-04:00,31.74344336556741,31.95874417362054,30.909150809420453,31.703073501586914,20930400,0.0,0.0,0.0
2010-07-02 00:00:00-04:00,31.844369583891066,31.918377157910655,30.949523435214854,31.097543716430664,14099300,0.0,0.0,0.0
2010-07-06 00:00:00-04:00,31.62233882356823,31.891466138063702,30.175783999684583,30.492008209228516,25757200,0.0,0.0,0.0
2010-07-07 00:00:00-04:00,30.579472715639266,31.985657568640576,30.525646230075534,31.945287704467773,22771600,0.0,0.0,0.0
2010-07-08 00:00:00-04:00,32.30860146038038,32.57772612744486,31.73670673051676,32.28841781616211,15471500,0.0,0.0,0.0
2010-07-09 00:00:00-04:00,32.2211329106646,32.78629801624953,32.16730900691656,32.71228790283203,13585800,0.0,0.0,0.0
2010-07-12 00:00:00-04:00,32.63827600252138,32.94777305683077,32.34223813164635,32.83339309692383,10050700,0.0,0.0,0.0
2010-07-13 00:00:00-04:00,33.31110017543185,33.72151811377498,33.142896270641245,33.553314208984375,17309700,0.0,0.0,0.0
2010-07-14 00:00:00-04:00,33.3918441598739,33.65424187418612,32.92759968077853,33.35820388793945,12125900,0.0,0.0,0.0
2010-07-15 00:00:00-04:00,33.36492829120132,33.41202518152255,32.64501574876197,33.2841911315918,16308800,0.0,0.0,0.0
2010-07-16 00:00:00-04:00,33.062154682444095,33.115981156722924,32.01256409988241,32.261505126953125,22010900,0.0,0.0,0.0
2010-07-19 00:00:00-04:00,32.32206667489708,32.81994885300315,31.81745490253682,32.631561279296875,16259600,0.0,0.0,0.0
2010-07-20 00:00:00-04:00,32.12693754599212,33.3043645764735,32.03274379420756,33.18998718261719,19416900,0.0,0.0,0.0
2010-07-21 00:00:00-04:00,33.311099175869245,33.47930307561257,32.39607211719934,32.550819396972656,18512300,0.0,0.0,0.0
2010-07-22 00:00:00-04:00,32.934326396092374,33.977190134425456,32.91414018142574,33.721519470214844,21544600,0.0,0.0,0.0
2010-07-23 00:00:00-04:00,33.68788284753211,34.17903801444839,33.17654403035257,34.11848449707031,13185300,0.0,0.0,0.0
2010-07-26 00:00:00-04:00,34.12520303289374,35.08059981237599,33.96372618335116,34.99986267089844,14626000,0.0,0.0,0.0
2010-07-27 00:00:00-04:00,35.295912580840096,35.41029258956934,34.50871940867972,34.99314498901367,17355900,0.0,0.0,0.0
2010-07-28 00:00:00-04:00,34.838388621302464,35.316089616023675,34.71055458980673,34.93931198120117,13959800,0.0,0.0,0.0
2010-07-29 00:00:00-04:00,35.20170241104983,35.25552887637002,34.26648939210202,34.62981033325195,15297300,0.0,0.0,0.0
2010-07-30 00:00:00-04:00,34.22613656924073,34.979692059064305,34.17903967195031,34.75093460083008,11730300,0.0,0.0,0.0
2010-08-02 00:00:00-04:00,35.28245676457113,35.96200210471014,35.174806347971376,35.807254791259766,18843400,0.0,0.0,0.0
2010-08-03 00:00:00-04:00,35.73324215546239,35.78706607671272,35.29591092483303,35.61886215209961,10431400,0.0,0.0,0.0
2010-08-04 00:00:00-04:00,35.65923189767791,35.77360933406662,35.38337756490657,35.73324203491211,9319200,0.0,0.0,0.0
2010-08-05 00:00:00-04:00,35.5448475745766,35.719778492392905,35.19498317235629,35.28917694091797,7449400,0.0,0.0,0.0
2010-08-06 00:00:00-04:00,34.898942778011524,35.26899082692959,34.623088497917585,35.17479705810547,11075000,0.0,0.0,0.0
2010-08-09 00:00:00-04:00,35.37664433588885,35.65922564678807,35.134430317067945,35.524662017822266,8254900,0.0,0.0,0.0
2010-08-10 00:00:00-04:00,35.21516192475923,35.57175330378966,34.8585705457288,35.248802185058594,15500900,0.0,0.0,0.0
2010-08-11 00:00:00-04:00,34.62981557609117,34.818203100058845,34.12520393695988,34.401058197021484,20175400,0.0,0.0,0.0
2010-08-12 00:00:00-04:00,33.95029336327309,34.340527859365295,33.842642910314765,34.004119873046875,10760300,0.0,0.0,0.0
2010-08-13 00:00:00-04:00,33.943540845854976,34.253035344898144,33.87625775915821,33.930084228515625,9818100,0.0,0.0,0.0
2010-08-16 00:00:00-04:00,33.8695360887178,34.25976778690727,33.64750571739538,33.96372985839844,11577500,0.0,0.0,0.0
2010-08-17 00:00:00-04:00,34.26649200853535,34.919123834145516,34.084831524089616,34.70382308959961,13384800,0.0,0.0,0.0
2010-08-18 00:00:00-04:00,34.73747690488507,34.95277773344522,34.46162255788061,34.71056365966797,9191000,0.0,0.0,0.0
2010-08-19 00:00:00-04:00,34.5961744695806,34.629817300467934,33.74842800292538,33.92335891723633,18212900,0.0,0.0,0.0
2010-08-20 00:00:00-04:00,33.768622237440084,33.869545628574606,33.479311253882145,33.82244873046875,15910500,0.0,0.0,0.0
2010-08-23 00:00:00-04:00,33.95027973796906,34.08484339180969,33.64078513074736,33.66096878051758,11039300,0.0,0.0,0.0
2010-08-24 00:00:00-04:00,33.21017575882651,33.72824403719978,32.93432148764985,33.512943267822266,15820700,0.0,0.0,0.0
2010-08-25 00:00:00-04:00,33.29091268379813,34.111748465695946,33.17653527371079,33.95027160644531,13757000,0.0,0.0,0.0
2010-08-26 00:00:00-04:00,34.15884403889516,34.38760141688873,33.70805630876629,33.76188278198242,11290600,0.0,0.0,0.0
2010-08-27 00:00:00-04:00,33.97719296644047,34.347241089390984,33.27746402006131,34.30014419555664,17038300,0.0,0.0,0.0
2010-08-30 00:00:00-04:00,34.199212927124826,34.52216405753052,33.983909606933594,33.983909606933594,10888000,0.0,0.0,0.0
2010-08-31 00:00:00-04:00,33.876269584459315,34.394337983225334,33.761892147029684,34.30014419555664,11610200,0.0,0.0,0.0
2010-09-01 00:00:00-04:00,34.744182930413054,35.47082471249772,34.69708606304684,35.383358001708984,17775000,0.0,0.0,0.0
2010-09-02 00:00:00-04:00,35.417009027157754,35.87452379209175,35.329542289764845,35.82742691040039,10102100,0.0,0.0,0.0
2010-09-03 00:00:00-04:00,36.29840087890625,36.35895438347714,35.955263497475315,36.29840087890625,10942500,0.0,0.0,0.0
2010-09-07 00:00:00-04:00,36.06965472379678,36.14366487096365,35.75343048284329,35.793800354003906,9147200,0.0,0.0,0.0
2010-09-08 00:00:00-04:00,35.89470962287751,36.096556347091514,35.733235323411556,35.81397247314453,9256500,0.0,0.0,0.0
2010-09-09 00:00:00-04:00,36.23111904945952,36.31185876943862,35.41701278907895,35.54484939575195,7312700,0.0,0.0,0.0
2010-09-10 00:00:00-04:00,35.64577972638481,35.84089691862066,35.41702225845725,35.68614959716797,9708400,0.0,0.0,0.0
2010-09-13 00:00:00-04:00,35.968724993979194,36.28494917923578,35.92162810254797,36.24457931518555,8810500,0.0,0.0,0.0
2010-09-14 00:00:00-04:00,36.096557450845374,36.37241174024013,35.935080579854095,36.136924743652344,9984600,0.0,0.0,0.0
2010-09-15 00:00:00-04:00,35.96199506505894,36.52716028322223,35.88798493689896,36.41950988769531,9842700,0.0,0.0,0.0
2010-09-16 00:00:00-04:00,36.34549895035084,36.453149343481066,36.096557897472415,36.22439193725586,9198500,0.0,0.0,0.0
2010-09-17 00:00:00-04:00,36.33878116705832,36.47334484385081,36.029286507047665,36.332054138183594,7559200,0.0,0.0,0.0
2010-09-20 00:00:00-04:00,36.45315692160576,37.28071997206888,36.38587637438307,37.146156311035156,14170600,0.0,0.0,0.0
2010-09-21 00:00:00-04:00,37.19324048426758,37.19324048426758,36.527154568218656,36.560794830322266,14413000,0.0,0.0,0.0
2010-09-22 00:00:00-04:00,36.432968449063075,36.68863654794375,36.08983103050992,36.184024810791016,11476400,0.0,0.0,0.0
2010-09-23 00:00:00-04:00,35.91526208890423,36.017063757499855,35.25016493047163,35.3723258972168,14622000,0.464,0.0,0.0
2010-09-24 00:00:00-04:00,35.820252925145,36.37676291276301,35.77274616441597,36.33604431152344,11956700,0.0,0.0,0.0
2010-09-27 00:00:00-04:00,36.4717848566513,36.498929732177956,35.820258654442114,35.97635269165039,7172900,0.0,0.0,0.0
2010-09-28 00:00:00-04:00,36.010288669990075,36.17316828044693,35.4469904272587,36.07136917114258,9984300,0.0,0.0,0.0
2010-09-29 00:00:00-04:00,36.03064143184096,36.03742700232594,35.67773222136392,35.806678771972656,8977400,0.0,0.0,0.0
2010-09-30 00:00:00-04:00,36.09172717348108,36.390341507831536,35.64380437749308,35.888126373291016,10119400,0.0,0.0,0.0
2010-10-01 00:00:00-04:00,36.07814892548268,36.24781666922346,35.65737364590435,36.0645751953125,8272400,0.0,0.0,0.0
2010-10-04 00:00:00-04:00,36.0034931120836,36.376761614024076,35.962774512297784,36.36997604370117,11356500,0.0,0.0,0.0
2010-10-05 00:00:00-04:00,36.63465806770124,37.001141007018624,36.369976807835656,36.84504699707031,11265200,0.0,0.0,0.0
2010-10-06 00:00:00-04:00,36.75682857439637,36.8450565468606,36.51929471267528,36.73646926879883,8326400,0.0,0.0,0.0
2010-10-07 00:00:00-04:00,36.88577149723161,37.035079960594885,36.64145208753443,36.81790542602539,6120600,0.0,0.0,0.0
2010-10-08 00:00:00-04:00,36.77718189297277,36.98078527150295,36.61430229685803,36.86540985107422,6750800,0.0,0.0,0.0
2010-10-11 00:00:00-04:00,36.892555057971116,37.00114231171729,36.77039407389113,36.81111526489258,5457700,0.0,0.0,0.0
2010-10-12 00:00:00-04:00,36.72967282319084,37.25224979003377,36.62787372923921,37.130088806152344,7765400,0.0,0.0,0.0
2010-10-13 00:00:00-04:00,37.32691423925339,37.83591761524321,37.231900689963304,37.49658203125,9291200,0.0,0.0,0.0
2010-10-14 00:00:00-04:00,37.394770024425725,37.63230642117413,37.15723621660166,37.38119888305664,8283600,0.0,0.0,0.0
2010-10-15 00:00:00-04:00,37.544077499898876,37.70695967029242,37.27260807888439,37.360836029052734,10031100,0.0,0.0,0.0
2010-10-18 00:00:00-04:00,37.25905012494954,37.869852655026875,37.17082214355469,37.17082214355469,10987400,0.0,0.0,0.0
2010-10-19 00:00:00-04:00,37.29977000058249,37.86306836146527,37.18439713471991,37.35406494140625,18057400,0.0,0.0,0.0
2010-10-20 00:00:00-04:00,37.387989459097376,38.392422334961175,37.36763015539378,38.10059356689453,20963800,0.0,0.0,0.0
2010-10-21 00:00:00-04:00,38.27704626618366,38.46028516190648,37.801976038089734,38.025936126708984,12328700,0.0,0.0,0.0
2010-10-22 00:00:00-04:00,38.175238929107486,38.27025244288097,37.808756014046274,38.032718658447266,5044900,0.0,0.0,0.0
2010-10-25 00:00:00-04:00,38.27704767324887,38.33812817037662,38.07344429020667,38.10737991333008,8215500,0.0,0.0,0.0
2010-10-26 00:00:00-04:00,37.788416916390226,37.95808473566679,37.65268214318388,37.88343048095703,9226500,0.0,0.0,0.0
2010-10-27 00:00:00-04:00,37.68659457415054,37.7816080867436,37.25903376748178,37.503353118896484,10602600,0.0,0.0,0.0
2010-10-28 00:00:00-04:00,37.625518937892984,37.774827384880155,36.90612934188071,37.27260971069336,8119800,0.0,0.0,0.0
2010-10-29 00:00:00-04:00,37.18437847377543,37.43548597675408,37.11650983180555,37.29975128173828,5958400,0.0,0.0,0.0
2010-11-01 00:00:00-04:00,37.421923374240464,37.93092669018808,37.35405730101735,37.571231842041016,6971600,0.0,0.0,0.0
2010-11-02 00:00:00-04:00,37.79518994264443,37.937712831104804,37.611948447987885,37.7816162109375,5907600,0.0,0.0,0.0
2010-11-03 00:00:00-04:00,37.88341460474966,37.89698833527435,37.49657234603125,37.74089431762695,9241600,0.0,0.0,0.0
2010-11-04 00:00:00-04:00,38.127738540943774,38.79283583737773,38.08701734727146,38.71818161010742,10704000,0.0,0.0,0.0
2010-11-05 00:00:00-04:00,38.731769010052744,39.34257418607236,38.58924866528997,39.105037689208984,10082800,0.0,0.0,0.0
2010-11-08 00:00:00-05:00,39.03037375965954,39.11860172741785,38.60959840322919,38.915000915527344,5943100,0.0,0.0,0.0
2010-11-09 00:00:00-05:00,39.05750822747937,39.08465568374397,37.225096352401565,37.51013946533203,15955700,0.0,0.0,0.0
2010-11-10 00:00:00-05:00,37.60515584137553,37.97163876212652,37.51014232612693,37.958065032958984,11988200,0.0,0.0,0.0
2010-11-11 00:00:00-05:00,37.74089213341253,37.985214090868354,37.54407693558153,37.65266418457031,6478700,0.0,0.0,0.0
2010-11-12 00:00:00-05:00,37.45584527488306,37.76124769143762,37.12329799046452,37.29975128173828,8962200,0.0,0.0,0.0
2010-11-15 00:00:00-05:00,37.39477805023322,37.59159329834258,36.89256286621094,36.89256286621094,9312700,0.0,0.0,0.0
2010-11-16 00:00:00-05:00,36.736469568061096,36.75004330154501,35.47414083223175,35.73203659057617,25248100,0.0,0.0,0.0
2010-11-17 00:00:00-05:00,35.84740853823202,36.24103903256876,35.71846195677251,36.04422378540039,8071000,0.0,0.0,0.0
2010-11-18 00:00:00-05:00,36.54644147031519,36.64824318138907,36.21389404680062,36.29533386230469,9727700,0.0,0.0,0.0
2010-11-19 00:00:00-05:00,36.18672615995598,36.53284971116365,35.89489751439798,36.46498107910156,8482900,0.0,0.0,0.0
2010-11-22 00:00:00-05:00,36.336045369781196,36.65501897411962,36.3156834796441,36.53964614868164,18122300,0.0,0.0,0.0
2010-11-23 00:00:00-05:00,36.10529641085574,36.349618376239754,36.07136337986892,36.2817497253418,7534200,0.0,0.0,0.0
2010-11-24 00:00:00-05:00,36.580380680895,37.001156122602616,36.51930016605637,36.980796813964844,8095300,0.0,0.0,0.0
2010-11-26 00:00:00-05:00,36.71610338981584,37.00114658187296,36.675384783039576,36.87220001220703,2880400,0.0,0.0,0.0
2010-11-29 00:00:00-05:00,36.621092690580355,36.933280781682505,36.342837637393686,36.85184097290039,7317300,0.0,0.0,0.0
2010-11-30 00:00:00-05:00,36.46499047841145,36.93327251018928,36.458204907917974,36.709312438964844,9645100,0.0,0.0,0.0
2010-12-01 00:00:00-05:00,37.10294455053806,37.18438693944369,36.66859549873961,36.987571716308594,10578100,0.0,0.0,0.0
2010-12-02 00:00:00-05:00,37.109731354523625,37.5372948194164,36.99435593558612,37.48978805541992,9225100,0.0,0.0,0.0
2010-12-03 00:00:00-05:00,37.279393768164184,37.632302956529344,37.197953982825794,37.54407501220703,6490700,0.0,0.0,0.0
2010-12-06 00:00:00-05:00,37.49657561129922,37.69339083765971,37.15045451401405,37.5644416809082,5690600,0.0,0.0,0.0
2010-12-07 00:00:00-05:00,37.95806916651013,37.998790358447174,37.62551923800195,37.68659973144531,9683100,0.0,0.0,0.0
2010-12-08 00:00:00-05:00,37.70017949477773,37.7816193027592,36.87898807624209,37.12331008911133,11524900,0.0,0.0,0.0
2010-12-09 00:00:00-05:00,37.22510791347997,37.35405707632287,36.70253345717095,36.72289276123047,9680300,0.0,0.0,0.0
2010-12-10 00:00:00-05:00,36.82469597794701,37.27261883969169,36.7975510991481,37.10295104980469,8561300,0.0,0.0,0.0
2010-12-13 00:00:00-05:00,37.26582214533542,37.387983124709436,37.06222137602015,37.19795608520508,4916500,0.0,0.0,0.0
2010-12-14 00:00:00-05:00,37.18438842395817,37.55087142189094,36.661811391111364,36.81790542602539,11468300,0.0,0.0,0.0
2010-12-15 00:00:00-05:00,36.77718599298281,37.03508173599391,36.39713183372937,36.41070556640625,14739600,0.0,0.0,0.0
2010-12-16 00:00:00-05:00,36.5125076183209,36.66181610086507,36.28175932208219,36.50572204589844,8022100,0.0,0.0,0.0
2010-12-17 00:00:00-05:00,36.57358549344551,36.82469307780319,36.4582126480926,36.7907600402832,9081800,0.0,0.0,0.0
2010-12-20 00:00:00-05:00,37.007940600810684,37.32691690096593,36.783980445646016,37.211544036865234,8590600,0.0,0.0,0.0
2010-12-21 00:00:00-05:00,37.333693081679115,37.65266930158706,37.27261258401429,37.618736267089844,7888500,0.0,0.0,0.0
2010-12-22 00:00:00-05:00,37.48291082113073,38.093448305129556,37.48291082113073,37.88079071044922,8385100,0.592,0.0,0.0
2010-12-23 00:00:00-05:00,37.839620296561954,37.99054057718587,37.7161405427556,37.76416015625,5137200,0.0,0.0,0.0
2010-12-27 00:00:00-05:00,37.67498846607965,38.15518732895767,37.58581065860635,38.066009521484375,3042600,0.0,0.0,0.0
2010-12-28 00:00:00-05:00,38.2512259321462,38.312965822286,37.976828455759595,38.21692657470703,4406700,0.0,0.0,0.0
2010-12-29 00:00:00-05:00,38.31982140059838,38.42271945717151,38.13460175851935,38.38842010498047,4285200,0.0,0.0,0.0
2010-12-30 00:00:00-05:00,38.38156488357573,38.58736363290996,38.31296355588226,38.43644332885742,2882900,0.0,0.0,0.0
2010-12-31 00:00:00-05:00,38.374699840729484,38.61480053981245,38.31982140059838,38.38842010498047,3975100,0.0,0.0,0.0
2011-01-03 00:00:00-05:00,38.61480542000189,39.05384346402824,38.587364888031956,38.98524475097656,8221200,0.0,0.0,0.0
2011-01-04 00:00:00-05:00,39.10187414943253,39.15675522889963,38.11403827088989,38.292396545410156,11275100,0.0,0.0,0.0
2011-01-05 00:00:00-05:00,38.16889452440017,38.53247230525843,38.14145400063326,38.45015335083008,9167100,0.0,0.0,0.0
2011-01-06 00:00:00-05:00,38.51190817526922,38.57364806928255,38.15518907840038,38.24436950683594,6797500,0.0,0.0,0.0
2011-01-07 00:00:00-05:00,38.347257520970714,38.484454913963646,37.8876378804523,38.23063659667969,10495700,0.0,0.0,0.0
2011-01-10 00:00:00-05:00,38.08658796968888,38.29924817280892,37.83276958439113,38.21692657470703,5989200,0.0,0.0,0.0
2011-01-11 00:00:00-05:00,38.2923895705268,38.44330989469758,37.86707174962321,38.14833068847656,8320200,0.0,0.0,0.0
2011-01-12 00:00:00-05:00,38.402131724760956,38.45701276941095,38.14831343543533,38.3198127746582,7137800,0.0,0.0,0.0
2011-01-13 00:00:00-05:00,38.34039647392238,38.54619518239233,38.210057902495016,38.4295768737793,6677700,0.0,0.0,0.0
2011-01-14 00:00:00-05:00,38.4089991704869,38.697116849340816,38.3266775906378,38.69025802612305,6098100,0.0,0.0,0.0
2011-01-18 00:00:00-05:00,38.66282224399445,39.06069946126647,38.539342475940686,39.05384063720703,7070500,0.0,0.0,0.0
2011-01-19 00:00:00-05:00,39.05383890360439,39.05383890360439,38.381561650083555,38.58736038208008,8252400,0.0,0.0,0.0
2011-01-20 00:00:00-05:00,38.50505065917969,38.85490832590059,38.39529113463259,38.50505065917969,7770300,0.0,0.0,0.0
2011-01-21 00:00:00-05:00,38.76570045638173,38.76570045638173,38.53246130469476,38.655941009521484,5531800,0.0,0.0,0.0
2011-01-24 00:00:00-05:00,38.68340097292719,39.03326118478019,38.587361735751216,38.84804153442383,6358700,0.0,0.0,0.0
2011-01-25 00:00:00-05:00,38.74513404457324,39.2596321105957,38.64223600149224,39.2596321105957,8312200,0.0,0.0,0.0
2011-01-26 00:00:00-05:00,39.348820934765286,39.49287979605281,39.10186139148778,39.36940002441406,5947400,0.0,0.0,0.0
2011-01-27 00:00:00-05:00,39.68495076868702,39.99365013937261,39.47915206052081,39.918190002441406,9976400,0.0,0.0,0.0
2011-01-28 00:00:00-05:00,39.90447506613851,40.08283588939689,39.17045791834902,39.29393768310547,11241800,0.0,0.0,0.0
2011-01-31 00:00:00-05:00,39.383116025215934,39.91133440961195,39.34195523350241,39.760414123535156,7034900,0.0,0.0,0.0
2011-02-01 00:00:00-05:00,40.04853360328899,40.04853360328899,39.513453789573674,39.94563293457031,10015600,0.0,0.0,0.0
2011-02-02 00:00:00-05:00,39.89761070936274,40.165149290275835,39.84959109826924,39.952491760253906,5691800,0.0,0.0,0.0
2011-02-03 00:00:00-05:00,39.85645711361939,40.117136918649166,39.73983878473973,40.055397033691406,4660700,0.0,0.0,0.0
2011-02-04 00:00:00-05:00,40.11027330211562,40.11027330211562,39.554614403885815,39.69181442260742,7869000,0.0,0.0,0.0
2011-02-07 00:00:00-05:00,39.7466960026798,40.17201635603345,39.70553782561989,40.13771438598633,8855600,0.0,0.0,0.0
2011-02-08 00:00:00-05:00,40.13771516633043,40.35723678803372,40.08969554757836,40.24061584472656,3782600,0.0,0.0,0.0
2011-02-09 00:00:00-05:00,40.23375660263199,40.35037492785438,40.11027683658891,40.33665466308594,4637000,0.0,0.0,0.0
2011-02-10 00:00:00-05:00,40.178878704893826,40.53559776632183,40.14457934871045,40.46699905395508,7841500,0.0,0.0,0.0
2011-02-11 00:00:00-05:00,40.39840164409007,40.77569983245821,40.28864212353073,40.720821380615234,5034600,0.0,0.0,0.0
2011-02-14 00:00:00-05:00,40.79627269606512,40.86487140021336,40.46013276524396,40.713951110839844,4617700,0.0,0.0,0.0
2011-02-15 00:00:00-05:00,40.53558710756633,40.72080672250117,40.357228932187844,40.57674789428711,4658100,0.0,0.0,0.0
2011-02-16 00:00:00-05:00,40.72081134668842,40.988349948573614,40.52873288725756,40.6933708190918,4536500,0.0,0.0,0.0
2011-02-17 00:00:00-05:00,40.65906865387492,40.8923078885574,40.6522072140143,40.74824905395508,3049000,0.0,0.0,0.0
2011-02-18 00:00:00-05:00,40.83743504891509,41.008934443700554,40.741395806534925,40.906036376953125,5717600,0.0,0.0,0.0
2011-02-22 00:00:00-05:00,40.58361073965271,40.981490533441104,40.44641072052318,40.53559112548828,11044000,0.0,0.0,0.0
2011-02-23 00:00:00-05:00,40.48758064213432,40.686520583893696,39.95250332541779,40.21318054199219,10140100,0.0,0.0,0.0
2011-02-24 00:00:00-05:00,40.1583005502834,40.30921824438139,39.63694090340466,39.99365997314453,6473500,0.0,0.0,0.0
2011-02-25 00:00:00-05:00,40.19944544286495,40.72766373977364,40.11026766756508,40.70708465576172,5754400,0.0,0.0,0.0
2011-02-28 00:00:00-05:00,41.06382387743745,41.59204243508454,40.947202904434874,41.557743072509766,7632300,0.0,0.0,0.0
2011-03-01 00:00:00-05:00,41.701799586841126,41.701799586841126,40.432702308972935,40.4395637512207,10545700,0.0,0.0,0.0
2011-03-02 00:00:00-05:00,40.370960118027526,40.535600703258865,39.97994167208558,40.11714172363281,11167400,0.0,0.0,0.0
2011-03-03 00:00:00-05:00,40.52873288725756,40.713949906352894,40.3915328661472,40.6933708190918,4923100,0.0,0.0,0.0
2011-03-04 00:00:00-05:00,40.7139578454616,40.74825982008254,40.11028182185726,40.34352111816406,5794200,0.0,0.0,0.0
2011-03-07 00:00:00-05:00,40.30921397673943,40.58361403729502,39.808436090567454,40.08283615112305,8418300,0.0,0.0,0.0
2011-03-08 00:00:00-05:00,40.082843994594796,40.76884166334792,40.04854463453183,40.583621978759766,8610100,0.0,0.0,0.0
2011-03-09 00:00:00-05:00,40.51501303612779,40.796271904676075,40.26805351898827,40.604190826416016,5716000,0.0,0.0,0.0
2011-03-10 00:00:00-05:00,40.268066538651446,40.30236590115004,39.79472643880053,39.973087310791016,9453000,0.0,0.0,0.0
2011-03-11 00:00:00-05:00,39.79471556733298,40.521873891270396,39.79471556733298,40.42583465576172,7274400,0.0,0.0,0.0
2011-03-14 00:00:00-04:00,40.16516374910719,40.30236380885244,39.95250614253184,40.15144348144531,6182800,0.0,0.0,0.0
2011-03-15 00:00:00-04:00,39.34195740274924,40.13771443497786,39.16359919590183,39.829017639160156,9021200,0.0,0.0,0.0
2011-03-16 00:00:00-04:00,39.82903807985075,39.93193619230743,39.067580010049745,39.30767822265625,10512300,0.0,0.0,0.0
2011-03-17 00:00:00-04:00,39.75356095377918,39.90447864444676,39.26650329182723,39.636940002441406,7135300,0.0,0.0,0.0
2011-03-18 00:00:00-04:00,39.92505364052992,40.16515171046476,39.82901441255598,39.986793518066406,7457600,0.0,0.0,0.0
2011-03-21 00:00:00-04:00,40.24061500862088,40.597334038276614,40.24061500862088,40.42583465576172,7374800,0.0,0.0,0.0
2011-03-22 00:00:00-04:00,40.42583370435055,40.47385332097476,40.01423624275079,40.062255859375,4561200,0.0,0.0,0.0
2011-03-23 00:00:00-04:00,39.98679455265035,40.014235080459365,39.479155255674705,39.760414123535156,9350000,0.0,0.0,0.0
2011-03-24 00:00:00-04:00,39.95935319819098,40.06225386690966,39.527174053194344,39.94563293457031,5258300,0.0,0.0,0.0
2011-03-25 00:00:00-04:00,40.0999498724113,40.36290109902507,39.940795946735214,40.14838790893555,5726100,0.503,0.0,0.0
2011-03-28 00:00:00-04:00,40.224505577666505,40.36290109902507,40.05843042410123,40.14838790893555,4996500,0.0,0.0,0.0
2011-03-29 00:00:00-04:00,40.09995769440829,40.4182656078504,39.78856837052991,40.32830810546875,6396500,0.0,0.0,0.0
2011-03-30 00:00:00-04:00,40.50129393707497,40.847281420261126,40.369819643747235,40.79884338378906,6588600,0.0,0.0,0.0
2011-03-31 00:00:00-04:00,40.68120074945271,41.1171429902893,40.68120074945271,41.10330581665039,5485100,0.0,0.0,0.0
2011-04-01 00:00:00-04:00,41.20709100954966,41.44928372749537,41.00641772202506,41.200172424316406,7773600,0.0,0.0,0.0
2011-04-04 00:00:00-04:00,41.24171486660135,41.35935200612557,41.08948213971923,41.16559982299805,3413200,0.0,0.0,0.0
2011-04-05 00:00:00-04:00,41.165586740531296,41.37317867643436,41.08946908144275,41.23478317260742,4292400,0.0,0.0,0.0
2011-04-06 00:00:00-04:00,41.373190546798156,41.38010913612091,41.08255964140935,41.17943572998047,4166500,0.0,0.0,0.0
2011-04-07 00:00:00-04:00,41.11022395168595,41.23477963046316,40.56356321034982,40.750396728515625,5959800,0.0,0.0,0.0
2011-04-08 00:00:00-04:00,40.91648130794204,41.054876831881906,40.31446117475491,40.44593811035156,6171500,0.0,0.0,0.0
2011-04-11 00:00:00-04:00,40.49436496288585,40.743476309235874,40.28677305415226,40.4044075012207,5972100,0.0,0.0,0.0
2011-04-12 00:00:00-04:00,40.2937124199742,40.52206548511441,40.23143455127012,40.32139205932617,4973900,0.0,0.0,0.0
2011-04-13 00:00:00-04:00,40.45285774204225,40.58433468102991,40.17606932669875,40.272945404052734,5453600,0.0,0.0,0.0
2011-04-14 00:00:00-04:00,40.12762802471084,40.93031885137724,40.093027165891016,40.819602966308594,9900800,0.0,0.0,0.0
2011-04-15 00:00:00-04:00,40.89572673899683,41.303992147442926,40.86112851245234,41.26939392089844,10167200,0.0,0.0,0.0
2011-04-18 00:00:00-04:00,40.93723597986042,40.951075794959955,40.62584673930795,40.86111831665039,6723200,0.0,0.0,0.0
2011-04-19 00:00:00-04:00,40.92340569023172,41.20711536662235,40.86112782762522,41.17943572998047,5154500,0.0,0.0,0.0
2011-04-20 00:00:00-04:00,41.560022413974835,41.69149672306737,41.23479329608634,41.656898498535156,6934100,0.0,0.0,0.0
2011-04-21 00:00:00-04:00,41.79529475263514,41.968288517936315,41.46314440034254,41.95444869995117,6289600,0.0,0.0,0.0
2011-04-25 00:00:00-04:00,42.01671137485046,42.27274131584961,41.795279646471556,42.162025451660156,3678600,0.0,0.0,0.0
2011-04-26 00:00:00-04:00,42.21047006002287,42.68101321612826,42.092835590833936,42.55645751953125,7500000,0.0,0.0,0.0
2011-04-27 00:00:00-04:00,42.55646906723796,42.80558052802842,42.39731510943863,42.750221252441406,5758400,0.0,0.0,0.0
2011-04-28 00:00:00-04:00,42.826325870374575,43.366065444297554,42.736368394829164,43.2276725769043,6937100,0.0,0.0,0.0
2011-04-29 00:00:00-04:00,43.31071525304651,43.31071525304651,42.52878276578873,43.020084381103516,8025200,0.0,0.0,0.0
2011-05-02 00:00:00-04:00,43.15847480451456,43.32454994593733,42.701771465195485,43.013160705566406,6406100,0.0,0.0,0.0
2011-05-03 00:00:00-04:00,42.99240014655187,43.19307085612675,42.238147419781676,42.722530364990234,8359000,0.0,0.0,0.0
2011-05-04 00:00:00-04:00,42.708694497300826,42.74329271665408,42.27966813036068,42.48726272583008,7183600,0.0,0.0,0.0
2011-05-05 00:00:00-04:00,42.189712396098024,42.757131628456094,42.13435313456315,42.424983978271484,7161900,0.0,0.0,0.0
2011-05-06 00:00:00-04:00,42.73636814127739,42.83324684342253,42.02363484766669,42.19662857055664,9640400,0.0,0.0,0.0
2011-05-09 00:00:00-04:00,42.13436741777307,42.44575677027802,41.982132036620484,42.36272048950195,4173200,0.0,0.0,0.0
2011-05-10 00:00:00-04:00,42.53570185048055,43.04084325706789,42.48726381421019,42.95088577270508,9880500,0.0,0.0,0.0
2011-05-11 00:00:00-04:00,42.92321670136962,42.93013793092541,42.36963712231051,42.47343444824219,6799300,0.0,0.0,0.0
2011-05-12 00:00:00-04:00,42.30734541667006,42.58413643550379,42.03055703751113,42.46649932861328,5726500,0.0,0.0,0.0
2011-05-13 00:00:00-04:00,42.49417863640605,42.57721488555699,41.98903727458609,42.07899475097656,4520400,0.0,0.0,0.0
2011-05-16 00:00:00-04:00,41.91292158840926,42.43190278949375,41.8644835541487,42.175872802734375,4892000,0.0,0.0,0.0
2011-05-17 00:00:00-04:00,42.051327633954585,42.245079819516995,41.857575448392176,42.11360549926758,7169300,0.0,0.0,0.0
2011-05-18 00:00:00-04:00,42.16203561868024,42.59105936591053,41.94060383690493,42.58414077758789,5997000,0.0,0.0,0.0
2011-05-19 00:00:00-04:00,42.63949184923618,42.888603231204456,42.383461879846436,42.667171478271484,5112300,0.0,0.0,0.0
2011-05-20 00:00:00-04:00,42.52185870932629,42.667172806774104,42.19662965722183,42.23122787475586,5737100,0.0,0.0,0.0
2011-05-23 00:00:00-04:00,41.78837585449219,41.99596785649668,41.71917940038254,41.78837585449219,10880900,0.0,0.0,0.0
2011-05-24 00:00:00-04:00,41.850651673387375,42.058243665244696,41.76069417570156,41.91292953491211,5952100,0.0,0.0,0.0
2011-05-25 00:00:00-04:00,41.829877046397016,42.30042011997881,41.56692588417793,42.085906982421875,7244500,0.0,0.0,0.0
2011-05-26 00:00:00-04:00,42.07207534348899,42.72253346905095,41.89908161046504,42.63257598876953,5439200,0.0,0.0,0.0
2011-05-27 00:00:00-04:00,42.70869445800781,42.81941034364132,42.4941812747351,42.70869445800781,4434300,0.0,0.0,0.0
2011-05-31 00:00:00-04:00,43.03391527143197,43.45602035522461,42.923199400246574,43.45602035522461,8053800,0.0,0.0,0.0
2011-06-01 00:00:00-04:00,43.35914771615395,43.35914771615395,42.168950027324684,42.23122787475586,11081400,0.0,0.0,0.0
2011-06-02 00:00:00-04:00,42.272757680948345,42.5772257654198,41.94060995979528,41.98904800415039,9761900,0.0,0.0,0.0
2011-06-03 00:00:00-04:00,41.573858041138166,42.33502946282312,41.5184987757265,42.14127731323242,8633900,0.0,0.0,0.0
2011-06-06 00:00:00-04:00,42.030557429863165,42.22430956105056,41.52541341982492,41.53925323486328,9572100,0.0,0.0,0.0
2011-06-07 00:00:00-04:00,41.80221159874563,42.3834707315076,41.69149569915646,42.03748321533203,10586800,0.0,0.0,0.0
2011-06-08 00:00:00-04:00,41.836795806884766,42.238142458239345,41.767599382700915,41.836795806884766,10070500,0.0,0.0,0.0
2011-06-09 00:00:00-04:00,41.93368691056257,42.00980458829524,41.26247290805929,41.44930648803711,14752700,0.0,0.0,0.0
2011-06-10 00:00:00-04:00,41.283224512569824,41.35934217776054,40.39057621298311,40.46669387817383,19779400,0.0,0.0,0.0
2011-06-13 00:00:00-04:00,40.53589375938252,40.88879982174071,40.314459347311264,40.54281234741211,11480900,0.0,0.0,0.0
2011-06-14 00:00:00-04:00,40.94416409787541,41.276314458227034,40.840369419981535,41.17943572998047,9474700,0.0,0.0,0.0
2011-06-15 00:00:00-04:00,40.89571484283448,41.04103157553089,40.2106611816324,40.50128936767578,13796400,0.0,0.0,0.0
2011-06-16 00:00:00-04:00,40.53589109956806,40.9649148004756,40.21066205034352,40.78499984741211,16150300,0.0,0.0,0.0
2011-06-17 00:00:00-04:00,41.193270744748574,41.255548600092844,40.77808680223685,41.1309928894043,10435600,0.0,0.0,0.0
2011-06-20 00:00:00-04:00,41.02719309252523,41.677648558357376,40.97875505994596,41.566932678222656,9671800,0.0,0.0,0.0
2011-06-21 00:00:00-04:00,41.80220339328365,41.99595551961378,41.56693182287931,41.933677673339844,10822700,0.0,0.0,0.0
2011-06-22 00:00:00-04:00,41.82990254945344,42.22432821342023,41.78146449525934,41.84374237060547,7047900,0.0,0.0,0.0
2011-06-23 00:00:00-04:00,41.26246755844067,41.303984366602926,40.66736867114843,41.07563400268555,16433100,0.0,0.0,0.0
2011-06-24 00:00:00-04:00,41.212483847990384,41.38705383921515,40.800498562150864,41.03092956542969,6841000,0.536,0.0,0.0
2011-06-27 00:00:00-04:00,41.058881447740355,41.373108118091714,40.99603611367009,41.24741744995117,6923700,0.0,0.0,0.0
2011-06-28 00:00:00-04:00,41.31724136977635,41.59655453699716,41.10775782622463,41.58957290649414,9195700,0.0,0.0,0.0
2011-06-29 00:00:00-04:00,41.72223021437812,42.12024960332509,41.582573680915175,42.05042266845703,9353500,0.0,0.0,0.0
2011-06-30 00:00:00-04:00,42.13421693558921,42.34370041094313,41.95964692883979,42.106285095214844,7668800,0.0,0.0,0.0
2011-07-01 00:00:00-04:00,42.15517856077254,42.95121763117279,42.14819693021105,42.860443115234375,8979800,0.0,0.0,0.0
2011-07-05 00:00:00-04:00,42.93724491359843,43.223539650666815,42.636984254755085,43.12577819824219,7364000,0.0,0.0,0.0
2011-07-06 00:00:00-04:00,42.96518099522209,43.44001175693688,42.91630159302154,43.39113235473633,6769600,0.0,0.0,0.0
2011-07-07 00:00:00-04:00,43.656476730000094,43.99165089334974,43.62156325410007,43.935787200927734,8554700,0.0,0.0,0.0
2011-07-08 00:00:00-04:00,43.502848614110015,43.81009355524555,43.29336512207122,43.782161712646484,6190600,0.0,0.0,0.0
2011-07-11 00:00:00-04:00,43.22354577120655,43.412079082547,42.923285069845704,42.95819854736328,9516800,0.0,0.0,0.0
2011-07-12 00:00:00-04:00,42.86743531549635,43.65649294989078,42.77665811344746,43.10485076904297,13880700,0.0,0.0,0.0
2011-07-13 00:00:00-04:00,43.28638623186301,43.30733378327403,42.71379407726464,42.74172592163086,11903500,0.0,0.0,0.0
2011-07-14 00:00:00-04:00,42.874404792941256,42.88138642281115,42.14120846140837,42.26689910888672,10699900,0.0,0.0,0.0
2011-07-15 00:00:00-04:00,42.392586171253754,42.74172623722764,42.18310266441489,42.727760314941406,7770700,0.0,0.0,0.0
2011-07-18 00:00:00-04:00,42.6858664852319,42.6858664852319,42.036465730049116,42.34370803833008,7655000,0.0,0.0,0.0
2011-07-19 00:00:00-04:00,42.58810651964713,43.11879824913492,42.51827690805181,43.076900482177734,7002100,0.0,0.0,0.0
2011-07-20 00:00:00-04:00,43.216558916435844,43.40509488033117,42.98612784749319,43.39811325073242,6354000,0.0,0.0,0.0
2011-07-21 00:00:00-04:00,43.52380175266054,43.90785529116069,43.52380175266054,43.67742156982422,7590700,0.0,0.0,0.0
2011-07-22 00:00:00-04:00,43.73328933652511,43.95673878571364,43.5587192878636,43.900875091552734,5746900,0.0,0.0,0.0
2011-07-25 00:00:00-04:00,43.46096165709094,43.69139274239067,43.29337323382309,43.40509796142578,5592900,0.0,0.0,0.0
2011-07-26 00:00:00-04:00,43.47492491727961,43.57268638469364,43.09087133262832,43.40509796142578,5486200,0.0,0.0,0.0
2011-07-27 00:00:00-04:00,43.21654680872847,43.2374943553834,42.19705869437947,42.238956451416016,11892500,0.0,0.0,0.0
2011-07-28 00:00:00-04:00,42.24594770530176,42.58810613974835,41.7990488499875,42.17612075805664,9457100,0.0,0.0,0.0
2011-07-29 00:00:00-04:00,41.82697587359126,42.26689038524211,41.23343623550723,42.19706344604492,10842500,0.0,0.0,0.0
2011-08-01 00:00:00-04:00,42.66492465218913,42.66492465218913,41.35215962491383,41.63845443725586,10917400,0.0,0.0,0.0
2011-08-02 00:00:00-04:00,41.33118396852294,41.638428811812304,40.374541305840765,40.416439056396484,13317000,0.0,0.0,0.0
2011-08-03 00:00:00-04:00,40.40248874550987,40.48628161526107,39.159550966579104,40.16507339477539,18340600,0.0,0.0,0.0
2011-08-04 00:00:00-04:00,39.711196694838705,39.843871645865526,37.902650757950795,38.22386169433594,19706200,0.0,0.0,0.0
2011-08-05 00:00:00-04:00,38.68472524174843,38.754552198236176,36.84126322397679,37.4348030090332,26113300,0.0,0.0,0.0
2011-08-08 00:00:00-04:00,36.219786647581124,36.69461731040994,34.25063705444336,34.25063705444336,33376700,0.0,0.0,0.0
2011-08-09 00:00:00-04:00,34.823223460620795,37.42082595825195,34.4601175346499,37.42082595825195,38397600,0.0,0.0,0.0
2011-08-10 00:00:00-04:00,36.527038257247014,38.23782261796534,36.24772511147837,36.5410041809082,40944700,0.0,0.0,0.0
2011-08-11 00:00:00-04:00,36.750485277862786,38.97101638231231,36.54100176425436,38.24480438232422,26720500,0.0,0.0,0.0
2011-08-12 00:00:00-04:00,38.75454598719157,39.10368604113024,38.014368113899806,38.18893814086914,14799300,0.0,0.0,0.0
2011-08-15 00:00:00-04:00,38.48920428039713,39.564556438929976,38.40541140136516,39.55059051513672,13562900,0.0,0.0,0.0
2011-08-16 00:00:00-04:00,39.0897193477636,39.648342890293776,38.77549277267563,39.40394592285156,10901200,0.0,0.0,0.0
2011-08-17 00:00:00-04:00,39.613435394534235,39.93464364698161,39.13860464581742,39.45283126831055,10481300,0.0,0.0,0.0
2011-08-18 00:00:00-04:00,38.17497517992405,38.50316770847379,37.34402274604297,37.75600814819336,23216900,0.0,0.0,0.0
2011-08-19 00:00:00-04:00,37.16944729507281,38.049281662855144,36.91806604713499,37.001861572265625,16993800,0.0,0.0,0.0
2011-08-22 00:00:00-04:00,37.78394338393405,37.88170218919361,36.57591891487529,37.07169723510742,13008800,0.0,0.0,0.0
2011-08-23 00:00:00-04:00,37.176437669884436,38.02135604190449,36.88315861139726,37.98644256591797,15574300,0.0,0.0,0.0
2011-08-24 00:00:00-04:00,37.965489001732415,38.524112559442386,37.54652199938175,38.41238784790039,11725700,0.0,0.0,0.0
2011-08-25 00:00:00-04:00,38.642829030866785,39.01291670991388,37.2602344594742,37.60239028930664,12918200,0.0,0.0,0.0
2011-08-26 00:00:00-04:00,37.378927593940254,38.258761886717856,36.65970004544131,38.16100311279297,16861300,0.0,0.0,0.0
2011-08-29 00:00:00-04:00,38.698693402211255,39.39697371041769,38.59395295421708,39.37602615356445,8022200,0.0,0.0,0.0
2011-08-30 00:00:00-04:00,39.24333786518778,39.78101380309089,38.71962784740608,39.529632568359375,10478200,0.0,0.0,0.0
2011-08-31 00:00:00-04:00,39.836884092331495,40.12317886214141,39.43188296944974,39.95559310913086,11908400,0.0,0.0,0.0
2011-09-01 00:00:00-04:00,39.84386642583445,40.06731586134133,39.12463605805223,39.285240173339844,12358900,0.0,0.0,0.0
2011-09-02 00:00:00-04:00,38.38446213238281,39.04084453897104,38.25877148758735,38.3355827331543,9481000,0.0,0.0,0.0
2011-09-06 00:00:00-04:00,37.134541821293276,38.39842996171008,37.113594267363325,38.25178909301758,11734100,0.0,0.0,0.0
2011-09-07 00:00:00-04:00,38.866269043322504,39.634376063797504,38.27971367112678,39.536617279052734,10823500,0.0,0.0,0.0
2011-09-08 00:00:00-04:00,39.278252275482906,39.81592822627897,39.09670063700498,39.25032043457031,10736300,0.0,0.0,0.0
2011-09-09 00:00:00-04:00,38.85929120432065,39.1176541125896,37.84678445951223,38.14704513549805,13274200,0.0,0.0,0.0
2011-09-12 00:00:00-04:00,37.53255727562671,38.30764865207323,37.441780112186194,38.265750885009766,12596300,0.0,0.0,0.0
2011-09-13 00:00:00-04:00,38.40540990157733,38.51713462383282,37.916613242811756,38.30066680908203,11288700,0.0,0.0,0.0
2011-09-14 00:00:00-04:00,38.552049097276196,38.92213941359885,37.94454607078127,38.51713562011719,12922800,0.0,0.0,0.0
2011-09-15 00:00:00-04:00,39.00592317420031,39.306183802293845,38.74057601510504,39.264286041259766,10275200,0.0,0.0,0.0
2011-09-16 00:00:00-04:00,39.34808346386905,39.62739657570855,38.80342582588199,39.58549880981445,11013800,0.0,0.0,0.0
2011-09-19 00:00:00-04:00,38.817386940742985,39.15954532718749,38.67074877386402,38.80342102050781,10208500,0.0,0.0,0.0
2011-09-20 00:00:00-04:00,38.8034246904105,39.26428944685072,38.64282058810694,38.69169998168945,9032000,0.0,0.0,0.0
2011-09-21 00:00:00-04:00,38.67772850643967,38.80341911866896,36.7853903588151,36.841251373291016,14467800,0.0,0.0,0.0
2011-09-22 00:00:00-04:00,35.7589179841569,36.56892267360868,35.38883043837667,35.912540435791016,15332300,0.0,0.0,0.0
2011-09-23 00:00:00-04:00,35.904793149822304,36.342400203798405,35.594235650119074,36.201236724853516,14364200,0.549,0.0,0.0
2011-09-26 00:00:00-04:00,36.42708628036091,36.7376436868484,35.94007255880471,36.660003662109375,8212400,0.0,0.0,0.0
2011-09-27 00:00:00-04:00,37.42229102656525,37.662268102185166,36.801173414525046,37.04821014404297,9619700,0.0,0.0,0.0
2011-09-28 00:00:00-04:00,37.04821049588684,37.29524453528175,36.053011991873035,36.123592376708984,7815100,0.0,0.0,0.0
2011-09-29 00:00:00-04:00,36.829400324491665,36.87175016320439,36.10241226096918,36.660003662109375,7147200,0.0,0.0,0.0
2011-09-30 00:00:00-04:00,36.06711976269553,36.652947088288634,35.65774875403135,35.69303894042969,8890400,0.0,0.0,0.0
2011-10-03 00:00:00-04:00,35.41777482591485,35.94007609238064,34.00614570632468,34.01320266723633,14392400,0.0,0.0,0.0
2011-10-04 00:00:00-04:00,33.59677001546298,35.34719239133286,32.96153856407014,35.29778289794922,22400000,0.0,0.0,0.0
2011-10-05 00:00:00-04:00,35.39659536637877,35.39659536637877,33.65323283191157,35.029571533203125,17783800,0.0,0.0,0.0
2011-10-06 00:00:00-04:00,34.973112196132526,36.03889372872415,34.6413811716073,35.996543884277344,14341600,0.0,0.0,0.0
2011-10-07 00:00:00-04:00,36.20122219596777,36.27886221285113,34.90252355733539,34.98016357421875,12756200,0.0,0.0,0.0
2011-10-10 00:00:00-04:00,35.73539343823463,36.66706848144531,35.59422998176989,36.66706848144531,10483300,0.0,0.0,0.0
2011-10-11 00:00:00-04:00,36.37768803150015,36.54708204122753,35.83421042305873,35.9894905090332,11825600,0.0,0.0,0.0
2011-10-12 00:00:00-04:00,36.32121229651156,37.06231695797586,36.003595243750134,36.5753059387207,10793700,0.0,0.0,0.0
2011-10-13 00:00:00-04:00,36.384736179932545,36.61765625247422,35.636574548669536,36.32121276855469,8153400,0.0,0.0,0.0
2011-10-14 00:00:00-04:00,36.709413059689965,37.29524042057782,36.59648284093034,37.161136627197266,8252800,0.0,0.0,0.0
2011-10-17 00:00:00-04:00,37.00585984491655,37.00585984491655,36.18005535945143,36.30710220336914,9316500,0.0,0.0,0.0
2011-10-18 00:00:00-04:00,36.29298651580203,37.66932556510808,36.18711593814409,37.506988525390625,14139700,0.0,0.0,0.0
2011-10-19 00:00:00-04:00,37.44345552565022,37.72578237880455,36.92821130724172,37.041141510009766,8868300,0.0,0.0,0.0
2011-10-20 00:00:00-04:00,37.132902131608134,37.323472374096504,36.427087615341016,37.267005920410156,8817000,0.0,0.0,0.0
2011-10-21 00:00:00-04:00,37.70461272565882,38.38925371449526,37.626975385273816,38.368080139160156,10177900,0.0,0.0,0.0
2011-10-24 00:00:00-04:00,38.502180870189214,39.42679884489269,38.283380095904604,39.38444900512695,12133900,0.0,0.0,0.0
2011-10-25 00:00:00-04:00,39.1444706012726,39.1656468666522,38.61510973874828,38.77744674682617,7113500,0.0,0.0,0.0
2011-10-26 00:00:00-04:00,39.130357186406606,39.25740401919273,38.49512571494478,39.13741683959961,8169400,0.0,0.0,0.0
2011-10-27 00:00:00-04:00,40.280831259958795,41.064285746083094,39.76558702414473,40.8101921081543,13735800,0.0,0.0,0.0
2011-10-28 00:00:00-04:00,40.26671629363434,40.99370705241996,40.26671629363434,40.93724060058594,9622000,0.0,0.0,0.0
2011-10-31 00:00:00-04:00,40.337302084116885,40.99370982246505,40.182022023549294,40.40082550048828,9761100,0.0,0.0,0.0
2011-11-01 00:00:00-04:00,39.32799244456531,40.0196904658932,39.01037531934609,39.03860855102539,19179600,0.0,0.0,0.0
2011-11-02 00:00:00-04:00,39.66677599242108,40.146730074520896,39.193878870733606,39.8291130065918,8193000,0.0,0.0,0.0
2011-11-03 00:00:00-04:00,40.26672139794735,40.45729165834142,39.26446598306257,40.28083801269531,10310200,0.0,0.0,0.0
2011-11-04 00:00:00-04:00,39.963212642323626,40.08320249661695,39.391504671915726,39.97732925415039,8657800,0.0,0.0,0.0
2011-11-07 00:00:00-05:00,39.87853695943226,40.47142151042173,39.51151293334642,40.07616424560547,5380500,0.0,0.0,0.0
2011-11-08 00:00:00-05:00,40.22436418334353,40.60550191631444,39.43385011003227,40.556095123291016,10558200,0.0,0.0,0.0
2011-11-09 00:00:00-05:00,39.645606242976356,39.87146940032774,38.67158399784754,38.735107421875,11109400,0.0,0.0,0.0
2011-11-10 00:00:00-05:00,39.24328782677835,39.34210412526021,38.523359356549456,38.77039337158203,11025500,0.0,0.0,0.0
2011-11-11 00:00:00-05:00,39.30681791361874,39.85029553137907,38.9892034668165,39.77265548706055,7448200,0.0,0.0,0.0
2011-11-14 00:00:00-05:00,39.44796529592632,39.553838529990145,38.798617358241565,38.97507095336914,6435000,0.0,0.0,0.0
2011-11-15 00:00:00-05:00,38.826851964743646,39.58207590827328,38.70686479984069,39.313865661621094,6904900,0.0,0.0,0.0
2011-11-16 00:00:00-05:00,38.87626428289199,39.553845562459976,38.862147669675736,38.93978500366211,8387500,0.0,0.0,0.0
2011-11-17 00:00:00-05:00,38.86215306685836,38.93273345027316,38.03634858006621,38.24103546142578,9973300,0.0,0.0,0.0
2011-11-18 00:00:00-05:00,38.424539749406705,38.53746995976438,38.05751589262712,38.51629638671875,6609100,0.0,0.0,0.0
2011-11-21 00:00:00-05:00,37.81047725861101,37.90929084398859,37.30229002813399,37.49991989135742,6026800,0.0,0.0,0.0
2011-11-22 00:00:00-05:00,37.464629839295434,37.704604151774376,37.13289620797974,37.394046783447266,5615100,0.0,0.0,0.0
2011-11-23 00:00:00-05:00,36.998802469847114,37.09761878201175,36.29298782348633,36.29298782348633,5859800,0.0,0.0,0.0
2011-11-25 00:00:00-05:00,36.15887806420346,37.11878625620729,36.15887806420346,36.42002868652344,2807900,0.0,0.0,0.0
2011-11-28 00:00:00-05:00,37.60578981126618,37.70460339500204,36.991732046287446,37.309349060058594,6585800,0.0,0.0,0.0
2011-11-29 00:00:00-05:00,37.47169001716934,37.47169001716934,36.991735966050626,37.2034797668457,5156100,0.0,0.0,0.0
2011-11-30 00:00:00-05:00,38.163395829604,38.96802405594418,38.05752256088805,38.918617248535156,10623200,0.0,0.0,0.0
2011-12-01 00:00:00-05:00,38.81273739048126,38.883317757767024,38.2551433345311,38.523353576660156,5156600,0.0,0.0,0.0
2011-12-02 00:00:00-05:00,38.83391643547932,39.215056934465125,38.5304159669316,38.58687973022461,4369400,0.0,0.0,0.0
2011-12-05 00:00:00-05:00,39.13741625463161,39.31386988725622,38.629228931082736,38.94684600830078,4134400,0.0,0.0,0.0
2011-12-06 00:00:00-05:00,38.8550938257994,39.07389732466012,38.57276959667199,38.918617248535156,5008000,0.0,0.0,0.0
2011-12-07 00:00:00-05:00,38.643349535173726,39.37739736888375,38.488069460839554,39.285640716552734,6718000,0.0,0.0,0.0
2011-12-08 00:00:00-05:00,39.038606555303005,39.165653398895834,38.276325493746015,38.34690856933594,8026800,0.0,0.0,0.0
2011-12-09 00:00:00-05:00,38.5657104980407,39.28564173525508,38.48101349732992,39.109188079833984,5869400,0.0,0.0,0.0
2011-12-12 00:00:00-05:00,38.812732306139694,38.812732306139694,38.15632474498935,38.41041564941406,7176900,0.0,0.0,0.0
2011-12-13 00:00:00-05:00,38.63629774155088,38.982145435683684,37.85989995850346,38.0716438293457,7736900,0.0,0.0,0.0
2011-12-14 00:00:00-05:00,37.87400136417671,38.59393238986913,37.768128125042885,38.29043197631836,8105400,0.0,0.0,0.0
2011-12-15 00:00:00-05:00,38.69275046150487,38.960960723918944,38.459833077871345,38.812740325927734,5899600,0.0,0.0,0.0
2011-12-16 00:00:00-05:00,39.052719848565125,39.49032411012356,38.904496748668784,39.13741683959961,7465500,0.0,0.0,0.0
2011-12-19 00:00:00-05:00,39.3562203156311,39.3632799693069,38.65040572631407,38.75627899169922,5410800,0.0,0.0,0.0
2011-12-20 00:00:00-05:00,39.25034760196467,39.99850930265514,39.24328794867391,39.92792892456055,7494700,0.0,0.0,0.0
2011-12-21 00:00:00-05:00,39.864404203686696,40.11144090387712,39.66677699750936,39.98439407348633,4767600,0.0,0.0,0.0
2011-12-22 00:00:00-05:00,40.12488873047148,40.71684984157607,40.089229045375205,40.53141784667969,6089000,0.587,0.0,0.0
2011-12-23 00:00:00-05:00,40.745389299818704,40.759653721707714,40.42444660896662,40.73112487792969,2507300,0.0,0.0,0.0
2011-12-27 00:00:00-05:00,40.69545261418908,41.12337425604887,40.46722737577593,40.823829650878906,3620200,0.0,0.0,0.0
2011-12-28 00:00:00-05:00,40.88801869277072,40.95220449127805,40.353115273267136,40.38164138793945,3900300,0.0,0.0,0.0
2011-12-29 00:00:00-05:00,40.4957520837414,40.80956381615597,40.39590388548562,40.71684646606445,2951900,0.0,0.0,0.0
2011-12-30 00:00:00-05:00,40.688322275673954,40.98786962528671,40.49575670534996,40.517154693603516,4270000,0.0,0.0,0.0
2012-01-03 00:00:00-05:00,41.18043318152495,41.5869595698841,40.49575472475101,40.76677322387695,9054000,0.0,0.0,0.0
2012-01-04 00:00:00-05:00,40.63839909621379,40.68119235303566,40.146288885731,40.310325622558594,12839200,0.0,0.0,0.0
2012-01-05 00:00:00-05:00,40.18194661086359,40.681190366770906,39.9822501967645,40.60273742675781,6432700,0.0,0.0,0.0
2012-01-06 00:00:00-05:00,40.723980690331494,40.8309624662799,40.345983131123724,40.53141784667969,4222200,0.0,0.0,0.0
2012-01-09 00:00:00-05:00,40.60274355186122,40.68119650370929,40.31746058526095,40.41730880737305,4740100,0.0,0.0,0.0
2012-01-10 00:00:00-05:00,40.83809789995815,41.07345674520472,40.802438210858334,40.86662673950195,4974000,0.0,0.0,0.0
2012-01-11 00:00:00-05:00,40.75964697667563,41.2874168959307,40.709722868655824,41.23036193847656,3815400,0.0,0.0,0.0
2012-01-12 00:00:00-05:00,41.216108579730694,41.28029712450468,40.73825991959981,40.959354400634766,5969400,0.0,0.0,0.0
2012-01-13 00:00:00-05:00,40.76677779571122,41.15190896071385,40.61700547176348,41.144775390625,5269500,0.0,0.0,0.0
2012-01-17 00:00:00-05:00,41.5227823446421,41.665421121305336,41.24463292122442,41.35874557495117,3982100,0.0,0.0,0.0
2012-01-18 00:00:00-05:00,41.40153281904259,41.765268744252516,41.29455374507383,41.62262725830078,4770600,0.0,0.0,0.0
2012-01-19 00:00:00-05:00,41.73673281643074,42.014882170446484,41.6226201911766,41.886505126953125,4669000,0.0,0.0,0.0
2012-01-20 00:00:00-05:00,41.843722428281986,42.11474100187862,41.67255480754958,42.086212158203125,4834900,0.0,0.0,0.0
2012-01-23 00:00:00-05:00,42.16464880970161,42.40000759800286,41.9720832703622,42.21457290649414,4906000,0.0,0.0,0.0
2012-01-24 00:00:00-05:00,41.97209498468081,42.4927368033858,41.92930444443546,42.44994354248047,3989900,0.0,0.0,0.0
2012-01-25 00:00:00-05:00,42.40002297794439,43.05617004274418,42.271645905151345,42.991981506347656,6738800,0.0,0.0,0.0
2012-01-26 00:00:00-05:00,43.18454616659293,43.51975326270444,43.10609321042555,43.24160385131836,10459000,0.0,0.0,0.0
2012-01-27 00:00:00-05:00,43.120350333088844,43.44842380275013,42.96344716797154,43.348575592041016,4896000,0.0,0.0,0.0
2012-01-30 00:00:00-05:00,42.97770427358462,43.056157208089836,42.77087702521382,42.97057342529297,4588300,0.0,0.0,0.0
2012-01-31 00:00:00-05:00,43.17740885976028,43.24159738514782,42.87786150106517,43.191673278808594,4973500,0.0,0.0,0.0
2012-02-01 00:00:00-05:00,43.51260757446289,43.59106050878283,43.31291117485533,43.51260757446289,4513700,0.0,0.0,0.0
2012-02-02 00:00:00-05:00,43.55541112389026,43.640994926719586,43.39850521815313,43.6053352355957,3502700,0.0,0.0,0.0
2012-02-03 00:00:00-05:00,44.0760386241116,44.24720890535022,43.826418131325404,44.23294448852539,7577900,0.0,0.0,0.0
2012-02-06 00:00:00-05:00,44.133113665943796,44.21869747992648,43.86209508089482,44.01900100708008,3969300,0.0,0.0,0.0
2012-02-07 00:00:00-05:00,43.94767008432712,44.09031155947536,43.812162179299214,43.98332977294922,3224800,0.0,0.0,0.0
2012-02-08 00:00:00-05:00,43.98333105380641,44.10457726344422,43.64812670620525,44.01185989379883,4331100,0.0,0.0,0.0
2012-02-09 00:00:00-05:00,43.95480566205811,44.09031357327526,43.441297416334194,43.69091796875,4309900,0.0,0.0,0.0
2012-02-10 00:00:00-05:00,43.255867200992704,43.56967629722862,43.19880951768067,43.327186584472656,3688700,0.0,0.0,0.0
2012-02-13 00:00:00-05:00,43.70517372785079,43.88347486443068,43.519741742897864,43.81928634643555,4356200,0.0,0.0,0.0
2012-02-14 00:00:00-05:00,43.78364360008327,43.797908023006705,43.12749646956835,43.38425064086914,4864400,0.0,0.0,0.0
2012-02-15 00:00:00-05:00,43.49121159272013,43.526871274825716,43.01336586705473,43.17026901245117,5679400,0.0,0.0,0.0
2012-02-16 00:00:00-05:00,43.12034815026558,43.6195918991983,43.12034815026558,43.52687454223633,5054600,0.0,0.0,0.0
2012-02-17 00:00:00-05:00,43.66952112964809,43.74084322824706,43.32005236882267,43.598201751708984,6292400,0.0,0.0,0.0
2012-02-21 00:00:00-05:00,43.67666539876902,43.67666539876902,42.89927201790096,43.056175231933594,6632600,0.0,0.0,0.0
2012-02-22 00:00:00-05:00,42.93492849903965,43.163153812044136,42.6567790688567,42.706703186035156,7764200,0.0,0.0,0.0
2012-02-23 00:00:00-05:00,42.749494520882024,43.576811975959025,42.67104427862522,43.20594787597656,5679800,0.0,0.0,0.0
2012-02-24 00:00:00-05:00,43.327186584472656,43.43416838035267,43.04190360923267,43.327186584472656,3372900,0.0,0.0,0.0
2012-02-27 00:00:00-05:00,43.01336727624775,43.348571563813344,42.72095352034702,43.277252197265625,6416000,0.0,0.0,0.0
2012-02-28 00:00:00-05:00,43.291522319452255,43.36997526538855,42.849336203136524,42.94918441772461,4905500,0.0,0.0,0.0
2012-02-29 00:00:00-05:00,43.01337419815659,43.27725916164004,42.77801535348712,42.892127990722656,7484900,0.0,0.0,0.0
2012-03-01 00:00:00-05:00,43.013374630617754,43.18454222786206,42.87786400208446,43.12035369873047,6113100,0.0,0.0,0.0
2012-03-02 00:00:00-05:00,42.95631441205596,43.291521457780995,42.95631441205596,43.10608673095703,4189600,0.0,0.0,0.0
2012-03-05 00:00:00-05:00,43.0490285721568,43.476950228792106,42.9206515310343,43.4555549621582,4755100,0.0,0.0,0.0
2012-03-06 00:00:00-05:00,43.03476043592445,43.28438092728426,42.79940164064864,42.870723724365234,6241600,0.0,0.0,0.0
2012-03-07 00:00:00-05:00,42.99912025973824,43.10609935285223,42.62825341815655,43.056175231933594,4925400,0.0,0.0,0.0
2012-03-08 00:00:00-05:00,43.14174881233445,43.23446345438492,42.82080618807588,42.95631408691406,6407200,0.0,0.0,0.0
2012-03-09 00:00:00-05:00,42.93492557691251,43.28439437337709,42.863603471040044,43.1560173034668,5175500,0.0,0.0,0.0
2012-03-12 00:00:00-04:00,43.18453646193742,43.54113874935335,43.18453646193742,43.4555549621582,8116200,0.0,0.0,0.0
2012-03-13 00:00:00-04:00,43.7123055173861,44.325661837557114,43.61245732027162,44.23294448852539,9652900,0.0,0.0,0.0
2012-03-14 00:00:00-04:00,44.28287864786453,44.46117981769476,43.89061661836999,44.125972747802734,8735500,0.0,0.0,0.0
2012-03-15 00:00:00-04:00,44.211555256463555,44.24721494306188,43.94766759018467,44.097442626953125,5472900,0.0,0.0,0.0
2012-03-16 00:00:00-04:00,44.21155960884426,44.37559635987279,44.10457781785785,44.361331939697266,7662000,0.0,0.0,0.0
2012-03-19 00:00:00-04:00,44.31854299048396,44.79639159053914,44.19016591707572,44.625221252441406,7038400,0.0,0.0,0.0
2012-03-20 00:00:00-04:00,44.39698696048188,44.65374105531793,44.332798436772876,44.51823043823242,7067600,0.0,0.0,0.0
2012-03-21 00:00:00-04:00,44.59668954379183,44.653747226378286,44.41838836669922,44.41838836669922,3499100,0.0,0.0,0.0
2012-03-22 00:00:00-04:00,44.154498507059635,44.16162935626492,43.59819976661614,43.8906135559082,7378200,0.0,0.0,0.0
2012-03-23 00:00:00-04:00,43.80502863936376,44.261481904284615,43.669520734242475,44.06891632080078,4911300,0.0,0.0,0.0
2012-03-26 00:00:00-04:00,44.42358262638057,44.61782372184008,44.25092296008357,44.52429962158203,4056200,0.533,0.0,0.0
2012-03-27 00:00:00-04:00,44.495516611441026,44.78328176873191,44.43076958826717,44.50271224975586,4415300,0.0,0.0,0.0
2012-03-28 00:00:00-04:00,44.49552560428205,44.52430267469356,44.02071491982205,44.40200424194336,3666300,0.0,0.0,0.0
2012-03-29 00:00:00-04:00,44.193371240665364,44.4883293291447,43.91999458118892,44.44516372680664,4231900,0.0,0.0,0.0
2012-03-30 00:00:00-04:00,44.60342951697666,44.898387570138226,44.56745955816807,44.819252014160156,5252900,0.0,0.0,0.0
2012-04-02 00:00:00-04:00,44.78329754595722,45.157391284496406,44.69696906608906,45.107032775878906,5360000,0.0,0.0,0.0
2012-04-03 00:00:00-04:00,45.03509015641474,45.14300281466103,44.72574346339712,44.89840316772461,4991500,0.0,0.0,0.0
2012-04-04 00:00:00-04:00,44.60343485771389,44.62501628671678,44.2581182720063,44.44516372680664,5838800,0.0,0.0,0.0
2012-04-05 00:00:00-04:00,44.3228696490527,44.473945155549906,44.12143564038976,44.25092697143555,5302600,0.0,0.0,0.0
2012-04-09 00:00:00-04:00,43.66820483956196,44.00632580729772,43.560292199100736,43.826473236083984,3511800,0.0,0.0,0.0
2012-04-10 00:00:00-04:00,43.7617152101393,43.948760617990025,42.90561548348098,42.97755813598633,9535200,0.0,0.0,0.0
2012-04-11 00:00:00-04:00,43.34447111857713,43.524323695832635,43.16461854132162,43.48835372924805,5351500,0.0,0.0,0.0
2012-04-12 00:00:00-04:00,43.58906041253866,44.12861801655044,43.409207877868056,44.10703659057617,6803200,0.0,0.0,0.0
2012-04-13 00:00:00-04:00,44.0351070957657,44.14301974656464,43.76173313725176,43.87683868408203,5199100,0.0,0.0,0.0
2012-04-16 00:00:00-04:00,44.12143037457628,44.64659950900705,44.0063221041268,44.387611389160156,7840500,0.0,0.0,0.0
2012-04-17 00:00:00-04:00,44.704162407716694,44.955957697644145,44.30848723135403,44.7689094543457,7614800,0.0,0.0,0.0
2012-04-18 00:00:00-04:00,44.603441707298224,44.768905758505376,44.50272469737497,44.53150177001953,3587900,0.0,0.0,0.0
2012-04-19 00:00:00-04:00,44.560265261513536,44.768894870949914,44.29408426511693,44.50990676879883,5951100,0.0,0.0,0.0
2012-04-20 00:00:00-04:00,44.73292803201479,45.17176870857346,44.61782250573155,44.9775276184082,6339100,0.0,0.0,0.0
2012-04-23 00:00:00-04:00,44.653792499875046,44.6681810337122,44.236535995926275,44.56026840209961,5196400,0.0,0.0,0.0
2012-04-24 00:00:00-04:00,44.50991539399046,45.15019013486394,44.50991539399046,45.12860870361328,6723600,0.0,0.0,0.0
2012-04-25 00:00:00-04:00,45.38041072056299,45.66098034594785,45.344438004009675,45.62500762939453,6836800,0.0,0.0,0.0
2012-04-26 00:00:00-04:00,45.49550813370654,45.869599071028304,45.430761097567675,45.81924057006836,5822400,0.0,0.0,0.0
2012-04-27 00:00:00-04:00,45.97751217951236,46.128590428258576,45.66097263535994,46.042259216308594,5728200,0.0,0.0,0.0
2012-04-30 00:00:00-04:00,45.963127637741245,46.085426082130994,45.66097660266112,45.977516174316406,5658600,0.0,0.0,0.0
2012-05-01 00:00:00-04:00,45.934357513624654,46.66815926830496,45.905583180454045,46.380393981933594,7777000,0.0,0.0,0.0
2012-05-02 00:00:00-04:00,46.15017382581929,46.41635213551144,45.91996273947365,46.30844497680664,5012900,0.0,0.0,0.0
2012-05-03 00:00:00-04:00,46.423550970594746,46.60340356570082,46.150177001953125,46.150177001953125,5842200,0.0,0.0,0.0
2012-05-04 00:00:00-04:00,46.04226428110064,46.05665007367562,45.66817055449676,45.797664642333984,4720700,0.0,0.0,0.0
2012-05-07 00:00:00-04:00,45.69693068362191,46.186127035425535,45.59621370694669,46.05663299560547,5858900,0.0,0.0,0.0
2012-05-08 00:00:00-04:00,45.79765480683836,46.05664018256034,45.56744375441956,46.01347732543945,4987900,0.0,0.0,0.0
2012-05-09 00:00:00-04:00,45.603413449453484,46.171748182425944,45.495503562951654,45.90556716918945,7069200,0.0,0.0,0.0
2012-05-10 00:00:00-04:00,46.20051988285838,46.20771552105525,45.653766641835226,45.862396240234375,8529100,0.0,0.0,0.0
2012-05-11 00:00:00-04:00,45.66815362047705,46.193322673377644,45.56024375018152,46.05663299560547,5601700,0.0,0.0,0.0
2012-05-14 00:00:00-04:00,45.61780088922617,45.86959336269107,45.445141232898706,45.49550247192383,7658300,0.0,0.0,0.0
2012-05-15 00:00:00-04:00,45.538668666751036,45.538668666751036,45.13580067966803,45.27248764038086,6046400,0.0,0.0,0.0
2012-05-16 00:00:00-04:00,45.44515107637839,45.46673525330207,44.71135492495885,44.71854782104492,6404100,0.0,0.0,0.0
2012-05-17 00:00:00-04:00,44.67537240525563,44.77609213868171,43.48115158081055,43.48115158081055,14643400,0.0,0.0,0.0
2012-05-18 00:00:00-04:00,43.62504585061942,43.8264798827416,42.91283109742578,43.03512954711914,11240700,0.0,0.0,0.0
2012-05-21 00:00:00-04:00,43.07109005631203,44.027906987369434,43.06389716145899,43.91999435424805,9739600,0.0,0.0,0.0
2012-05-22 00:00:00-04:00,43.99193404498239,44.30128064502474,43.83366292561224,44.01351547241211,6858000,0.0,0.0,0.0
2012-05-23 00:00:00-04:00,43.83365974737717,44.243723304801954,43.36604206187009,44.200557708740234,6889400,0.0,0.0,0.0
2012-05-24 00:00:00-04:00,44.301272172850176,44.57464601578689,43.86962449647953,44.337242126464844,5218200,0.0,0.0,0.0
2012-05-25 00:00:00-04:00,44.366035900756266,44.502725626505374,44.04949632805551,44.207767486572266,4495800,0.0,0.0,0.0
2012-05-29 00:00:00-04:00,44.54588135613182,44.81925801950444,44.337254469355244,44.81206512451172,5856900,0.0,0.0,0.0
2012-05-30 00:00:00-04:00,44.44517331095989,44.509920356262874,43.76173563139075,43.76892852783203,11691800,0.0,0.0,0.0
2012-05-31 00:00:00-04:00,43.819275397478,44.373221583645396,43.387630372992,44.042293548583984,7653300,0.0,0.0,0.0
2012-06-01 00:00:00-04:00,43.35166395297181,43.538712169879744,42.869660363887,42.92721176147461,9818600,0.0,0.0,0.0
2012-06-04 00:00:00-04:00,42.94159289879011,43.04950552413246,42.3588724060712,42.62505340576172,8006900,0.0,0.0,0.0
2012-06-05 00:00:00-04:00,42.481178803152645,43.567489922054236,42.47398590746643,43.46677017211914,9489500,0.0,0.0,0.0
2012-06-06 00:00:00-04:00,43.73295355272228,44.40919825846938,43.63942944369013,44.39480972290039,9097400,0.0,0.0,0.0
2012-06-07 00:00:00-04:00,44.85523802340679,44.93437360770175,44.071080565725815,44.178993225097656,8512900,0.0,0.0,0.0
2012-06-08 00:00:00-04:00,44.12862075132217,44.73292541503906,44.03509665908459,44.73292541503906,6424900,0.0,0.0,0.0
2012-06-11 00:00:00-04:00,45.11421541542846,45.178962446692196,43.79769610550875,43.855247497558594,10317900,0.0,0.0,0.0
2012-06-12 00:00:00-04:00,44.006331648202604,44.35165104577934,43.66101499495868,44.26531982421875,9346100,0.0,0.0,0.0
2012-06-13 00:00:00-04:00,44.121437256124665,44.58185943240501,43.87683763193416,44.05669021606445,6322900,0.0,0.0,0.0
2012-06-14 00:00:00-04:00,44.171797338938,44.83365355491412,44.04949615030509,44.65380096435547,8259900,0.0,0.0,0.0
2012-06-15 00:00:00-04:00,44.85522494293258,44.99191463752048,44.574655403583705,44.93436050415039,6536800,0.0,0.0,0.0
2012-06-18 00:00:00-04:00,44.67537630732154,45.481117779113,44.67537630732154,45.2868766784668,7202500,0.0,0.0,0.0
2012-06-19 00:00:00-04:00,45.52710475729886,45.77386424522049,45.17148249940823,45.49807357788086,7039700,0.551,0.0,0.0
2012-06-20 00:00:00-04:00,45.54162024466704,45.643226603836034,45.18599521900992,45.44001388549805,8410800,0.0,0.0,0.0
2012-06-21 00:00:00-04:00,45.49806652091919,45.58516004566455,44.670697415794756,44.728759765625,8898000,0.0,0.0,0.0
2012-06-22 00:00:00-04:00,44.94648201737637,45.033572761886056,44.48199435523823,44.76504135131836,6191400,0.0,0.0,0.0
2012-06-25 00:00:00-04:00,44.271539591041325,44.62716465182689,44.213477226600446,44.5182991027832,7217500,0.0,0.0,0.0
2012-06-26 00:00:00-04:00,44.648945127906075,44.895704686479206,44.38041356281858,44.714263916015625,6527600,0.0,0.0,0.0
2012-06-27 00:00:00-04:00,44.81584707383187,45.033575331813594,44.63440639741959,44.99728775024414,7841300,0.0,0.0,0.0
2012-06-28 00:00:00-04:00,44.779569494145576,45.42549800347629,44.554582008458155,45.37469482421875,7067700,0.0,0.0,0.0
2012-06-29 00:00:00-04:00,46.100461963108266,46.470599841786715,45.97708082450487,46.40528106689453,10343000,0.0,0.0,0.0
2012-07-02 00:00:00-04:00,46.65203383996344,46.92782725920709,46.376245957850756,46.89879608154297,6104100,0.0,0.0,0.0
2012-07-03 00:00:00-04:00,47.058456627242705,47.31247803334718,46.87701592981416,47.16006851196289,4649400,0.0,0.0,0.0
2012-07-05 00:00:00-04:00,47.116510895990395,47.239889220163576,46.81169190551677,46.94232940673828,4715600,0.0,0.0,0.0
2012-07-06 00:00:00-04:00,46.60848986289646,47.08749045174143,46.485111510616946,47.00765609741211,3931500,0.0,0.0,0.0
2012-07-09 00:00:00-04:00,47.04394265421807,47.13828982120038,46.81169878868964,47.10200500488281,5400600,0.0,0.0,0.0
2012-07-10 00:00:00-04:00,47.247161799843106,47.305224158440964,46.30367062115301,46.54317092895508,10502100,0.0,0.0,0.0
2012-07-11 00:00:00-04:00,46.543180072151536,46.73913918663177,46.28916412479972,46.615760803222656,8812100,0.0,0.0,0.0
2012-07-12 00:00:00-04:00,46.29641951358931,47.014923287861485,46.20932596571648,46.8189697265625,11274800,0.0,0.0,0.0
2012-07-13 00:00:00-04:00,46.87701710068307,47.40682638674518,46.847991461044494,47.32699203491211,5033100,0.0,0.0,0.0
2012-07-16 00:00:00-04:00,47.25441461770036,47.5882648289992,47.24715543957002,47.50843048095703,5701500,0.0,0.0,0.0
2012-07-17 00:00:00-04:00,47.631818393862794,48.05276221591158,47.30522729507453,47.90761184692383,7504000,0.0,0.0,0.0
2012-07-18 00:00:00-04:00,47.74793602158591,47.827770373802224,47.370536258903186,47.5374641418457,6567000,0.0,0.0,0.0
2012-07-19 00:00:00-04:00,47.66084820743972,47.668107386820296,46.81896612463194,47.13829803466797,7554200,0.0,0.0,0.0
2012-07-20 00:00:00-04:00,46.86250916144374,47.09475306265536,46.73187162094149,46.978633880615234,6163700,0.0,0.0,0.0
2012-07-23 00:00:00-04:00,46.44156640502856,46.797191422878015,46.339957279524725,46.695579528808594,5483500,0.0,0.0,0.0
2012-07-24 00:00:00-04:00,46.75364607877309,46.84799880234175,46.22383947825324,46.50688934326172,6932100,0.0,0.0,0.0
2012-07-25 00:00:00-04:00,46.69556437219047,46.768145063986,46.252851499023414,46.499610900878906,3505700,0.0,0.0,0.0
2012-07-26 00:00:00-04:00,46.964115328570415,47.26893440944209,46.6520370684976,46.87702178955078,5363200,0.0,0.0,0.0
2012-07-27 00:00:00-04:00,47.02943936713091,47.711652745757036,47.02943936713091,47.40683364868164,5330500,0.0,0.0,0.0
2012-07-30 00:00:00-04:00,47.39231379443285,47.72616402318707,47.34151061912527,47.5374641418457,4587500,0.0,0.0,0.0
2012-07-31 00:00:00-04:00,47.56650581759119,47.64634018742848,47.33426188819147,47.486671447753906,6167500,0.0,0.0,0.0
2012-08-01 00:00:00-04:00,47.69714261340964,47.97293054482056,47.327001953441645,47.34877395629883,5236200,0.0,0.0,0.0
2012-08-02 00:00:00-04:00,47.13829539334219,47.406829644061716,46.964113857888776,47.39957046508789,5980800,0.0,0.0,0.0
2012-08-03 00:00:00-04:00,47.798750880596764,47.965673267210185,47.66811332114044,47.747947692871094,5105400,0.0,0.0,0.0
2012-08-06 00:00:00-04:00,47.87132148057179,47.99469984791026,47.58827438508627,47.61004638671875,4039300,0.0,0.0,0.0
2012-08-07 00:00:00-04:00,47.71164906892161,47.71890824794922,47.051207742820964,47.11652374267578,5956000,0.0,0.0,0.0
2012-08-08 00:00:00-04:00,46.93508720186064,47.00766238719875,46.65929928272313,46.83348083496094,5617900,0.0,0.0,0.0
2012-08-09 00:00:00-04:00,46.789932243916375,46.99314495779287,46.637522708509,46.695579528808594,4924800,0.0,0.0,0.0
2012-08-10 00:00:00-04:00,46.69557591896157,46.826213444516135,46.5939695698781,46.79718780517578,2794500,0.0,0.0,0.0
2012-08-13 00:00:00-04:00,46.78266906738281,46.89153459398016,46.57219719252947,46.78266906738281,3482100,0.0,0.0,0.0
2012-08-14 00:00:00-04:00,46.94960613336651,46.9858909579119,46.688331033259864,46.76090621948242,3634100,0.0,0.0,0.0
2012-08-15 00:00:00-04:00,46.74639016493467,47.03669088975283,46.70284062650683,46.89154052734375,2981300,0.0,0.0,0.0
2012-08-16 00:00:00-04:00,46.94234828130029,47.24716739433548,46.72461717934263,47.2326545715332,7335500,0.0,0.0,0.0
2012-08-17 00:00:00-04:00,47.23264846479821,47.312482822718735,47.08023892798573,47.21087646484375,6843700,0.0,0.0,0.0
2012-08-20 00:00:00-04:00,47.2399032512017,47.305224789778904,46.87702181081897,47.17458724975586,5358700,0.0,0.0,0.0
2012-08-21 00:00:00-04:00,47.261680788815006,47.37779997042918,47.09475288990115,47.17458724975586,3672300,0.0,0.0,0.0
2012-08-22 00:00:00-04:00,47.08749294308343,47.174586480722795,46.68832668744839,47.13104248046875,4938100,0.0,0.0,0.0
2012-08-23 00:00:00-04:00,47.102008809145474,47.19635598374787,46.87701856643058,47.00765609741211,4522700,0.0,0.0,0.0
2012-08-24 00:00:00-04:00,46.920569645782244,47.28345107299304,46.83347610988444,47.1890983581543,4141300,0.0,0.0,0.0
2012-08-27 00:00:00-04:00,47.31248626545474,47.39957427160964,47.0802423538223,47.290714263916016,2892800,0.0,0.0,0.0
2012-08-28 00:00:00-04:00,47.28345091575838,47.50843562799895,47.08749184492274,47.47940444946289,4204600,0.0,0.0,0.0
2012-08-29 00:00:00-04:00,47.530211825479526,47.595533367237636,47.36328945556852,47.493927001953125,3326800,0.0,0.0,0.0
2012-08-30 00:00:00-04:00,47.31248912420933,47.47215786131645,47.21813639566496,47.4431266784668,4427700,0.0,0.0,0.0
2012-08-31 00:00:00-04:00,47.60279712083894,47.64634667030513,47.1745995672065,47.63182830810547,4483800,0.0,0.0,0.0
2012-09-04 00:00:00-04:00,47.5447353139036,47.91487045431523,47.232657004823935,47.8713264465332,10329200,0.0,0.0,0.0
2012-09-05 00:00:00-04:00,47.8930959711377,47.93664551379751,47.58827685817871,47.84229278564453,7340300,0.0,0.0,0.0
2012-09-06 00:00:00-04:00,48.0672674644296,48.226930611914305,48.00194594020983,48.21967697143555,6484900,0.0,0.0,0.0
2012-09-07 00:00:00-04:00,48.27774677298352,48.3938714974557,48.139855584087336,48.30677795410156,5809300,0.0,0.0,0.0
2012-09-10 00:00:00-04:00,48.26322032337882,48.26322032337882,47.907598145076655,47.994686126708984,5922100,0.0,0.0,0.0
2012-09-11 00:00:00-04:00,47.98744565088006,48.20517120182032,47.900352108225015,48.18339920043945,5950900,0.0,0.0,0.0
2012-09-12 00:00:00-04:00,48.26323128674594,48.364837646484375,48.074531388461146,48.364837646484375,6643000,0.0,0.0,0.0
2012-09-13 00:00:00-04:00,48.40112956611261,49.02528610299583,48.292264023701534,48.95270538330078,9459100,0.0,0.0,0.0
2012-09-14 00:00:00-04:00,49.02528915265472,49.54058017918098,49.02528915265472,49.206729888916016,8619400,0.0,0.0,0.0
2012-09-17 00:00:00-04:00,49.19946438746667,49.37364592150014,48.90915813932346,48.97447967529297,4141900,0.0,0.0,0.0
2012-09-18 00:00:00-04:00,48.84384938200392,48.88739338768528,48.41564635665341,48.55354309082031,8756800,0.0,0.0,0.0
2012-09-19 00:00:00-04:00,48.56805918242154,48.64063437581894,48.314043236964466,48.328556060791016,6769100,0.0,0.0,0.0
2012-09-20 00:00:00-04:00,48.08178475611905,48.08904393440335,47.58100665998483,47.762447357177734,14539200,0.0,0.0,0.0
2012-09-21 00:00:00-04:00,47.914870079484515,47.9221292597688,47.718916508866116,47.747947692871094,11144100,0.0,0.0,0.0
2012-09-24 00:00:00-04:00,47.515699010934966,47.929383651695716,47.50118065181683,47.697139739990234,10626600,0.0,0.0,0.0
2012-09-25 00:00:00-04:00,47.816382438824455,47.838329089530724,46.97505881194021,46.997005462646484,8619000,0.523,0.0,0.0
2012-09-26 00:00:00-04:00,46.91653589433702,47.21648837139936,46.85801334647697,46.95311737060547,10239100,0.0,0.0,0.0
2012-09-27 00:00:00-04:00,47.0701607752876,47.421323915939446,46.982374176286214,47.209163665771484,6640100,0.0,0.0,0.0
2012-09-28 00:00:00-04:00,47.02627271639179,47.28232629459504,46.814115233355395,47.099430084228516,9810800,0.0,0.0,0.0
2012-10-01 00:00:00-04:00,47.187225699267685,47.26770048419352,46.38248343155912,46.76290512084961,9355000,0.0,0.0,0.0
2012-10-02 00:00:00-04:00,46.850690895650764,47.157955169677734,46.777530741757786,47.157955169677734,9009600,0.0,0.0,0.0
2012-10-03 00:00:00-04:00,47.157956023812794,47.618852443201106,47.09211607027837,47.296958923339844,8690000,0.0,0.0,0.0
2012-10-04 00:00:00-04:00,47.43594443888633,47.553000658110754,47.01162959806717,47.121368408203125,8887000,0.0,0.0,0.0
2012-10-05 00:00:00-04:00,47.318907869497735,47.50912149151557,47.11406500650133,47.32622528076172,7700000,0.0,0.0,0.0
2012-10-08 00:00:00-04:00,47.084799323977286,47.17259151147817,46.9677430739761,47.128692626953125,4928500,0.0,0.0,0.0
2012-10-09 00:00:00-04:00,47.157954104104995,47.3481677091542,46.87263648730565,46.92384719848633,6859200,0.0,0.0,0.0
2012-10-10 00:00:00-04:00,46.901901325222966,47.10674417333931,46.784847870474415,46.98237609863281,7026600,0.0,0.0,0.0
2012-10-11 00:00:00-04:00,47.099429762917346,47.253061908791224,46.945797617043475,46.98969650268555,8131800,0.0,0.0,0.0
2012-10-12 00:00:00-04:00,46.967748323046344,47.18722602555257,46.71169472448897,46.784854888916016,5995300,0.0,0.0,0.0
2012-10-15 00:00:00-04:00,46.792165790384615,47.114064906725496,46.441005401373864,47.099430084228516,5998000,0.0,0.0,0.0
2012-10-16 00:00:00-04:00,47.238437718962444,47.392069881263595,47.194544410176384,47.318912506103516,6872500,0.0,0.0,0.0
2012-10-17 00:00:00-04:00,47.15796002057652,47.44327767317202,47.01895710926859,47.392066955566406,9204700,0.0,0.0,0.0
2012-10-18 00:00:00-04:00,47.326218417265714,47.860272149548024,47.30427176820598,47.83832550048828,8149100,0.0,0.0,0.0
2012-10-19 00:00:00-04:00,47.86028082554619,47.962702260757425,47.34817364949006,47.392066955566406,8886800,0.0,0.0,0.0
2012-10-22 00:00:00-04:00,47.3481763840063,47.39206969261764,46.931173207548795,47.22380828857422,6018800,0.0,0.0,0.0
2012-10-23 00:00:00-04:00,46.850693372228434,46.9531148023182,46.41905820915396,46.74827194213867,6985600,0.0,0.0,0.0
2012-10-24 00:00:00-04:00,46.85800823471238,47.011640371490735,46.59463447187525,46.777530670166016,4587900,0.0,0.0,0.0
2012-10-25 00:00:00-04:00,46.96773504008308,47.143319385050916,46.14836375642619,46.57268142700195,7451700,0.0,0.0,0.0
2012-10-26 00:00:00-04:00,46.55074472813918,46.58732341243805,45.987424059457496,46.302005767822266,9137000,0.0,0.0,0.0
2012-10-31 00:00:00-04:00,46.492220254880976,46.843380675145454,46.323956061261015,46.821434020996094,9157200,0.0,0.0,0.0
2012-11-01 00:00:00-04:00,46.836064852596884,47.09212404382831,46.63853937699986,46.87264633178711,12937500,0.0,0.0,0.0
2012-11-02 00:00:00-04:00,47.136018433384756,47.48718166438494,47.12138919030359,47.18722915649414,8886300,0.0,0.0,0.0
2012-11-05 00:00:00-05:00,47.16526841822197,47.19453247719667,46.54341972349375,46.83605194091797,10212600,0.0,0.0,0.0
2012-11-06 00:00:00-05:00,47.01894956490914,47.033584385619456,46.65315997960764,46.938480377197266,5427400,0.0,0.0,0.0
2012-11-07 00:00:00-05:00,46.60928083102959,46.923862612058855,46.433701989528586,46.70438766479492,10656200,0.0,0.0,0.0
2012-11-08 00:00:00-05:00,46.682428285916465,46.73363899996349,46.19226500618477,46.228843688964844,9477400,0.0,0.0,0.0
2012-11-09 00:00:00-05:00,46.03132591160656,46.419067851341424,45.86306169996794,46.07522201538086,9952000,0.0,0.0,0.0
2012-11-12 00:00:00-05:00,46.19958053502347,46.228841805590655,45.87768144181403,46.002052307128906,5451600,0.0,0.0,0.0
2012-11-13 00:00:00-05:00,45.76063277957246,46.12642521232807,45.70210744153445,45.85573959350586,6953000,0.0,0.0,0.0
2012-11-14 00:00:00-05:00,46.00205925316705,46.00205925316705,44.79494305291326,44.96320724487305,15786400,0.0,0.0,0.0
2012-11-15 00:00:00-05:00,44.91930187025321,45.226566105871456,44.50961343198806,44.76566696166992,15085700,0.0,0.0,0.0
2012-11-16 00:00:00-05:00,44.875415142561536,45.321682350886405,44.65594024409309,45.27778625488281,13806600,0.0,0.0,0.0
2012-11-19 00:00:00-05:00,45.73137156598305,45.914267793762306,45.497264617687605,45.702110290527344,12087200,0.0,0.0,0.0
2012-11-20 00:00:00-05:00,45.767948051875045,45.987422943115234,45.48262762341067,45.987422943115234,12749700,0.0,0.0,0.0
2012-11-21 00:00:00-05:00,45.92889252411572,46.13373816438469,45.70210302382529,45.95815658569336,5904800,0.0,0.0,0.0
2012-11-23 00:00:00-05:00,46.13373627445431,46.3458937352646,45.98010135285281,46.33126449584961,3249100,0.0,0.0,0.0
2012-11-26 00:00:00-05:00,46.17762749454931,46.65315868657794,46.03862740017175,46.39710235595703,16980400,0.0,0.0,0.0
2012-11-27 00:00:00-05:00,46.045940816714605,46.52147199632117,45.753308606073354,46.14836502075195,22289900,0.0,0.0,0.0
2012-11-28 00:00:00-05:00,46.01668327115994,46.155683373149216,45.65089088519134,46.067893981933594,12290700,0.0,0.0,0.0
2012-11-29 00:00:00-05:00,46.33858719184502,46.404429943785765,45.994741399401725,46.36785125732422,15870300,0.0,0.0,0.0
2012-11-30 00:00:00-05:00,46.35322246280042,46.675118833234414,46.35322246280042,46.550750732421875,10611900,0.0,0.0,0.0
2012-12-03 00:00:00-05:00,46.770223489758315,46.90922640866571,46.528799130040184,46.68243408203125,9577100,0.0,0.0,0.0
2012-12-04 00:00:00-05:00,46.63853721472747,46.9311722900318,46.53611577560343,46.623905181884766,12665900,0.0,0.0,0.0
2012-12-05 00:00:00-05:00,46.76290281172011,46.79948428726176,46.26542767549574,46.499534606933594,10757800,0.0,0.0,0.0
2012-12-06 00:00:00-05:00,46.594644734181735,46.9165411093912,46.455644597545295,46.90922927856445,8008000,0.0,0.0,0.0
2012-12-07 00:00:00-05:00,46.982379411999624,47.10674749547701,46.90190463291441,47.099430084228516,13072600,0.0,0.0,0.0
2012-12-10 00:00:00-05:00,47.150640799869166,47.318907769288096,47.0189553051433,47.099430084228516,8719000,0.0,0.0,0.0
2012-12-11 00:00:00-05:00,47.28964065591059,47.37743284058216,47.10674445733991,47.157955169677734,6063400,0.0,0.0,0.0
2012-12-12 00:00:00-05:00,47.28232476891777,47.37743436743103,46.91653235998789,47.128692626953125,6419000,0.0,0.0,0.0
2012-12-13 00:00:00-05:00,47.15796426826466,47.15796426826466,46.64585425530611,46.81412124633789,9581700,0.0,0.0,0.0
2012-12-14 00:00:00-05:00,46.80678779206926,46.814105201749726,46.63120903057529,46.755577087402344,7085200,0.0,0.0,0.0
2012-12-17 00:00:00-05:00,46.967746805253064,47.0701682413662,46.7629039330268,47.048221588134766,12634700,0.0,0.0,0.0
2012-12-18 00:00:00-05:00,47.08479970549684,47.72859234107224,47.04090640216535,47.53106689453125,26053500,0.0,0.0,0.0
2012-12-19 00:00:00-05:00,47.708804922780125,47.77546095878657,47.4199752840095,47.46440887451172,8134800,0.79,0.0,0.0
2012-12-20 00:00:00-05:00,47.51626412517013,48.019859975253986,47.41257631163354,48.00505065917969,11100800,0.0,0.0,0.0
2012-12-21 00:00:00-05:00,47.48663476400352,47.990236210480596,47.48663476400352,47.856929779052734,10635700,0.0,0.0,0.0
2012-12-24 00:00:00-05:00,47.81989040459573,48.0420696383561,47.63474292654631,47.9235725402832,6645400,0.0,0.0,0.0
2012-12-26 00:00:00-05:00,47.97542176489441,47.97542176489441,47.5606931516325,47.68659210205078,5901700,0.0,0.0,0.0
2012-12-27 00:00:00-05:00,47.73101938763977,47.93098183564312,47.257045103040035,47.74583435058594,8055400,0.0,0.0,0.0
2012-12-28 00:00:00-05:00,47.60512792771197,47.879148282707924,47.41998041358723,47.45701217651367,3957300,0.0,0.0,0.0
2012-12-31 00:00:00-05:00,47.43479681266416,47.93839829231589,47.308895030187756,47.893959045410156,7477900,0.0,0.0,0.0
2013-01-02 00:00:00-05:00,48.60491379413949,48.7974687529486,48.353115936679785,48.67156982421875,12173500,0.0,0.0,0.0
2013-01-03 00:00:00-05:00,48.6493530309432,48.86412478302786,48.56048020758839,48.67156982421875,13888200,0.0,0.0,0.0
2013-01-04 00:00:00-05:00,48.7900735225272,48.982628529685165,48.61233348144125,48.96781921386719,14123400,0.0,0.0,0.0
2013-01-07 00:00:00-05:00,48.908559888444465,49.056675615049635,48.7974702683642,49.041866302490234,6133600,0.0,0.0,0.0
2013-01-08 00:00:00-05:00,48.953009900883615,49.086316359655804,48.804894124583264,48.94560241699219,5438600,0.0,0.0,0.0
2013-01-09 00:00:00-05:00,49.04928902900475,49.19740480164608,48.975225492429544,49.1307487487793,5562300,0.0,0.0,0.0
2013-01-10 00:00:00-05:00,49.397348980472735,49.397348980472735,49.078895065805234,49.24923324584961,6132700,0.0,0.0,0.0
2013-01-11 00:00:00-05:00,49.24923640073864,49.375135348258645,49.07149637775431,49.24182891845703,3889100,0.0,0.0,0.0
2013-01-14 00:00:00-05:00,49.32330256409322,49.38255113179889,49.175186795083434,49.315895080566406,5420400,0.0,0.0,0.0
2013-01-15 00:00:00-05:00,49.241837958992726,49.59732372048011,49.15297075631175,49.54548263549805,6783800,0.0,0.0,0.0
2013-01-16 00:00:00-05:00,49.44919783737548,49.50844640065343,49.315891395127075,49.49363708496094,5176000,0.0,0.0,0.0
2013-01-17 00:00:00-05:00,49.66396397560111,49.752836810378895,49.12333643556631,49.60472106933594,5652400,0.0,0.0,0.0
2013-01-18 00:00:00-05:00,49.89355718205904,49.93799078007657,49.567695729252996,49.90095901489258,17259600,0.0,0.0,0.0
2013-01-22 00:00:00-05:00,49.92317844246844,50.15275955200195,49.878739196886606,50.15275955200195,7006800,0.0,0.0,0.0
2013-01-23 00:00:00-05:00,50.15274876895338,50.25643090259602,50.00462739928352,50.16015625,4036600,0.0,0.0,0.0
2013-01-24 00:00:00-05:00,50.21940994262695,50.38974814179954,50.078701674010006,50.21940994262695,6017000,0.0,0.0,0.0
2013-01-25 00:00:00-05:00,50.404560087163944,50.46380865085964,50.18238644868613,50.42677688598633,6291100,0.0,0.0,0.0
2013-01-28 00:00:00-05:00,50.58230841797198,50.58230841797198,50.271256267463826,50.4786262512207,7967100,0.0,0.0,0.0
2013-01-29 00:00:00-05:00,50.404570965381396,50.58971852919811,50.404570965381396,50.57490921020508,4723200,0.0,0.0,0.0
2013-01-30 00:00:00-05:00,50.45639469756026,50.58970112365402,50.02685679148332,50.10832214355469,7716600,0.0,0.0,0.0
2013-01-31 00:00:00-05:00,50.10090484248202,50.108312323105835,49.745419225817216,49.81947708129883,8189600,0.0,0.0,0.0
2013-02-01 00:00:00-05:00,50.08610350875607,50.24903422529742,49.91577095982918,50.15275955200195,11330400,0.0,0.0,0.0
2013-02-04 00:00:00-05:00,49.97502582474304,50.20460696323802,49.85652868858148,50.0490837097168,14185200,0.0,0.0,0.0
2013-02-05 00:00:00-05:00,50.17496921506991,50.24161959858476,49.92317134367657,49.98241424560547,6245900,0.0,0.0,0.0
2013-02-06 00:00:00-05:00,49.856524886670385,50.137947088212016,49.76025020857157,50.07129669189453,4489500,0.0,0.0,0.0
2013-02-07 00:00:00-05:00,50.219397614357426,50.24161440656647,49.73061123500141,49.834293365478516,8388300,0.0,0.0,0.0
2013-02-08 00:00:00-05:00,49.93058223200653,50.34531652225572,49.93058223200653,50.330501556396484,8139600,0.0,0.0,0.0
2013-02-11 00:00:00-05:00,50.256440526898935,50.40455627468102,50.256440526898935,50.38233947753906,6097100,0.0,0.0,0.0
2013-02-12 00:00:00-05:00,50.449007707582915,50.6785888671875,50.337918044780544,50.6785888671875,7218400,0.0,0.0,0.0
2013-02-13 00:00:00-05:00,50.76743879474974,50.83408917217079,50.515635296125694,50.656349182128906,4418400,0.0,0.0,0.0
2013-02-14 00:00:00-05:00,50.64894917583258,50.64894917583258,50.411960604051906,50.45639419555664,4100400,0.0,0.0,0.0
2013-02-15 00:00:00-05:00,50.50823277715266,50.54526453508174,50.32308528801316,50.51564025878906,6449800,0.0,0.0,0.0
2013-02-19 00:00:00-05:00,50.67857624640555,50.87113123729289,50.567486611268485,50.86372375488281,12187000,0.0,0.0,0.0
2013-02-20 00:00:00-05:00,50.84150415497681,51.01183668924334,50.43417739868164,50.43417739868164,9973600,0.0,0.0,0.0
2013-02-21 00:00:00-05:00,50.3305052704019,50.41937812135357,49.91577659980287,50.04167556762695,13125300,0.0,0.0,0.0
2013-02-22 00:00:00-05:00,50.24161613900954,50.4712028503418,50.204590034135165,50.4712028503418,6630600,0.0,0.0,0.0
2013-02-25 00:00:00-05:00,50.59711607238069,50.70079823572592,49.61212987034693,49.619537353515625,9204800,0.0,0.0,0.0
2013-02-26 00:00:00-05:00,49.86391585649374,50.115713692867395,49.61951985042367,50.05646514892578,7439200,0.0,0.0,0.0
2013-02-27 00:00:00-05:00,50.056475575188564,50.67116663354952,49.952793426820854,50.441585540771484,7675200,0.0,0.0,0.0
2013-02-28 00:00:00-05:00,50.434178718470235,50.68598226083837,50.33790405094167,50.44899368286133,7917800,0.0,0.0,0.0
2013-03-01 00:00:00-05:00,50.24902808119632,50.60451375111604,50.05647310789593,50.545265197753906,11331300,0.0,0.0,0.0
2013-03-04 00:00:00-05:00,50.448996450852654,51.03406327082734,50.448996450852654,50.9229736328125,9589700,0.0,0.0,0.0
2013-03-05 00:00:00-05:00,51.189591756772025,51.41176540534637,50.93038069138721,51.31549072265625,6177000,0.0,0.0,0.0
2013-03-06 00:00:00-05:00,51.419161923199525,51.50803475382906,50.96740158877563,51.1229248046875,11622400,0.0,0.0,0.0
2013-03-07 00:00:00-05:00,51.204387485948956,51.27104351801181,50.871124276393054,50.937774658203125,6954600,0.0,0.0,0.0
2013-03-08 00:00:00-05:00,51.15254325416672,51.19697683929299,50.685973659583624,50.9673957824707,6934300,0.0,0.0,0.0
2013-03-11 00:00:00-04:00,51.078498834198705,51.16736602783203,50.83410275119921,51.16736602783203,11877900,0.0,0.0,0.0
2013-03-12 00:00:00-04:00,51.15996538796345,51.16736722076952,50.86372821835328,50.98221969604492,6247300,0.0,0.0,0.0
2013-03-13 00:00:00-04:00,50.96739263506603,51.100699032465144,50.774837694322386,50.99701690673828,6189700,0.0,0.0,0.0
2013-03-14 00:00:00-04:00,51.06368334725521,51.337703708753736,50.99703295271046,51.271053314208984,10380200,0.0,0.0,0.0
2013-03-15 00:00:00-04:00,51.204389651930526,51.315479276565924,50.9970253660794,51.29326248168945,7085100,0.0,0.0,0.0
2013-03-18 00:00:00-04:00,50.84151468230561,51.16737050456075,50.84151468230561,51.15256118774414,17335600,0.0,0.0,0.0
2013-03-19 00:00:00-04:00,51.15255659395416,51.204397673538296,50.530463638944575,50.789669036865234,8311400,0.0,0.0,0.0
2013-03-20 00:00:00-04:00,51.08590316772461,51.0933049999018,50.83409961736097,51.08590316772461,9476900,0.0,0.0,0.0
2013-03-21 00:00:00-04:00,50.87112427345731,51.26363603365692,50.87112427345731,50.915557861328125,4807000,0.0,0.0,0.0
2013-03-22 00:00:00-04:00,51.09329804732395,51.293260493969306,50.98961590841628,51.22660446166992,5176600,0.0,0.0,0.0
2013-03-25 00:00:00-04:00,51.48353826387197,51.53582075264299,51.09515487562492,51.1922492980957,10970400,0.584,0.0,0.0
2013-03-26 00:00:00-04:00,51.25946906583498,51.61798164358405,51.25946906583498,51.57316970825195,8879000,0.0,0.0,0.0
2013-03-27 00:00:00-04:00,51.40137166421258,51.69266058698256,51.29680670210865,51.65531921386719,5747800,0.0,0.0,0.0
2013-03-28 00:00:00-04:00,51.73001486572444,51.94661537407839,51.55822629069756,51.89433288574219,10163700,0.0,0.0,0.0
2013-04-01 00:00:00-04:00,51.916748404057934,52.05865478515625,51.6553359142822,52.05865478515625,10676100,0.0,0.0,0.0
2013-04-02 00:00:00-04:00,52.25283393880066,52.372340012202784,52.073580527060706,52.19308090209961,7683800,0.0,0.0,0.0
2013-04-03 00:00:00-04:00,52.364876859352236,52.364876859352236,51.74495183727488,51.91674041748047,5906600,0.0,0.0,0.0
2013-04-04 00:00:00-04:00,51.97650084128644,52.73833811267044,51.89434750649547,52.678585052490234,15045800,0.0,0.0,0.0
2013-04-05 00:00:00-04:00,52.20056290564719,52.82048797607422,52.09599791766727,52.82048797607422,9219300,0.0,0.0,0.0
2013-04-08 00:00:00-04:00,52.82796431787349,53.365724729940816,52.63376973391398,53.31344223022461,9494700,0.0,0.0,0.0
2013-04-09 00:00:00-04:00,53.38813607605928,53.51510704626214,53.03709399508016,53.335853576660156,6504500,0.0,0.0,0.0
2013-04-10 00:00:00-04:00,53.45536440039606,53.73171806438972,53.35826993927912,53.649559020996094,5585900,0.0,0.0,0.0
2013-04-11 00:00:00-04:00,53.701819753513895,54.172362148927945,53.65700212178599,53.91094970703125,11137100,0.0,0.0,0.0
2013-04-12 00:00:00-04:00,53.83627169072296,54.22465515136719,53.76158322117964,54.22465515136719,6908300,0.0,0.0,0.0
2013-04-15 00:00:00-04:00,53.8512119922402,53.96324755590479,52.872779846191406,52.872779846191406,10229500,0.0,0.0,0.0
2013-04-16 00:00:00-04:00,53.17899597515573,53.73916800733096,52.88024211668728,53.70929718017578,6787100,0.0,0.0,0.0
2013-04-17 00:00:00-04:00,53.500171474890394,53.522583146981574,52.708463345304715,53.059505462646484,8952700,0.0,0.0,0.0
2013-04-18 00:00:00-04:00,53.08938199373574,53.16407047227607,52.75327529275578,53.059505462646484,16557900,0.0,0.0,0.0
2013-04-19 00:00:00-04:00,53.35823735454073,53.76156176716249,53.052007343742424,53.671932220458984,16957600,0.0,0.0,0.0
2013-04-22 00:00:00-04:00,53.75409454686579,53.881065472130295,53.38811718060096,53.74662399291992,5361900,0.0,0.0,0.0
2013-04-23 00:00:00-04:00,53.94084426765611,54.149974291110844,53.66449062331049,54.06034469604492,6056000,0.0,0.0,0.0
2013-04-24 00:00:00-04:00,54.20972217127783,54.23959870010986,53.9333685533555,54.23212814331055,5241100,0.0,0.0,0.0
2013-04-25 00:00:00-04:00,54.14248813628355,54.36655921021532,53.76904014530669,54.164894104003906,8899900,0.0,0.0,0.0
2013-04-26 00:00:00-04:00,54.08273307390919,54.2993278632194,53.881067996464076,53.91841506958008,4196100,0.0,0.0,0.0
2013-04-29 00:00:00-04:00,54.09767868340534,54.35162059370832,53.92589009239233,54.33668518066406,4371600,0.0,0.0,0.0
2013-04-30 00:00:00-04:00,54.336678454874146,54.88937984292829,54.2022369606595,54.866973876953125,7901100,0.0,0.0,0.0
2013-05-01 00:00:00-04:00,54.852035173216564,54.89684710247701,54.34414574759925,54.49352264404297,19735200,0.0,0.0,0.0
2013-05-02 00:00:00-04:00,54.47860942976691,54.904340026285055,54.47113887239202,54.702674865722656,4746700,0.0,0.0,0.0
2013-05-03 00:00:00-04:00,54.971532372727715,55.09850329720087,54.635431525978085,54.747467041015625,6804300,0.0,0.0,0.0
2013-05-06 00:00:00-04:00,54.784831145823674,55.023837684506084,54.74748975755899,54.96408462524414,4539300,0.0,0.0,0.0
2013-05-07 00:00:00-04:00,55.18066757280586,55.30764420778681,54.889378624865465,55.28523254394531,7326500,0.0,0.0,0.0
2013-05-08 00:00:00-04:00,55.1956085670017,55.50183292516802,55.11344956151142,55.419673919677734,5550500,0.0,0.0,0.0
2013-05-09 00:00:00-04:00,55.41967119248914,55.457018265279075,54.9715348108262,55.1358528137207,12540900,0.0,0.0,0.0
2013-05-10 00:00:00-04:00,55.27030489475692,55.27030489475692,55.00889243019783,55.15079879760742,4807500,0.0,0.0,0.0
2013-05-13 00:00:00-04:00,55.150793109194844,55.292705160331565,55.00888675642189,55.23295211791992,5141500,0.0,0.0,0.0
2013-05-14 00:00:00-04:00,55.29271407678985,55.636285578515235,55.29271407678985,55.52425003051758,6114500,0.0,0.0,0.0
2013-05-15 00:00:00-04:00,55.52425015174784,56.02467484078137,55.247902257563545,56.01720428466797,12938900,0.0,0.0,0.0
2013-05-16 00:00:00-04:00,55.972381708735405,56.144164578148306,55.621339716852155,55.83794021606445,11084100,0.0,0.0,0.0
2013-05-17 00:00:00-04:00,55.94252208196967,56.19646403460987,55.78567457621567,56.18899917602539,11377800,0.0,0.0,0.0
2013-05-20 00:00:00-04:00,56.188983729472696,56.27860759477116,55.964912669499014,56.15910720825195,6560000,0.0,0.0,0.0
2013-05-21 00:00:00-04:00,56.315967228156,56.532567781530894,56.263684728952754,56.4205322265625,5619400,0.0,0.0,0.0
2013-05-22 00:00:00-04:00,56.49520870470692,56.92093916452393,54.769880898874376,55.02382278442383,26250400,0.0,0.0,0.0
2013-05-23 00:00:00-04:00,54.58315645206735,54.58315645206735,53.798913438749715,54.254520416259766,17882300,0.0,0.0,0.0
2013-05-24 00:00:00-04:00,54.07528287161733,54.1200948175315,53.48523422416381,54.045406341552734,11804000,0.0,0.0,0.0
2013-05-28 00:00:00-04:00,54.56822035505849,54.687726451189945,53.17899332853406,53.50762939453125,15416700,0.0,0.0,0.0
2013-05-29 00:00:00-04:00,53.111778970337696,53.14165549636588,51.72255185103284,52.439571380615234,23698500,0.0,0.0,0.0
2013-05-30 00:00:00-04:00,52.43956304462458,52.8055404581545,51.87939109196368,51.939144134521484,13778600,0.0,0.0,0.0
2013-05-31 00:00:00-04:00,51.72255457588165,52.31260317470272,51.28188861507128,51.30429458618164,20832400,0.0,0.0,0.0
2013-06-03 00:00:00-04:00,51.319212196134416,51.78975452129717,50.833728763171756,51.43124771118164,25223500,0.0,0.0,0.0
2013-06-04 00:00:00-04:00,51.43874531319663,51.61799881251154,50.82629063370185,50.83375549316406,17821400,0.0,0.0,0.0
2013-06-05 00:00:00-04:00,50.87108348199081,51.02046039226829,50.19887598901441,50.28850555419922,19959500,0.0,0.0,0.0
2013-06-06 00:00:00-04:00,50.25116322336483,51.274412820333254,50.056968662972515,51.22959518432617,21649800,0.0,0.0,0.0
2013-06-07 00:00:00-04:00,51.364034620880005,51.40885225507678,50.52004420530229,51.19972229003906,16045900,0.0,0.0,0.0
2013-06-10 00:00:00-04:00,51.25946492335831,51.37897100573828,50.624604531214715,50.7515754699707,17666100,0.0,0.0,0.0
2013-06-11 00:00:00-04:00,50.288514167680724,50.53499124038295,49.944942656504054,49.97481918334961,17765800,0.0,0.0,0.0
2013-06-12 00:00:00-04:00,50.34826759474252,50.36320300909363,49.12335277845028,49.24285888671875,16537000,0.0,0.0,0.0
2013-06-13 00:00:00-04:00,49.17563152640255,50.87855924918433,49.13829014418973,50.744117736816406,21085000,0.0,0.0,0.0
2013-06-14 00:00:00-04:00,50.71424245010515,51.52089154400524,50.59473634803199,50.871089935302734,13991400,0.0,0.0,0.0
2013-06-17 00:00:00-04:00,51.11010879858652,51.416333287050534,50.594748580929235,50.93832015991211,10786100,0.0,0.0,0.0
2013-06-18 00:00:00-04:00,50.975653912625276,51.446196358869074,50.69183547338744,51.02046585083008,14319100,0.0,0.0,0.0
2013-06-19 00:00:00-04:00,51.1399697591459,51.28934667900397,49.3922301653125,49.48933029174805,34471300,0.0,0.0,0.0
2013-06-20 00:00:00-04:00,48.91422120195695,49.12335118628364,47.33827291420854,47.55487060546875,31601500,0.0,0.0,0.0
2013-06-21 00:00:00-04:00,47.96565909922048,48.615454932540224,47.285983894741655,48.11503601074219,24105500,0.0,0.0,0.0
2013-06-24 00:00:00-04:00,47.42042116949373,48.869398166102954,46.83784043957315,47.808807373046875,30133200,0.0,0.0,0.0
2013-06-25 00:00:00-04:00,48.309244020259676,48.94410461873556,47.92086052302582,48.690162658691406,18040500,0.0,0.0,0.0
2013-06-26 00:00:00-04:00,49.1997973860055,49.584284446731075,49.07162928059683,49.41843032836914,16898500,0.606,0.0,0.0
2013-06-27 00:00:00-04:00,49.76522379203985,50.390959981329296,49.64459634476321,50.30049514770508,13893800,0.0,0.0,0.0
2013-06-28 00:00:00-04:00,50.09694277451701,50.428662535842896,49.69737438119293,50.08186721801758,12025100,0.0,0.0,0.0
2013-07-01 00:00:00-04:00,50.187404628215994,50.541740538495674,49.719981932467704,49.8179931640625,14941100,0.0,0.0,0.0
2013-07-02 00:00:00-04:00,49.74259798126741,50.586966941872895,49.697359821354866,50.39849090576172,12520400,0.0,0.0,0.0
2013-07-03 00:00:00-04:00,50.3231180950309,50.511594192765095,49.508899972379,50.179874420166016,8076200,0.0,0.0,0.0
2013-07-05 00:00:00-04:00,50.066779729792756,50.09693083560612,48.717290547262145,49.652130126953125,16119500,0.0,0.0,0.0
2013-07-08 00:00:00-04:00,49.77275332361713,50.58697124938834,49.77275332361713,49.848148345947266,6958000,0.0,0.0,0.0
2013-07-09 00:00:00-04:00,50.187415428712214,50.6925299937638,49.9084687314371,50.48143768310547,9422400,0.0,0.0,0.0
2013-07-10 00:00:00-04:00,50.3683508733002,50.68499509112177,50.16479921711798,50.48143768310547,10060200,0.0,0.0,0.0
2013-07-11 00:00:00-04:00,51.22025899143954,51.91384955357808,51.15994526816665,51.87615203857422,16742100,0.0,0.0,0.0
2013-07-12 00:00:00-04:00,51.94400858802184,51.97416545091974,51.35596414109646,51.53689956665039,10555600,0.0,0.0,0.0
2013-07-15 00:00:00-04:00,51.446410487987684,51.815827611842415,51.4011780858142,51.72535705566406,6986300,0.0,0.0,0.0
2013-07-16 00:00:00-04:00,51.58967535040617,51.89877314564779,51.50674541103636,51.64244842529297,6891000,0.0,0.0,0.0
2013-07-17 00:00:00-04:00,51.85353134420101,51.95907747488064,51.53689295216213,51.91384506225586,14463800,0.0,0.0,0.0
2013-07-18 00:00:00-04:00,51.876145309720826,52.29079491364622,51.84598845199602,52.23802185058594,7176600,0.0,0.0,0.0
2013-07-19 00:00:00-04:00,52.19278616583231,52.33602404124911,51.981688175001004,52.185245513916016,7701100,0.0,0.0,0.0
2013-07-22 00:00:00-04:00,52.20786671704573,52.38126721673183,52.049547522636345,52.336029052734375,4684700,0.0,0.0,0.0
2013-07-23 00:00:00-04:00,52.47171942489823,52.47171942489823,52.07215120862672,52.31340026855469,4930000,0.0,0.0,0.0
2013-07-24 00:00:00-04:00,52.37373388689098,52.41896630538007,50.91115766952005,51.295650482177734,13685200,0.0,0.0,0.0
2013-07-25 00:00:00-04:00,51.21270865562601,51.325795427423806,50.911145848109264,51.23532485961914,10019400,0.0,0.0,0.0
2013-07-26 00:00:00-04:00,51.09961914839609,51.40118193976977,50.91114312276652,51.37102508544922,5577000,0.0,0.0,0.0
2013-07-29 00:00:00-04:00,51.2881034544536,51.423806444889316,50.88099448314645,50.963924407958984,6999900,0.0,0.0,0.0
2013-07-30 00:00:00-04:00,51.077003074921855,51.49165263308938,50.767899631227536,50.903602600097656,6200400,0.0,0.0,0.0
2013-07-31 00:00:00-04:00,50.760369735052315,51.024235047245085,49.75767579688738,50.202476501464844,17578300,0.0,0.0,0.0
2013-08-01 00:00:00-04:00,50.40602104084685,50.473869638811294,49.89336609951312,49.92352294921875,12801700,0.0,0.0,0.0
2013-08-02 00:00:00-04:00,50.17986406120433,50.375880772896394,49.697365810756814,49.70490646362305,16858500,0.0,0.0,0.0
2013-08-05 00:00:00-04:00,49.68229575013553,49.90092869276728,49.531511435303216,49.67475509643555,5471400,0.0,0.0,0.0
2013-08-06 00:00:00-04:00,49.59935587395512,49.863221182234454,49.380722975143,49.50135040283203,5899900,0.0,0.0,0.0
2013-08-07 00:00:00-04:00,49.501359354513426,49.501359354513426,49.064093477815305,49.29780197143555,6218300,0.0,0.0,0.0
2013-08-08 00:00:00-04:00,49.41842404587238,49.53150507769025,49.094245000384724,49.3430290222168,6905300,0.0,0.0,0.0
2013-08-09 00:00:00-04:00,49.22239959785495,50.066774264264936,49.15454523760101,49.81044387817383,6247000,0.0,0.0,0.0
2013-08-12 00:00:00-04:00,49.70490988059978,49.712450533984395,49.25256845868802,49.40334701538086,8185500,0.0,0.0,0.0
2013-08-13 00:00:00-04:00,49.45612255750267,49.49382007447684,48.58159653167061,48.72483444213867,10889000,0.0,0.0,0.0
2013-08-14 00:00:00-04:00,48.62681479097008,48.890680077453936,48.52880932794233,48.6192741394043,13474200,0.0,0.0,0.0
2013-08-15 00:00:00-04:00,48.1216998106257,48.13677536173423,47.511036457757974,47.69951248168945,17106100,0.0,0.0,0.0
2013-08-16 00:00:00-04:00,47.50350247378387,47.67690297094496,46.583741303525215,46.598819732666016,22158900,0.0,0.0,0.0
2013-08-19 00:00:00-04:00,46.48573086528484,46.6515907024718,45.92784051578446,45.965538024902344,15340000,0.0,0.0,0.0
2013-08-20 00:00:00-04:00,46.19925007369824,47.277333347528206,46.16909609033856,47.04362487792969,20078000,0.0,0.0,0.0
2013-08-21 00:00:00-04:00,46.719443181171805,47.65428275838648,46.42542100969435,46.945613861083984,19768900,0.0,0.0,0.0
2013-08-22 00:00:00-04:00,47.09639257542647,47.23209555078427,46.696821425354685,47.209476470947266,15039600,0.0,0.0,0.0
2013-08-23 00:00:00-04:00,47.29242200276603,47.767382573352975,47.066251261125544,47.75984191894531,9662400,0.0,0.0,0.0
2013-08-26 00:00:00-04:00,47.84275705843299,47.85783548666573,47.5034996129867,47.57889175415039,5527400,0.0,0.0,0.0
2013-08-27 00:00:00-04:00,47.24717762538642,47.684443467664195,47.14163149129633,47.43565368652344,7907000,0.0,0.0,0.0
2013-08-28 00:00:00-04:00,47.330101018385754,47.44318778982261,47.08131414750715,47.209476470947266,5761700,0.0,0.0,0.0
2013-08-29 00:00:00-04:00,47.06624104670072,47.322568598509015,46.82499192451837,47.284873962402344,4663600,0.0,0.0,0.0
2013-08-30 00:00:00-04:00,47.30748253400085,47.5788884716333,46.82498436750579,46.92299270629883,6533700,0.0,0.0,0.0
2013-09-03 00:00:00-04:00,47.27733125296163,47.3904180322785,46.176631821398004,46.530967712402344,12854500,0.0,0.0,0.0
2013-09-04 00:00:00-04:00,46.52342110919179,47.10392760866156,46.38018036617298,46.86267852783203,11140200,0.0,0.0,0.0
2013-09-05 00:00:00-04:00,46.809918613099455,46.91546475610512,46.42542868130499,46.4631233215332,7406700,0.0,0.0,0.0
2013-09-06 00:00:00-04:00,47.088854649538895,47.65428278762438,47.036081586724215,47.315025329589844,12815100,0.0,0.0,0.0
2013-09-09 00:00:00-04:00,47.541205124256294,48.249874114990234,47.32257219195276,48.249874114990234,11123300,0.0,0.0,0.0
2013-09-10 00:00:00-04:00,48.340336589541046,48.42326650690966,47.88799237005299,48.189552307128906,8889000,0.0,0.0,0.0
2013-09-11 00:00:00-04:00,48.12924782307695,48.521278381347656,48.12924782307695,48.521278381347656,9867700,0.0,0.0,0.0
2013-09-12 00:00:00-04:00,48.67205645252047,48.80775944735152,48.1443257791958,48.21217727661133,9121300,0.0,0.0,0.0
2013-09-13 00:00:00-04:00,48.31772994995117,48.45343297122363,48.14433516000164,48.31772994995117,8046000,0.0,0.0,0.0
2013-09-16 00:00:00-04:00,49.16209795318127,49.47873637384892,48.67205901538615,48.792686462402344,13644600,0.0,0.0,0.0
2013-09-17 00:00:00-04:00,48.89068115193884,49.16208709595325,48.68712956984403,48.75497817993164,8761600,0.0,0.0,0.0
2013-09-18 00:00:00-04:00,48.739911908793175,50.48896957445921,48.23479455549529,50.45881271362305,37540300,0.0,0.0,0.0
2013-09-19 00:00:00-04:00,50.48896806823623,50.88853639668733,50.22510273358296,50.262794494628906,20322800,0.0,0.0,0.0
2013-09-20 00:00:00-04:00,50.33818569866261,50.35326700512558,49.29779987420995,49.39580535888672,17910100,0.0,0.0,0.0
2013-09-23 00:00:00-04:00,49.38827376004671,49.62198225935244,49.01885650083204,49.07917022705078,12152500,0.0,0.0,0.0
2013-09-24 00:00:00-04:00,49.05176144220465,49.16590725616497,48.716935269440306,48.75498580932617,13075000,0.604,0.0,0.0
2013-09-25 00:00:00-04:00,48.82347814737473,49.22678834597464,48.6027948742982,48.922401428222656,9013600,0.0,0.0,0.0
2013-09-26 00:00:00-04:00,48.99089319957595,49.242012881939814,48.85391935516825,49.21918487548828,4380700,0.0,0.0,0.0
2013-09-27 00:00:00-04:00,49.089815891165536,49.29527372809713,48.7473784220159,49.03654861450195,5971100,0.0,0.0,0.0
2013-09-30 00:00:00-04:00,48.75498881105752,49.09742046832394,48.37450661156255,48.54191970825195,9374800,0.0,0.0,0.0
2013-10-01 00:00:00-04:00,48.53431209278909,49.645319502277836,48.43538880352366,49.280059814453125,16465300,0.0,0.0,0.0
2013-10-02 00:00:00-04:00,48.998506662669826,49.333332920803024,48.80065425507305,49.31050491333008,11800100,0.0,0.0,0.0
2013-10-03 00:00:00-04:00,49.105045289613955,49.196363132745226,48.24515737149995,48.54954147338867,23591100,0.0,0.0,0.0
2013-10-04 00:00:00-04:00,48.587577012551165,48.739773379834176,48.123391155158,48.374507904052734,13296400,0.0,0.0,0.0
2013-10-07 00:00:00-04:00,48.11578446245927,48.75499475160934,48.085345186107084,48.587581634521484,7675500,0.0,0.0,0.0
2013-10-08 00:00:00-04:00,48.45821894867293,48.6712880769315,47.96359086910222,48.03207778930664,9526700,0.0,0.0,0.0
2013-10-09 00:00:00-04:00,48.07772423990176,48.40493911795584,47.93314206932956,48.016845703125,9436400,0.0,0.0,0.0
2013-10-10 00:00:00-04:00,48.3288462579007,49.203959354567665,48.3288462579007,49.16590881347656,23726100,0.0,0.0,0.0
2013-10-11 00:00:00-04:00,49.15069178930721,49.67575912564847,48.98328448453719,49.63771438598633,11282500,0.0,0.0,0.0
2013-10-14 00:00:00-04:00,49.394207880096126,49.713811572835624,49.1811329459048,49.622493743896484,15004400,0.0,0.0,0.0
2013-10-15 00:00:00-04:00,49.53878754923442,49.797518496946076,49.32571841917681,49.46269226074219,8338500,0.0,0.0,0.0
2013-10-16 00:00:00-04:00,49.68336457891341,50.41388967985479,49.63009730506448,50.36062240600586,16177500,0.0,0.0,0.0
2013-10-17 00:00:00-04:00,50.17038797578671,51.30422341583512,50.12473196519494,51.136810302734375,19146900,0.0,0.0,0.0
2013-10-18 00:00:00-04:00,51.34987428353313,51.44879755395605,50.83241831959604,51.03787612915039,11933200,0.0,0.0,0.0
2013-10-21 00:00:00-04:00,50.98462600415957,51.045504562905414,50.57370444117352,50.77155685424805,9373400,0.0,0.0,0.0
2013-10-22 00:00:00-04:00,51.030277288856524,51.53251664339384,50.84003616468906,51.31183624267578,10465300,0.0,0.0,0.0
2013-10-23 00:00:00-04:00,51.23575084843129,51.4488200197335,50.99984786103284,51.41838073730469,13218500,0.0,0.0,0.0
2013-10-24 00:00:00-04:00,51.540132986425974,51.540132986425974,51.129211421098425,51.38032531738281,6881800,0.0,0.0,0.0
2013-10-25 00:00:00-04:00,51.5477382765068,51.935831832277756,51.36510840554943,51.882564544677734,7983500,0.0,0.0,0.0
2013-10-28 00:00:00-04:00,51.87494529495576,51.87494529495576,51.121592113136806,51.52490234375,8219400,0.0,0.0,0.0
2013-10-29 00:00:00-04:00,51.32704164582907,51.35748091565912,50.885686747536134,51.09114456176758,8522000,0.0,0.0,0.0
2013-10-30 00:00:00-04:00,50.771555707906046,51.015064131692455,50.48999673433788,50.71828842163086,7474200,0.0,0.0,0.0
2013-10-31 00:00:00-04:00,50.77153712720147,50.87807166076374,50.11710738920663,50.353004455566406,9070700,0.0,0.0,0.0
2013-11-01 00:00:00-04:00,50.429121868447034,50.80199870536724,50.117129399053724,50.672630310058594,16618700,0.0,0.0,0.0
2013-11-04 00:00:00-05:00,50.8704819724406,50.96941108535603,50.33780907866181,50.741119384765625,4092900,0.0,0.0,0.0
2013-11-05 00:00:00-05:00,50.383455680535256,50.42911168984122,49.87361089095857,49.9725341796875,9774500,0.0,0.0,0.0
2013-11-06 00:00:00-05:00,50.231275569994864,50.36824943212727,49.88123254581188,49.96493911743164,4892000,0.0,0.0,0.0
2013-11-07 00:00:00-05:00,50.063848706936234,50.10189344361967,49.24961702898067,49.35615158081055,9769500,0.0,0.0,0.0
2013-11-08 00:00:00-05:00,48.87675508176666,49.00611766052467,48.04730071211498,48.694122314453125,17449800,0.0,0.0,0.0
2013-11-11 00:00:00-05:00,48.78543236318894,48.98328474987739,48.59519124675339,48.65606689453125,6158600,0.0,0.0,0.0
2013-11-12 00:00:00-05:00,48.62563274735926,48.62563274735926,48.138613028603174,48.4886589050293,10349700,0.0,0.0,0.0
2013-11-13 00:00:00-05:00,48.29841620898315,48.838700290129054,48.25275729540848,48.83108901977539,6905000,0.0,0.0,0.0
2013-11-14 00:00:00-05:00,49.18874559832007,49.53878857720675,48.930020450938024,49.21918487548828,7918300,0.0,0.0,0.0
2013-11-15 00:00:00-05:00,49.32571420460178,49.462688034463596,49.120256362658,49.3409309387207,11699600,0.0,0.0,0.0
2013-11-18 00:00:00-05:00,49.508349470169826,49.508349470169826,48.97567663214189,48.998504638671875,6279000,0.0,0.0,0.0
2013-11-19 00:00:00-05:00,49.013722919417255,49.02132838380044,48.50387522939087,48.62562942504883,8551800,0.0,0.0,0.0
2013-11-20 00:00:00-05:00,48.6788941692428,49.158299656828156,48.009244676571875,48.199485778808594,10075700,0.0,0.0,0.0
2013-11-21 00:00:00-05:00,48.25275686586626,48.56475218205969,48.04729611088292,48.45821762084961,7412500,0.0,0.0,0.0
2013-11-22 00:00:00-05:00,48.58758155797575,48.58758155797575,48.077736742701106,48.313636779785156,5750500,0.0,0.0,0.0
2013-11-25 00:00:00-05:00,48.321246318654296,48.45060889180905,48.07773790801657,48.108177185058594,5823800,0.0,0.0,0.0
2013-11-26 00:00:00-05:00,48.24514286225482,48.24514286225482,47.95597558500254,47.971195220947266,6277300,0.0,0.0,0.0
2013-11-27 00:00:00-05:00,48.184268097261075,48.53431104289515,47.95597934588446,48.465824127197266,5205300,0.0,0.0,0.0
2013-11-29 00:00:00-05:00,48.4658147518842,48.58756892258932,47.97879806906373,48.016845703125,4961700,0.0,0.0,0.0
2013-12-02 00:00:00-05:00,47.93315255081368,48.169049675285954,47.605937601207906,47.76573944091797,9128400,0.0,0.0,0.0
2013-12-03 00:00:00-05:00,47.65921135056124,47.86467213072812,47.53745713670489,47.71247863769531,7106800,0.0,0.0,0.0
2013-12-04 00:00:00-05:00,47.179797596437204,48.11578355525044,47.134138682769816,47.819007873535156,15225500,0.0,0.0,0.0
2013-12-05 00:00:00-05:00,47.697254820491366,47.986422141641725,47.4385267758514,47.872276306152344,11587100,0.0,0.0,0.0
2013-12-06 00:00:00-05:00,48.29841116589817,48.35167844141549,47.99402424621454,48.24514389038086,9929900,0.0,0.0,0.0
2013-12-09 00:00:00-05:00,48.3212517252373,48.61041908379251,48.092962927577744,48.557151794433594,9697700,0.0,0.0,0.0
2013-12-10 00:00:00-05:00,48.595199443568596,48.793051863629884,48.51910124244904,48.557151794433594,6791800,0.0,0.0,0.0
2013-12-11 00:00:00-05:00,48.557143179924054,48.557143179924054,47.438524496141646,47.50701141357422,13703100,0.0,0.0,0.0
2013-12-12 00:00:00-05:00,47.47657193860479,47.560278493208685,47.10370098081349,47.18740463256836,8008900,0.0,0.0,0.0
2013-12-13 00:00:00-05:00,47.40047067524209,47.925535038551864,47.26349685823108,47.37763977050781,5952900,0.0,0.0,0.0
2013-12-16 00:00:00-05:00,47.674416557117596,47.674416557117596,47.27871475616749,47.430908203125,6769100,0.0,0.0,0.0
2013-12-17 00:00:00-05:00,47.430924362600045,47.81140665819793,47.286339232449144,47.68204116821289,7415100,0.0,0.0,0.0
2013-12-18 00:00:00-05:00,47.71247959479849,48.63324603698569,47.19502344981654,48.519100189208984,20907600,0.0,0.0,0.0
2013-12-19 00:00:00-05:00,48.35929043025775,48.473436259400884,47.689640898506,47.925540924072266,12584500,0.0,0.0,0.0
2013-12-20 00:00:00-05:00,48.054903942556855,48.31363195963173,47.864662838909126,48.29841232299805,14497800,0.0,0.0,0.0
2013-12-23 00:00:00-05:00,48.604882262502045,48.666331056026195,48.3206889175522,48.36677551269531,8197500,0.589,0.0,0.0
2013-12-24 00:00:00-05:00,48.428226292198175,48.54344132673173,48.3053316227144,48.451271057128906,3641500,0.0,0.0,0.0
2013-12-26 00:00:00-05:00,48.643292264423394,48.80459096244831,48.32069193833363,48.505035400390625,4603100,0.0,0.0,0.0
2013-12-27 00:00:00-05:00,48.551112717218956,48.56647491455078,48.1747491377277,48.56647491455078,11549200,0.0,0.0,0.0
2013-12-30 00:00:00-05:00,48.55110743743187,48.720088659666175,48.47429938916495,48.60487365722656,3941800,0.0,0.0,0.0
2013-12-31 00:00:00-05:00,48.61256976144386,48.78923066569928,48.38214262241678,48.451271057128906,6767300,0.0,0.0,0.0
2014-01-02 00:00:00-05:00,48.4896695195842,48.558797946352165,48.08257859304407,48.374454498291016,10310500,0.0,0.0,0.0
2014-01-03 00:00:00-05:00,48.351418051673626,48.84299672787161,48.32837328682432,48.658653259277344,6368400,0.0,0.0,0.0
2014-01-06 00:00:00-05:00,48.75849222589764,49.058047713380375,48.59719356802835,48.85834503173828,7108000,0.0,0.0,0.0
2014-01-07 00:00:00-05:00,49.07341214982703,49.24239337819089,48.71240786379125,49.02732849121094,9676100,0.0,0.0,0.0
2014-01-08 00:00:00-05:00,48.88139114090676,49.10413860035156,48.59719782405203,48.95051956176758,9098800,0.0,0.0,0.0
2014-01-09 00:00:00-05:00,49.09646092721865,49.09646092721865,48.54343643528681,48.92748260498047,8012900,0.0,0.0,0.0
2014-01-10 00:00:00-05:00,49.38833874423338,49.69557098556461,49.173267971190405,49.51123046875,13050800,0.0,0.0,0.0
2014-01-13 00:00:00-05:00,49.54964113644837,49.54964113644837,49.04269735217752,49.188636779785156,8248200,0.0,0.0,0.0
2014-01-14 00:00:00-05:00,49.196309369135996,49.634121703106146,49.15790241384373,49.49586486816406,5319500,0.0,0.0,0.0
2014-01-15 00:00:00-05:00,49.488188725707445,49.88759415620436,49.480506161636534,49.726295471191406,7612600,0.0,0.0,0.0
2014-01-16 00:00:00-05:00,49.680212086783506,49.895277001345605,49.680212086783506,49.84151077270508,11237800,0.0,0.0,0.0
2014-01-17 00:00:00-05:00,49.910647811945076,49.933689646831574,49.549643438509705,49.68021774291992,8539200,0.0,0.0,0.0
2014-01-21 00:00:00-05:00,49.84919424607632,50.20251602074148,49.73397922257954,50.02585220336914,10145000,0.0,0.0,0.0
2014-01-22 00:00:00-05:00,50.11034357933305,50.40222242456725,50.0335355158797,50.15643310546875,8165500,0.0,0.0,0.0
2014-01-23 00:00:00-05:00,50.02584843874233,50.225554073769544,49.557311675839486,50.13338088989258,10437200,0.0,0.0,0.0
2014-01-24 00:00:00-05:00,49.97208826575989,49.97208826575989,49.33457604531943,49.396018981933594,13019600,0.0,0.0,0.0
2014-01-27 00:00:00-05:00,49.4574627538586,49.7186171832353,48.90443535995895,49.096458435058594,11158300,0.0,0.0,0.0
2014-01-28 00:00:00-05:00,49.196320543783166,49.68021664595521,49.173272849325485,49.595726013183594,7727800,0.0,0.0,0.0
2014-01-29 00:00:00-05:00,49.29615847971115,49.58803141111151,49.09645286344853,49.36528396606445,9226100,0.0,0.0,0.0
2014-01-30 00:00:00-05:00,49.534276962720526,50.13338809381239,49.534276962720526,49.964412689208984,9384200,0.0,0.0,0.0
2014-01-31 00:00:00-05:00,49.6034062561183,50.386857888688084,49.34993436966819,50.11802673339844,12207500,0.0,0.0,0.0
2014-02-03 00:00:00-05:00,50.14875752190653,50.19484119437757,49.204001215687455,49.38834762573242,16058300,0.0,0.0,0.0
2014-02-04 00:00:00-05:00,49.48819493497443,49.98745618079724,49.25776486457002,49.9029655456543,16129900,0.0,0.0,0.0
2014-02-05 00:00:00-05:00,49.69558064158319,49.956735129553174,49.60341329530714,49.887603759765625,12270400,0.0,0.0,0.0
2014-02-06 00:00:00-05:00,49.987466832482674,50.29470503846368,49.97210169913887,50.25629806518555,10567500,0.0,0.0,0.0
2014-02-07 00:00:00-05:00,50.48670202918063,50.663359950544084,50.22554763836384,50.594234466552734,10915400,0.0,0.0,0.0
2014-02-10 00:00:00-05:00,50.6633783184924,51.170322158534226,50.45599593125376,51.05510711669922,12611400,0.0,0.0,0.0
2014-02-11 00:00:00-05:00,51.15494243566086,51.45449794293555,50.916835714514,51.23175048828125,13250700,0.0,0.0,0.0
2014-02-12 00:00:00-05:00,51.393065666751035,51.393065666751035,51.0474205682152,51.26248550415039,6358300,0.0,0.0,0.0
2014-02-13 00:00:00-05:00,51.208713036616956,51.74638117108548,50.99364812686125,51.46218490600586,10486100,0.0,0.0,0.0
2014-02-14 00:00:00-05:00,51.46218096353122,51.77710160017574,51.439139133548224,51.66956329345703,6953700,0.0,0.0,0.0
2014-02-18 00:00:00-05:00,51.784783557844435,51.99984847294596,51.462186185192145,51.976806640625,12370800,0.0,0.0,0.0
2014-02-19 00:00:00-05:00,51.84623745111239,52.41462419123552,51.80783048674623,51.96145248413086,13736700,0.0,0.0,0.0
2014-02-20 00:00:00-05:00,51.892315971705855,52.29940396924521,51.654209224483836,51.8692741394043,7509200,0.0,0.0,0.0
2014-02-21 00:00:00-05:00,51.97680006915385,52.13809873508687,51.61579578155576,51.953758239746094,8399400,0.0,0.0,0.0
2014-02-24 00:00:00-05:00,52.015215765597205,52.499111844710846,52.00753320114407,52.03825759887695,11196700,0.0,0.0,0.0
2014-02-25 00:00:00-05:00,52.0536272484679,52.337823589113,51.92305292712319,52.061309814453125,6091200,0.0,0.0,0.0
2014-02-26 00:00:00-05:00,52.11506024533866,52.42998089430211,52.061294019915515,52.20723342895508,10265300,0.0,0.0,0.0
2014-02-27 00:00:00-05:00,52.153472900390625,52.42998662136512,51.930725410712306,52.153472900390625,5632900,0.0,0.0,0.0
2014-02-28 00:00:00-05:00,52.399249856911844,52.75257155919757,52.115053638515825,52.49909973144531,14613500,0.0,0.0,0.0
2014-03-03 00:00:00-05:00,52.19955125056797,52.583597395018955,52.099701362639195,52.537513732910156,11517800,0.0,0.0,0.0
2014-03-04 00:00:00-05:00,52.806348945090726,53.24416134921411,52.806348945090726,53.18271255493164,15107900,0.0,0.0,0.0
2014-03-05 00:00:00-05:00,53.18270810380664,53.251839456608366,52.69112951084863,53.113582611083984,12690500,0.0,0.0,0.0
2014-03-06 00:00:00-05:00,53.052130480783305,53.09053743659645,52.668084362966695,52.860107421875,8717000,0.0,0.0,0.0
2014-03-07 00:00:00-05:00,52.58361430436081,52.729553761407324,52.030586740901356,52.261016845703125,14545300,0.0,0.0,0.0
2014-03-10 00:00:00-04:00,52.168827244630016,52.33780848706056,51.83854732353734,52.06897735595703,11747500,0.0,0.0,0.0
2014-03-11 00:00:00-04:00,52.10738474202592,52.476071666368114,52.06898363870852,52.353179931640625,10502200,0.0,0.0,0.0
2014-03-12 00:00:00-04:00,52.13811144292831,52.49911581851553,52.13811144292831,52.46839141845703,6888400,0.0,0.0,0.0
2014-03-13 00:00:00-04:00,52.53751292032039,52.60663841241444,52.16114934540174,52.299400329589844,9383600,0.0,0.0,0.0
2014-03-14 00:00:00-04:00,52.16114601391704,52.59127578635208,52.122739058487355,52.314762115478516,8557400,0.0,0.0,0.0
2014-03-17 00:00:00-04:00,52.60663617274695,52.76025813765848,52.30708066626793,52.399253845214844,9020200,0.0,0.0,0.0
2014-03-18 00:00:00-04:00,52.429965658404015,52.691114145976755,52.29170885319569,52.62966537475586,10663100,0.0,0.0,0.0
2014-03-19 00:00:00-04:00,52.65273711822641,52.88316132547902,51.48523337185839,51.70029830932617,16403800,0.0,0.0,0.0
2014-03-20 00:00:00-04:00,51.58508391929954,51.792466270863756,51.193355188478854,51.76942443847656,15716900,0.0,0.0,0.0
2014-03-21 00:00:00-04:00,51.9076774366006,52.34548979967011,51.8615879151708,52.19186782836914,18908000,0.0,0.0,0.0
2014-03-24 00:00:00-04:00,52.606642552356035,52.606642552356035,51.59276090130155,51.884639739990234,10919300,0.0,0.0,0.0
2014-03-25 00:00:00-04:00,52.2179425548927,52.318942245470616,51.89163039066276,52.264556884765625,10306800,0.769,0.0,0.0
2014-03-26 00:00:00-04:00,52.140242530865706,52.33447678081601,51.65853945706773,51.681846618652344,10498200,0.0,0.0,0.0
2014-03-27 00:00:00-04:00,51.666309966199634,51.97708594850057,51.472075718206405,51.93046569824219,8288600,0.0,0.0,0.0
2014-03-28 00:00:00-04:00,52.09363140690318,52.451021737452955,52.02370399029601,52.27232360839844,8326600,0.0,0.0,0.0
2014-03-31 00:00:00-04:00,52.55202928979243,52.75403461211482,52.11694637484588,52.57533645629883,8762400,0.0,0.0,0.0
2014-04-01 00:00:00-04:00,52.74624870753994,52.91717578380294,52.303394886112386,52.90940475463867,15963700,0.0,0.0,0.0
2014-04-02 00:00:00-04:00,52.738480991014264,52.97156446011501,52.62971028611628,52.917179107666016,10488700,0.0,0.0,0.0
2014-04-03 00:00:00-04:00,52.90941272480615,52.98710524547683,52.60640774489895,52.73072052001953,10216600,0.0,0.0,0.0
2014-04-04 00:00:00-04:00,53.00265856751458,53.251278243020096,52.746267860023096,52.94050216674805,12050300,0.0,0.0,0.0
2014-04-07 00:00:00-04:00,52.769568198324066,53.37557820845883,52.76180309490378,52.99488067626953,15098800,0.0,0.0,0.0
2014-04-08 00:00:00-04:00,52.95603428736774,53.35226793084371,52.86279970372424,53.29011154174805,8741500,0.0,0.0,0.0
2014-04-09 00:00:00-04:00,53.42220123394454,53.43773736914972,52.93272702535892,53.25127410888672,7283500,0.0,0.0,0.0
2014-04-10 00:00:00-04:00,53.29788639429874,53.523198875258196,52.64526204467269,52.777339935302734,8403900,0.0,0.0,0.0
2014-04-11 00:00:00-04:00,52.66856998959153,52.92496067112073,52.37333600718702,52.45879364013672,9716100,0.0,0.0,0.0
2014-04-14 00:00:00-04:00,52.59863359741364,52.80063888123347,52.35001398946578,52.653018951416016,10463400,0.0,0.0,0.0
2014-04-15 00:00:00-04:00,52.738485521530755,53.259037856899454,52.68410016440977,53.21241760253906,10085800,0.0,0.0,0.0
2014-04-16 00:00:00-04:00,53.36003299588361,53.60865259691186,53.212413070174726,53.53096008300781,9370800,0.0,0.0,0.0
2014-04-17 00:00:00-04:00,53.37557552702743,53.51542443984523,53.12695589619129,53.38334655761719,16927900,0.0,0.0,0.0
2014-04-21 00:00:00-04:00,53.46880512244778,53.6086540222168,53.29010700091443,53.6086540222168,8530200,0.0,0.0,0.0
2014-04-22 00:00:00-04:00,53.569813765315466,53.84951161166069,53.32119411607082,53.78736114501953,6935500,0.0,0.0,0.0
2014-04-23 00:00:00-04:00,53.76405166083249,53.841750122580024,53.46104662821038,53.624202728271484,4599600,0.0,0.0,0.0
2014-04-24 00:00:00-04:00,53.68634522800075,53.849501285823024,53.56980349311087,53.802886962890625,6275800,0.0,0.0,0.0
2014-04-25 00:00:00-04:00,53.60866115904219,53.810666469503154,53.468812240655346,53.616432189941406,5370400,0.0,0.0,0.0
2014-04-28 00:00:00-04:00,53.69411669846293,53.97381449347119,53.44549709485103,53.896121978759766,10062200,0.0,0.0,0.0
2014-04-29 00:00:00-04:00,53.77959180250167,54.12144605378207,53.77959180250167,53.92721176147461,4539100,0.0,0.0,0.0
2014-04-30 00:00:00-04:00,53.83396570987355,54.19135602034943,53.81065854816671,54.16804885864258,6472600,0.0,0.0,0.0
2014-05-01 00:00:00-04:00,54.16805018960179,54.618675085536275,53.87281032723689,54.58759689331055,16973700,0.0,0.0,0.0
2014-05-02 00:00:00-04:00,54.34675314844552,54.789607102137936,54.292367783169624,54.564300537109375,9439500,0.0,0.0,0.0
2014-05-05 00:00:00-04:00,54.35452283638273,54.76629858151622,54.1602885469756,54.7585334777832,12375000,0.0,0.0,0.0
2014-05-06 00:00:00-04:00,54.70414231049296,54.70414231049296,54.35451707011452,54.556522369384766,7561800,0.0,0.0,0.0
2014-05-07 00:00:00-04:00,54.673072278922106,55.22469697336945,54.60314484938239,55.19361877441406,16037200,0.0,0.0,0.0
2014-05-08 00:00:00-04:00,55.17031174661772,55.45000961036324,55.00715564735957,55.22469711303711,8538700,0.0,0.0,0.0
2014-05-09 00:00:00-04:00,55.13145158211123,55.372300167408405,54.929446292232754,55.216915130615234,5697000,0.0,0.0,0.0
2014-05-12 00:00:00-04:00,55.26353052957072,55.44222866015715,55.19360903992341,55.333457946777344,5852900,0.0,0.0,0.0
2014-05-13 00:00:00-04:00,55.17806227146655,55.729692749116644,54.968291892863476,55.00714111328125,9089000,0.0,0.0,0.0
2014-05-14 00:00:00-04:00,55.12368245330723,55.30238058658624,54.8672977265113,55.146995544433594,8881100,0.0,0.0,0.0
2014-05-15 00:00:00-04:00,55.13923172058058,55.147002751971684,54.610914209628994,55.053768157958984,19027700,0.0,0.0,0.0
2014-05-16 00:00:00-04:00,55.069295152641345,55.47330573207749,54.867295790482466,55.457763671875,12725700,0.0,0.0,0.0
2014-05-19 00:00:00-04:00,55.38008996710786,55.39563203259026,55.01492848656713,55.25578308105469,7203000,0.0,0.0,0.0
2014-05-20 00:00:00-04:00,55.27908078893418,55.45777301846446,54.929455506164196,55.08484649658203,4401400,0.0,0.0,0.0
2014-05-21 00:00:00-04:00,55.12367518983912,55.2790661390758,54.7585197961398,54.86729049682617,6551900,0.0,0.0,0.0
2014-05-22 00:00:00-04:00,54.89060995034152,55.05376603791068,54.727453862772364,54.820682525634766,6768400,0.0,0.0,0.0
2014-05-23 00:00:00-04:00,54.8828368794158,55.24022723807842,54.867300745369484,55.23245620727539,5231400,0.0,0.0,0.0
2014-05-27 00:00:00-04:00,55.20138430011086,55.6053889911137,55.19361326925703,55.5665397644043,7870600,0.0,0.0,0.0
2014-05-28 00:00:00-04:00,55.45000301971525,55.45000301971525,55.01491421251335,55.34123229980469,7279400,0.0,0.0,0.0
2014-05-29 00:00:00-04:00,55.46553724406925,55.46553724406925,55.21691761746737,55.41115188598633,4650500,0.0,0.0,0.0
2014-05-30 00:00:00-04:00,55.333459452997054,55.74523515450935,55.32568842252716,55.68307876586914,11869100,0.0,0.0,0.0
2014-06-02 00:00:00-04:00,55.68309013011592,55.89286650269958,55.558783255025446,55.784095764160156,8329500,0.0,0.0,0.0
2014-06-03 00:00:00-04:00,55.698620971071634,55.75300632938281,55.535464896138116,55.71415710449219,4321300,0.0,0.0,0.0
2014-06-04 00:00:00-04:00,55.72970375757367,55.9083959806519,55.51215637884368,55.76854705810547,14897800,0.0,0.0,0.0
2014-06-05 00:00:00-04:00,55.74522750770292,56.70086258738935,55.69084215699287,56.63870620727539,19628800,0.0,0.0,0.0
2014-06-06 00:00:00-04:00,56.81740496889288,56.84071805980376,56.390093143142856,56.52217102050781,7067900,0.0,0.0,0.0
2014-06-09 00:00:00-04:00,56.436714686166184,56.66979820460365,55.85401181763262,55.916168212890625,8543900,0.0,0.0,0.0
2014-06-10 00:00:00-04:00,55.78408742172583,55.962779639362836,55.38007680108949,55.62869644165039,14633400,0.0,0.0,0.0
2014-06-11 00:00:00-04:00,55.49661975241168,55.62092661159598,55.15476551642499,55.403385162353516,11071200,0.0,0.0,0.0
2014-06-12 00:00:00-04:00,55.32569030099762,55.41115385638978,54.85952922548747,55.24022674560547,11311100,0.0,0.0,0.0
2014-06-13 00:00:00-04:00,55.348987728061054,55.44222229778414,54.859519574021746,55.38006591796875,5871800,0.0,0.0,0.0
2014-06-16 00:00:00-04:00,55.28685295085928,55.496623382762536,55.00715508994806,55.10038375854492,11354100,0.0,0.0,0.0
2014-06-17 00:00:00-04:00,55.00713254525703,55.25575210555238,54.859512643733645,55.16251754760742,5946000,0.0,0.0,0.0
2014-06-18 00:00:00-04:00,55.115918361786626,55.62869375234655,54.93722022522877,55.50438690185547,12276900,0.0,0.0,0.0
2014-06-19 00:00:00-04:00,55.535467996437504,55.93170166015625,55.4577695423187,55.93170166015625,8030000,0.0,0.0,0.0
2014-06-20 00:00:00-04:00,55.706402999080865,56.16479909631319,55.61317431511322,56.12594985961914,9347500,0.0,0.0,0.0
2014-06-23 00:00:00-04:00,56.12594769706683,56.320182017930556,55.962791578848616,55.99386978149414,7420400,0.0,0.0,0.0
2014-06-24 00:00:00-04:00,55.98052590292751,56.21557599847967,55.86300683272368,56.01970291137695,6881800,0.603,0.0,0.0
2014-06-25 00:00:00-04:00,56.011866314172615,56.12939136194869,55.847333638315,56.01970291137695,7041800,0.0,0.0,0.0
2014-06-26 00:00:00-04:00,55.96488310941333,56.05890438417993,55.8003503617529,55.95704650878906,5258500,0.0,0.0,0.0
2014-06-27 00:00:00-04:00,55.83168373810222,56.333118518403225,55.83168373810222,56.293941497802734,6817900,0.0,0.0,0.0
2014-06-30 00:00:00-04:00,56.348784866777436,56.466309949183355,55.87869051472776,56.24693298339844,8877300,0.0,0.0,0.0
2014-07-01 00:00:00-04:00,56.19991438855851,56.55248358948939,56.09021994947061,56.3879508972168,7629500,0.0,0.0,0.0
2014-07-02 00:00:00-04:00,56.39579285457383,56.41146007446221,56.01971382394512,56.32527542114258,8719400,0.0,0.0,0.0
2014-07-03 00:00:00-04:00,56.019725716080764,56.168591235702635,55.80034872563253,56.058902740478516,5647500,0.0,0.0,0.0
2014-07-07 00:00:00-04:00,56.004039112314345,56.24691984232095,55.9805293192666,56.11372756958008,9888700,0.0,0.0,0.0
2014-07-08 00:00:00-04:00,56.035381118661796,56.434963968443384,56.01187730001113,56.28609848022461,9211300,0.0,0.0,0.0
2014-07-09 00:00:00-04:00,56.24692436264619,56.49764171048446,56.03537805122364,56.41145706176758,6034300,0.0,0.0,0.0
2014-07-10 00:00:00-04:00,56.1529073006954,56.75619988667698,56.082395843348046,56.59166717529297,9408700,0.0,0.0,0.0
2014-07-11 00:00:00-04:00,56.5681594631794,56.68568454066272,56.38795952493554,56.63084030151367,4181600,0.0,0.0,0.0
2014-07-14 00:00:00-04:00,56.69351591950765,56.91289285590362,56.52898321721066,56.88938903808594,11197000,0.0,0.0,0.0
2014-07-15 00:00:00-04:00,56.81885878121081,57.00690123645143,56.615155087724574,56.87370300292969,5842900,0.0,0.0,0.0
2014-07-16 00:00:00-04:00,57.006918055934214,57.108769932727995,56.74052748786597,57.08526611328125,14368800,0.0,0.0,0.0
2014-07-17 00:00:00-04:00,57.02258468151379,57.05392509964038,56.67784605969482,56.74836349487305,7140300,0.0,0.0,0.0
2014-07-18 00:00:00-04:00,56.90506678513999,57.30464969468488,56.75620725223055,57.24980545043945,9755300,0.0,0.0,0.0
2014-07-21 00:00:00-04:00,57.16361417062828,57.19495458908182,56.95207381803393,57.08526611328125,4800800,0.0,0.0,0.0
2014-07-22 00:00:00-04:00,57.26545561859976,57.42999427990949,57.19494417310061,57.3281364440918,7678700,0.0,0.0,0.0
2014-07-23 00:00:00-04:00,57.38299284639117,57.508354523971995,57.24980054714188,57.45351028442383,5012100,0.0,0.0,0.0
2014-07-24 00:00:00-04:00,57.57102845303549,57.594532270367495,57.147941808340114,57.30463790893555,7350400,0.0,0.0,0.0
2014-07-25 00:00:00-04:00,57.30464635784036,57.36732719834933,56.92857326993447,56.98341751098633,7043100,0.0,0.0,0.0
2014-07-28 00:00:00-04:00,57.00690767419702,57.47700191024225,56.99907107661739,57.3281364440918,7385900,0.0,0.0,0.0
2014-07-29 00:00:00-04:00,57.35947727624124,57.38298109157949,57.02257530872383,57.06175231933594,5042400,0.0,0.0,0.0
2014-07-30 00:00:00-04:00,56.87371016644934,57.41432183260805,56.70134686045989,57.00690841674805,10712100,0.0,0.0,0.0
2014-07-31 00:00:00-04:00,56.61517317019167,56.89723096556792,56.18424987792969,56.18424987792969,15782800,0.0,0.0,0.0
2014-08-01 00:00:00-04:00,56.09805826046277,56.615166147029456,56.035377429805045,56.074554443359375,14631500,0.0,0.0,0.0
2014-08-04 00:00:00-04:00,56.066718466900056,56.53681872447325,55.86301473136296,56.41145706176758,8981900,0.0,0.0,0.0
2014-08-05 00:00:00-04:00,56.21559198958485,56.39579791111257,55.7846686843494,55.910030364990234,15723600,0.0,0.0,0.0
2014-08-06 00:00:00-04:00,55.54177329951426,56.2390810264456,55.50259629021919,56.01186752319336,9586500,0.0,0.0,0.0
2014-08-07 00:00:00-04:00,56.16074526015038,56.372285614890764,55.99621254478037,56.09806442260742,6944400,0.0,0.0,0.0
2014-08-08 00:00:00-04:00,56.32527175443591,56.54464868403257,56.0353773959986,56.52114486694336,6750200,0.0,0.0,0.0
2014-08-11 00:00:00-04:00,56.60733919820681,56.99124889067461,56.54465835686438,56.83455276489258,9721300,0.0,0.0,0.0
2014-08-12 00:00:00-04:00,56.77969425433729,56.928559720722056,56.58382115754577,56.670005798339844,3882900,0.0,0.0,0.0
2014-08-13 00:00:00-04:00,56.764031026821435,57.375160217285156,56.764031026821435,57.375160217285156,5739400,0.0,0.0,0.0
2014-08-14 00:00:00-04:00,57.35165665579516,57.58670682980364,57.249804768431076,57.359493255615234,6522600,0.0,0.0,0.0
2014-08-15 00:00:00-04:00,57.55535841812086,57.68072008754216,57.21845640351786,57.414329528808594,9707600,0.0,0.0,0.0
2014-08-18 00:00:00-04:00,57.6493804054024,57.94710540771484,57.57103234980159,57.947105407714844,15038000,0.0,0.0,0.0
2014-08-19 00:00:00-04:00,58.07245649692417,58.15864113565276,57.88441402465867,57.994102478027344,7827000,0.0,0.0,0.0
2014-08-20 00:00:00-04:00,58.041128463836166,58.33885347539646,57.727730254124786,58.27617263793945,15038100,0.0,0.0,0.0
2014-08-21 00:00:00-04:00,58.35451936326035,58.51905205779313,58.22132110595703,58.22132110595703,4645100,0.0,0.0,0.0
2014-08-22 00:00:00-04:00,58.29184976448388,58.29184976448388,57.67288990242384,57.829586029052734,8299600,0.0,0.0,0.0
2014-08-25 00:00:00-04:00,58.07247810661458,58.127322353707335,57.56320668213923,57.806087493896484,7306100,0.0,0.0,0.0
2014-08-26 00:00:00-04:00,57.806087493896484,58.00196065888126,57.74340664648344,57.806087493896484,3133800,0.0,0.0,0.0
2014-08-27 00:00:00-04:00,57.9314449441153,58.04113343026399,57.766912214892265,57.90010452270508,2845500,0.0,0.0,0.0
2014-08-28 00:00:00-04:00,57.89226062812761,57.98628188051094,57.696387502175746,57.845252990722656,4091100,0.0,0.0,0.0
2014-08-29 00:00:00-04:00,57.96275712443101,58.1351203918457,57.82172828558533,58.1351203918457,6178900,0.0,0.0,0.0
2014-09-02 00:00:00-04:00,58.017625314051635,58.237002270110416,57.97844829579525,58.16648483276367,5386100,0.0,0.0,0.0
2014-09-03 00:00:00-04:00,58.158647977028686,58.34668449384109,58.04112291243102,58.182151794433594,8656900,0.0,0.0,0.0
2014-09-04 00:00:00-04:00,58.174319679750724,58.401533228131974,57.86092147586025,58.07246780395508,10887000,0.0,0.0,0.0
2014-09-05 00:00:00-04:00,58.17432392877723,58.66792210109476,58.06463544604,58.620914459228516,13249500,0.0,0.0,0.0
2014-09-08 00:00:00-04:00,58.62875052397308,58.72276580684805,58.3858637622069,58.51906204223633,8470200,0.0,0.0,0.0
2014-09-09 00:00:00-04:00,58.36234641645093,58.51121188326975,58.09596187327257,58.205650329589844,7008100,0.0,0.0,0.0
2014-09-10 00:00:00-04:00,57.99411642111912,58.033293439986565,57.34382214196581,57.39866638183594,14574000,0.0,0.0,0.0
2014-09-11 00:00:00-04:00,57.359488767492216,57.56319850385525,57.18711945038302,57.46917724609375,6952900,0.0,0.0,0.0
2014-09-12 00:00:00-04:00,57.093098443905546,57.16360989697423,55.51827690540013,55.816001892089844,26111300,0.0,0.0,0.0
2014-09-15 00:00:00-04:00,55.847348687517496,56.066725647776565,55.361587126250676,55.58879470825195,10270100,0.0,0.0,0.0
2014-09-16 00:00:00-04:00,55.59663551396676,56.17641837817076,55.56529509190515,56.00405502319336,12545200,0.0,0.0,0.0
2014-09-17 00:00:00-04:00,56.2077358941212,56.48979360015554,55.917847568943365,55.9648551940918,18717900,0.0,0.0,0.0
2014-09-18 00:00:00-04:00,56.08240707156852,56.13725131967685,55.45561054098064,55.55746841430664,14133700,0.0,0.0,0.0
2014-09-19 00:00:00-04:00,55.69848318838149,55.847348687517496,55.43209858737372,55.58879470825195,12906500,0.0,0.0,0.0
2014-09-22 00:00:00-04:00,55.53394968459088,55.54962288300187,55.09519577026367,55.09519577026367,16170500,0.0,0.0,0.0
2014-09-23 00:00:00-04:00,55.071674546171444,55.3458956559651,54.758276430305024,54.78178024291992,8117200,0.0,0.0,0.0
2014-09-24 00:00:00-04:00,54.75808106109287,55.27198281024243,54.55251915504843,54.72645568847656,14179000,0.63,0.0,0.0
2014-09-25 00:00:00-04:00,54.73435826259813,54.765977600242906,54.244174082189346,54.457637786865234,13587200,0.0,0.0,0.0
2014-09-26 00:00:00-04:00,54.37858320264959,55.12967223848519,54.22836418909784,55.05851364135742,11235300,0.0,0.0,0.0
2014-09-29 00:00:00-04:00,54.59994876583827,55.04269790649414,54.465545469533126,55.04269790649414,10652300,0.0,0.0,0.0
2014-09-30 00:00:00-04:00,55.00316245600967,55.129663928758895,54.63157191971159,54.71063232421875,13406000,0.0,0.0,0.0
2014-10-01 00:00:00-04:00,54.69482875233838,55.06641933005372,54.50508255398777,54.74226379394531,15034400,0.0,0.0,0.0
2014-10-02 00:00:00-04:00,54.663204176707545,54.99526153663773,54.28371177447962,54.655296325683594,11962700,0.0,0.0,0.0
2014-10-03 00:00:00-04:00,54.75807178312502,55.12966230850208,54.576227429372956,55.026878356933594,6240600,0.0,0.0,0.0
2014-10-06 00:00:00-04:00,55.018982712173184,55.39848117153055,54.97945551827397,55.09804916381836,11312400,0.0,0.0,0.0
2014-10-07 00:00:00-04:00,55.026873072027826,55.30358746905509,54.734349008851055,54.77387619018555,9329100,0.0,0.0,0.0
2014-10-08 00:00:00-04:00,54.76598010168487,55.83331676958249,54.76598010168487,55.817501068115234,13191700,0.0,0.0,0.0
2014-10-09 00:00:00-04:00,55.66729654054971,56.39466208839446,55.66729654054971,55.74635696411133,18339100,0.0,0.0,0.0
2014-10-10 00:00:00-04:00,55.888661305560724,56.40255701183699,55.643566180987705,55.66728973388672,11216900,0.0,0.0,0.0
2014-10-13 00:00:00-04:00,55.77006079513603,56.20489603392457,55.524971732693004,55.57240676879883,10469700,0.0,0.0,0.0
2014-10-14 00:00:00-04:00,55.936096722012124,56.81368119554028,55.81750308441478,56.410465240478516,15145100,0.0,0.0,0.0
2014-10-15 00:00:00-04:00,56.26025857534578,56.61603349613464,55.524985178048304,56.01516342163086,16837100,0.0,0.0,0.0
2014-10-16 00:00:00-04:00,55.746345354817194,56.39465034408945,55.430097694506294,56.16537094116211,19074200,0.0,0.0,0.0
2014-10-17 00:00:00-04:00,56.75833294303024,56.75833294303024,55.96771680959662,56.44999313354492,10453600,0.0,0.0,0.0
2014-10-20 00:00:00-04:00,56.43418237558065,57.2643318011605,56.35512196169755,57.25642395019531,12469500,0.0,0.0,0.0
2014-10-21 00:00:00-04:00,57.43825446168652,57.88099749806448,57.19315939633031,57.801937103271484,8566600,0.0,0.0,0.0
2014-10-22 00:00:00-04:00,57.857281527274544,58.213056329300905,57.730780066691715,57.778221130371094,20312600,0.0,0.0,0.0
2014-10-23 00:00:00-04:00,57.92845139099913,58.35538490020355,57.83358129912489,58.21307373046875,7534300,0.0,0.0,0.0
2014-10-24 00:00:00-04:00,58.19726791860931,58.434455227871396,57.881020183567806,58.23680114746094,6597300,0.0,0.0,0.0
2014-10-27 00:00:00-04:00,58.17353801598851,58.6004714626637,58.11819512652632,58.58465576171875,9239800,0.0,0.0,0.0
2014-10-28 00:00:00-04:00,58.37119650708952,58.782314284181176,58.14982493235378,58.77440643310547,5225400,0.0,0.0,0.0
2014-10-29 00:00:00-04:00,58.647905086940106,58.75068301291281,57.91263184072297,58.33956527709961,17115000,0.0,0.0,0.0
2014-10-30 00:00:00-04:00,58.15772372281971,58.900904855235254,58.15772372281971,58.83765411376953,9237500,0.0,0.0,0.0
2014-10-31 00:00:00-04:00,59.003671261234004,59.43060463485249,58.92461086580573,59.280391693115234,11739400,0.0,0.0,0.0
2014-11-03 00:00:00-05:00,59.28039608182086,59.77057418891842,59.23295501551448,59.738948822021484,12949400,0.0,0.0,0.0
2014-11-04 00:00:00-05:00,59.73104778250298,59.84963537000916,59.248771486904374,59.81010818481445,9954600,0.0,0.0,0.0
2014-11-05 00:00:00-05:00,59.88126073731815,60.07101294117213,59.44642550864407,59.81010818481445,15315300,0.0,0.0,0.0
2014-11-06 00:00:00-05:00,59.77849285326078,60.086832696385756,59.40690226489913,59.55712127685547,9263600,0.0,0.0,0.0
2014-11-07 00:00:00-05:00,59.636187018127735,59.73106314445547,59.225069201221416,59.50968551635742,11903100,0.0,0.0,0.0
2014-11-10 00:00:00-05:00,59.09855400977604,59.833827230706326,59.09855400977604,59.77848434448242,5578800,0.0,0.0,0.0
2014-11-11 00:00:00-05:00,59.80221719291864,59.98406159822578,59.36737580974314,59.62828063964844,4006400,0.0,0.0,0.0
2014-11-12 00:00:00-05:00,59.62826702344577,59.667800242679256,59.153898552255804,59.31992721557617,6982900,0.0,0.0,0.0
2014-11-13 00:00:00-05:00,59.4543373078651,59.73895962950709,59.35946722193315,59.55712127685547,4929900,0.0,0.0,0.0
2014-11-14 00:00:00-05:00,59.56501636871941,59.67570817634346,59.07483822830416,59.19343185424805,10126800,0.0,0.0,0.0
2014-11-17 00:00:00-05:00,59.145986136762446,59.501766986635275,59.145986136762446,59.414798736572266,5108100,0.0,0.0,0.0
2014-11-18 00:00:00-05:00,59.47805319577726,59.80220266747369,59.34364387149114,59.699424743652344,8649400,0.0,0.0,0.0
2014-11-19 00:00:00-05:00,59.659907753937176,59.72315850822788,59.29622496465152,59.327850341796875,6087700,0.0,0.0,0.0
2014-11-20 00:00:00-05:00,59.16970285844751,59.493858337402344,58.98786454306656,59.493858337402344,5225700,0.0,0.0,0.0
2014-11-21 00:00:00-05:00,59.99985968162109,59.99985968162109,59.69942771340593,59.928707122802734,11642100,0.0,0.0,0.0
2014-11-24 00:00:00-05:00,60.13427124848727,60.260772746342624,59.99196007936171,60.10264587402344,6410800,0.0,0.0,0.0
2014-11-25 00:00:00-05:00,60.213337675202254,60.387268186794856,60.01568360882923,60.268680572509766,5977200,0.0,0.0,0.0
2014-11-26 00:00:00-05:00,60.3872626340526,60.75885320977306,60.29239255134804,60.71932601928711,24093400,0.0,0.0,0.0
2014-11-28 00:00:00-05:00,60.608637061282465,61.44668825154621,60.577011691395946,60.893253326416016,6364800,0.0,0.0,0.0
2014-12-01 00:00:00-05:00,60.79838793338519,61.14625496509602,60.32401941238098,60.6718864440918,6441100,0.0,0.0,0.0
2014-12-02 00:00:00-05:00,60.54539547997139,60.95651328683916,60.22123991354279,60.88536071777344,8923600,0.0,0.0,0.0
2014-12-03 00:00:00-05:00,60.90117347721461,60.98814175398707,60.67980187522063,60.830020904541016,6650400,0.0,0.0,0.0
2014-12-04 00:00:00-05:00,60.94069668294305,60.980223872841854,60.50585537059681,60.92488098144531,11707200,0.0,0.0,0.0
2014-12-05 00:00:00-05:00,60.584911398200575,60.75094006037584,60.19751118645829,60.60863494873047,18115200,0.0,0.0,0.0
2014-12-08 00:00:00-05:00,60.58490747319233,61.20949489439084,60.43469452110192,60.877437591552734,13087400,0.0,0.0,0.0
2014-12-09 00:00:00-05:00,60.592827393037055,61.20950708741475,60.44260837910085,61.083011627197266,8587200,0.0,0.0,0.0
2014-12-10 00:00:00-05:00,60.86164773378992,61.1778894402318,60.68771117609255,60.94070816040039,8776700,0.0,0.0,0.0
2014-12-11 00:00:00-05:00,60.916987551025635,61.24904494512994,60.916987551025635,60.99604797363281,11043400,0.0,0.0,0.0
2014-12-12 00:00:00-05:00,60.893258885800236,61.162071538416185,60.4267982092133,60.44260787963867,12861800,0.0,0.0,0.0
2014-12-15 00:00:00-05:00,60.57701917327678,60.76676538410893,59.636183906698456,59.73106002807617,10420800,0.0,0.0,0.0
2014-12-16 00:00:00-05:00,59.810115158802695,60.0631120948526,59.23296269397988,59.4543342590332,14201200,0.0,0.0,0.0
2014-12-17 00:00:00-05:00,59.6598888662829,60.79837795538694,59.57292061464734,60.782562255859375,18752800,0.0,0.0,0.0
2014-12-18 00:00:00-05:00,61.04347598300901,61.32809829711914,60.798386891606405,61.32809829711914,14002900,0.0,0.0,0.0
2014-12-19 00:00:00-05:00,61.233212277088455,61.65224386147065,61.13043435936561,61.45458984375,9311400,0.0,0.0,0.0
2014-12-22 00:00:00-05:00,61.4308870069764,62.46659851074219,61.391359809258354,62.46659851074219,15917300,0.0,0.0,0.0
2014-12-23 00:00:00-05:00,62.47448671031998,62.561454971032234,62.023835737503134,62.15033721923828,9392600,0.0,0.0,0.0
2014-12-24 00:00:00-05:00,62.286144131757474,62.517810651445586,61.85476572558546,61.894710540771484,4057500,0.81,0.0,0.0
2014-12-26 00:00:00-05:00,62.030513280019015,62.28614425142061,62.01453291602467,62.134361267089844,2903000,0.0,0.0,0.0
2014-12-29 00:00:00-05:00,62.07046231351779,62.66161398506589,61.89472094344242,62.405982971191406,3913300,0.0,0.0,0.0
2014-12-30 00:00:00-05:00,62.22222793692195,62.63763202759829,62.17429903981407,62.34205627441406,7674500,0.0,0.0,0.0
2014-12-31 00:00:00-05:00,62.51781006156375,62.80539566296493,61.319538753966484,61.38344192504883,9269300,0.0,0.0,0.0
2015-01-02 00:00:00-05:00,61.886722079841824,62.26218141202869,61.57517201584066,62.14235305786133,12872400,0.0,0.0,0.0
2015-01-05 00:00:00-05:00,61.98256906991563,62.48584685063954,61.86274683138346,62.35004425048828,17764500,0.0,0.0,0.0
2015-01-06 00:00:00-05:00,62.49385836181706,63.053049314903916,62.429949082971625,62.8054084777832,12123800,0.0,0.0,0.0
2015-01-07 00:00:00-05:00,62.82936656137561,63.75602663175337,62.701548016648374,63.62022399902344,10974600,0.0,0.0,0.0
2015-01-08 00:00:00-05:00,63.7799862910705,64.1234909858002,63.48441659437223,63.979698181152344,10114600,0.0,0.0,0.0
2015-01-09 00:00:00-05:00,64.02763419080227,64.25131053607224,63.596255770043044,64.00366973876953,7466600,0.0,0.0,0.0
2015-01-12 00:00:00-05:00,64.09953257461333,64.41108266492232,63.90781084859022,64.35516357421875,7158000,0.0,0.0,0.0
2015-01-13 00:00:00-05:00,64.45103729928891,64.73063279538394,63.81994683968887,64.18741607666016,12015700,0.0,0.0,0.0
2015-01-14 00:00:00-05:00,63.891828532252354,64.6267668017335,63.76401000118276,64.61078643798828,10170100,0.0,0.0,0.0
2015-01-15 00:00:00-05:00,64.84243931525592,64.89037430168567,64.37112229420254,64.69864654541016,12157200,0.0,0.0,0.0
2015-01-16 00:00:00-05:00,64.62676260916442,65.33773638162735,64.49095999975523,65.24986267089844,12006100,0.0,0.0,0.0
2015-01-20 00:00:00-05:00,65.42562643812282,65.55343889811007,64.55487929464277,64.73861694335938,14678600,0.0,0.0,0.0
2015-01-21 00:00:00-05:00,64.69066570172248,64.74658477642463,64.41905441408205,64.64273071289062,6809800,0.0,0.0,0.0
2015-01-22 00:00:00-05:00,64.91435323573056,65.9528513877568,64.82647951817225,65.90492248535156,10640200,0.0,0.0,0.0
2015-01-23 00:00:00-05:00,65.86495414508447,66.11260094007956,65.62530362393167,65.76909637451172,5036800,0.0,0.0,0.0
2015-01-26 00:00:00-05:00,65.80107355233991,66.43216383540036,65.60934575602987,66.41618347167969,8672500,0.0,0.0,0.0
2015-01-27 00:00:00-05:00,66.17653273944872,66.56797245449431,66.06469456221386,66.32831573486328,4193200,0.0,0.0,0.0
2015-01-28 00:00:00-05:00,66.472096866207,66.7357179925289,65.84100663715873,65.85698699951172,12341600,0.0,0.0,0.0
2015-01-29 00:00:00-05:00,66.0886699212735,66.0886699212735,65.35372543843802,65.96884155273438,6878100,0.0,0.0,0.0
2015-01-30 00:00:00-05:00,65.96084126909469,65.96084126909469,64.84245349185969,64.89038848876953,10085200,0.0,0.0,0.0
2015-02-02 00:00:00-05:00,64.91433705501304,64.92232114027505,63.55629290971793,64.68267059326172,24404900,0.0,0.0,0.0
2015-02-03 00:00:00-05:00,64.48297466140049,65.34573147077853,64.33918185983748,65.28182220458984,9988800,0.0,0.0,0.0
2015-02-04 00:00:00-05:00,65.09807960663987,65.34572647049019,64.75457494556467,65.09009552001953,7781900,0.0,0.0,0.0
2015-02-05 00:00:00-05:00,65.15398057130562,65.83300561804083,65.0501326216115,65.76909637451172,10348300,0.0,0.0,0.0
2015-02-06 00:00:00-05:00,65.58537391006806,65.60933835822394,63.787967161709005,64.03561401367188,16536500,0.0,0.0,0.0
2015-02-09 00:00:00-05:00,63.955731999748885,64.34717168192311,63.708091213056534,63.7320556640625,8727900,0.0,0.0,0.0
2015-02-10 00:00:00-05:00,63.77999061727824,64.07556642874869,63.26872863156758,63.95573806762695,9174000,0.0,0.0,0.0
2015-02-11 00:00:00-05:00,63.9637200114563,64.25130560321658,63.38055864629719,63.81992721557617,7335800,0.0,0.0,0.0
2015-02-12 00:00:00-05:00,64.30723845774175,64.55487928906854,63.748047517738,64.50695037841797,9485200,0.0,0.0,0.0
2015-02-13 00:00:00-05:00,64.53889844389738,64.70665570881268,63.82792456627967,64.15544891357422,8445900,0.0,0.0,0.0
2015-02-17 00:00:00-05:00,63.97172164916992,64.69068575732291,63.875857736508216,63.97172164916992,12515100,0.0,0.0,0.0
2015-02-18 00:00:00-05:00,64.12347586584671,64.60278916480233,63.57227532360258,64.5149154663086,14340800,0.0,0.0,0.0
2015-02-19 00:00:00-05:00,63.97171937661341,64.42706227981387,63.19683620394933,63.28470993041992,12481500,0.0,0.0,0.0
2015-02-20 00:00:00-05:00,63.66015530830413,64.02762440432703,63.21279659141862,63.86785125732422,11002900,0.0,0.0,0.0
2015-02-23 00:00:00-05:00,64.11550094519248,64.4030865277855,63.827915362599455,64.37113189697266,13375200,0.0,0.0,0.0
2015-02-24 00:00:00-05:00,63.9717188543569,64.01165757851147,62.93321451075927,63.156890869140625,20628500,0.0,0.0,0.0
2015-02-25 00:00:00-05:00,63.08498441783907,63.883831871842915,63.061019969374534,63.292686462402344,10763300,0.0,0.0,0.0
2015-02-26 00:00:00-05:00,63.07700178664427,63.32464257671513,62.605684657835454,62.75746154785156,9507800,0.0,0.0,0.0
2015-02-27 00:00:00-05:00,62.78944870384956,63.29272682141281,62.549797971667026,63.20485305786133,8342300,0.0,0.0,0.0
2015-03-02 00:00:00-05:00,63.220783319126056,64.08353998164758,63.220783319126056,63.452449798583984,14633600,0.0,0.0,0.0
2015-03-03 00:00:00-05:00,63.19683620394933,63.44447701778988,62.84534129806698,63.28470993041992,9993100,0.0,0.0,0.0
2015-03-04 00:00:00-05:00,63.30067812538223,63.37257757410407,62.66160374251994,62.75746154785156,8349000,0.0,0.0,0.0
2015-03-05 00:00:00-05:00,62.9411997330215,63.50039058490451,62.90924509938201,62.96516418457031,10928000,0.0,0.0,0.0
2015-03-06 00:00:00-05:00,62.07846131513976,62.182309334216555,60.97605355396886,61.04794692993164,20520000,0.0,0.0,0.0
2015-03-09 00:00:00-04:00,61.46333212369657,61.66304401014505,61.27160432450539,61.59114456176758,9657400,0.0,0.0,0.0
2015-03-10 00:00:00-04:00,61.367462110440144,61.65504768585344,61.23964968510229,61.28757858276367,12492000,0.0,0.0,0.0
2015-03-11 00:00:00-04:00,61.42339048328267,61.599137927596814,61.16775949920484,61.37546157836914,8404700,0.0,0.0,0.0
2015-03-12 00:00:00-04:00,61.710972569053595,62.42993657521048,61.6470633030123,62.389991760253906,8212300,0.0,0.0,0.0
2015-03-13 00:00:00-04:00,62.33407645491582,62.43793054220944,61.83080466745858,62.158329010009766,6949400,0.0,0.0,0.0
2015-03-16 00:00:00-04:00,62.429931205722546,63.14889515004262,62.429931205722546,62.837345123291016,7447800,0.0,0.0,0.0
2015-03-17 00:00:00-04:00,62.80540365423803,63.06103465526266,62.48586337927629,62.78143310546875,9367700,0.0,0.0,0.0
2015-03-18 00:00:00-04:00,62.76547017207679,64.25931772290004,62.47788448213515,64.01966094970703,18583800,0.0,0.0,0.0
2015-03-19 00:00:00-04:00,63.96371953240915,64.34716901679201,63.764007656000395,63.92377471923828,11850700,0.0,0.0,0.0
2015-03-20 00:00:00-04:00,64.33919425148264,65.53746579705222,64.14747251071431,65.47355651855469,17722200,0.0,0.0,0.0
2015-03-23 00:00:00-04:00,65.42563581791515,65.83304990106178,65.24189814285687,65.37770080566406,7329000,0.0,0.0,0.0
2015-03-24 00:00:00-04:00,65.14600908705934,65.3537050266189,64.81847872166435,64.85043334960938,12777500,0.0,0.0,0.0
2015-03-25 00:00:00-04:00,65.01959550701854,65.19677739387886,63.65041917353922,63.7792854309082,15304100,0.66,0.0,0.0
2015-03-26 00:00:00-04:00,63.594019941069384,63.77926358642075,63.24769967385712,63.416831970214844,10719700,0.0,0.0,0.0
2015-03-27 00:00:00-04:00,63.618196508361365,63.87592285370262,63.36852583950349,63.634307861328125,7485200,0.0,0.0,0.0
2015-03-30 00:00:00-04:00,64.16586866630003,64.45581158602525,63.706793400848625,64.35111236572266,11187600,0.0,0.0,0.0
2015-03-31 00:00:00-04:00,63.9242176819799,64.59269101177313,63.771190631403364,63.88394546508789,7088100,0.0,0.0,0.0
2015-04-01 00:00:00-04:00,63.77926438149961,64.20612296496358,63.3926718816632,63.87590789794922,11385800,0.0,0.0,0.0
2015-04-02 00:00:00-04:00,63.68262070267349,64.49607186238894,63.68262070267349,64.30277252197266,9028100,0.0,0.0,0.0
2015-04-06 00:00:00-04:00,64.60076226264816,65.09205393275391,64.39941341898773,64.94708251953125,10547300,0.0,0.0,0.0
2015-04-07 00:00:00-04:00,65.14844386789595,65.14844386789595,63.89202880859375,63.89202880859375,9165700,0.0,0.0,0.0
2015-04-08 00:00:00-04:00,63.94838808439575,64.18195345888668,63.80341668452822,64.06919860839844,5823400,0.0,0.0,0.0
2015-04-09 00:00:00-04:00,63.996720254367965,63.996720254367965,62.812787986826564,62.941654205322266,10568000,0.0,0.0,0.0
2015-04-10 00:00:00-04:00,63.33630056101832,63.56986598944364,62.70809306475431,62.90138626098633,8593000,0.0,0.0,0.0
2015-04-13 00:00:00-04:00,62.99803887580968,63.14301031592927,62.6919846440682,62.72420120239258,7430900,0.0,0.0,0.0
2015-04-14 00:00:00-04:00,62.95775705142344,63.16716157629334,62.71614211781596,62.853057861328125,5267000,0.0,0.0,0.0
2015-04-15 00:00:00-04:00,63.08663254689212,63.08663254689212,62.47453023127318,62.48258590698242,9424600,0.0,0.0,0.0
2015-04-16 00:00:00-04:00,62.313429304700044,62.933580909705576,62.14429704878945,62.74028778076172,7173900,0.0,0.0,0.0
2015-04-17 00:00:00-04:00,62.418158520687044,62.80475110937792,62.039621608444925,62.41010284423828,10724100,0.0,0.0,0.0
2015-04-20 00:00:00-04:00,62.73224837114532,62.82084235835324,62.31344545908188,62.49062728881836,10799100,0.0,0.0,0.0
2015-04-21 00:00:00-04:00,62.65977387473167,62.957766284350214,62.418152761010525,62.538963317871094,8797900,0.0,0.0,0.0
2015-04-22 00:00:00-04:00,62.659774230424034,62.925550083409775,62.50674711455329,62.72420120239258,5737300,0.0,0.0,0.0
2015-04-23 00:00:00-04:00,62.61143105676668,62.973862641049784,62.54700410050457,62.83694076538086,5199300,0.0,0.0,0.0
2015-04-24 00:00:00-04:00,62.93359853049641,63.29602401682645,62.724193997780645,62.941654205322266,4576400,0.0,0.0,0.0
2015-04-27 00:00:00-04:00,63.070537346911486,63.40880822184405,62.70005605025367,62.772544860839844,9280800,0.0,0.0,0.0
2015-04-28 00:00:00-04:00,62.96582470019052,62.981929907622046,62.39399459382454,62.75642013549805,5714900,0.0,0.0,0.0
2015-04-29 00:00:00-04:00,62.02350587328198,62.46646968788988,61.427508810844174,61.5241584777832,11455400,0.0,0.0,0.0
2015-04-30 00:00:00-04:00,61.48388703124881,61.49194270643307,60.42076526007874,60.80735778808594,17918700,0.0,0.0,0.0
2015-05-01 00:00:00-04:00,60.75097596139471,61.51609914225859,60.67043764941104,61.129512786865234,21746800,0.0,0.0,0.0
2015-05-04 00:00:00-04:00,61.41947370524311,61.7255218387414,61.16174734422319,61.29060745239258,14824500,0.0,0.0,0.0
2015-05-05 00:00:00-04:00,61.12952341337636,61.12952341337636,59.8731021782384,59.94559097290039,11862900,0.0,0.0,0.0
2015-05-06 00:00:00-04:00,59.961685765285225,60.15498508768883,59.510666302368804,59.78450393676758,12904800,0.0,0.0,0.0
2015-05-07 00:00:00-04:00,60.01001714261994,60.871790034688836,59.87309524515353,60.57379150390625,16791000,0.0,0.0,0.0
2015-05-08 00:00:00-04:00,61.48387720811376,62.18457336488082,61.363072823049436,61.4999885559082,13075500,0.0,0.0,0.0
2015-05-11 00:00:00-04:00,61.32280420971434,61.61274704030186,60.452975717951794,60.60600280761719,13330800,0.0,0.0,0.0
2015-05-12 00:00:00-04:00,60.27581134460288,60.944291251502584,59.816736040582434,60.7832145690918,11913400,0.0,0.0,0.0
2015-05-13 00:00:00-04:00,61.210048944749886,61.387236911685974,60.154982962131115,60.275787353515625,12145200,0.0,0.0,0.0
2015-05-14 00:00:00-04:00,60.630169544839404,61.395298922422874,60.581847783298464,61.371131896972656,7909700,0.0,0.0,0.0
2015-05-15 00:00:00-04:00,61.64497459802186,62.06377756992491,61.419464832790965,61.8785400390625,13163300,0.0,0.0,0.0
2015-05-18 00:00:00-04:00,61.73357439268977,61.87854584747212,61.467792368141986,61.693302154541016,7063100,0.0,0.0,0.0
2015-05-19 00:00:00-04:00,61.2664345162076,61.97518033344524,61.2664345162076,61.612754821777344,8381900,0.0,0.0,0.0
2015-05-20 00:00:00-04:00,61.65301369778703,61.9349008285374,61.47582574569291,61.4838752746582,8277000,0.0,0.0,0.0
2015-05-21 00:00:00-04:00,61.52415907923979,61.620808747123654,60.97648991725736,61.20199966430664,5536800,0.0,0.0,0.0
2015-05-22 00:00:00-04:00,61.17785596191593,61.53223203231724,60.84764692378137,61.2181282043457,4251100,0.0,0.0,0.0
2015-05-26 00:00:00-04:00,61.516110823121316,61.516110823121316,60.614071726135386,60.84763717651367,6393800,0.0,0.0,0.0
2015-05-27 00:00:00-04:00,61.02480834705558,61.42750605756577,60.75903252807522,61.30670166015625,5962500,0.0,0.0,0.0
2015-05-28 00:00:00-04:00,61.37919241279202,61.45168120550001,60.936228559479645,61.26643753051758,7022300,0.0,0.0,0.0
2015-05-29 00:00:00-04:00,61.18588846879223,61.33085988408598,60.525464497938245,60.60600280761719,15271600,0.0,0.0,0.0
2015-06-01 00:00:00-04:00,60.76708210338936,61.34696779010478,60.51741148898444,61.193946838378906,8459900,0.0,0.0,0.0
2015-06-02 00:00:00-04:00,60.984541993472476,61.03286375222287,60.52546685130555,60.69459915161133,9112700,0.0,0.0,0.0
2015-06-03 00:00:00-04:00,60.63824365954811,60.726837679100335,59.85700883877758,59.961708068847656,11585400,0.0,0.0,0.0
2015-06-04 00:00:00-04:00,59.88115070403043,60.187204908777765,59.72812974633643,59.905311584472656,8710300,0.0,0.0,0.0
2015-06-05 00:00:00-04:00,58.95495359056673,59.63954474457859,58.930792706482656,59.18046951293945,17844800,0.0,0.0,0.0
2015-06-08 00:00:00-04:00,59.30933253934367,59.3657099865516,58.98717306472081,59.059661865234375,7176200,0.0,0.0,0.0
2015-06-09 00:00:00-04:00,59.035483484888694,59.18850442785936,58.584457896205016,58.63278579711914,7886200,0.0,0.0,0.0
2015-06-10 00:00:00-04:00,58.55225017498191,59.558994546248314,58.52808929322032,59.051597595214844,12669800,0.0,0.0,0.0
2015-06-11 00:00:00-04:00,59.518733978271484,59.66370542696642,59.34154596934649,59.518733978271484,8347600,0.0,0.0,0.0
2015-06-12 00:00:00-04:00,59.430136224274925,59.65564598697697,59.301269991485086,59.405975341796875,4892600,0.0,0.0,0.0
2015-06-15 00:00:00-04:00,59.34154712897982,59.43014113517359,58.97106589611527,59.09992599487305,5062100,0.0,0.0,0.0
2015-06-16 00:00:00-04:00,59.26100900844117,59.663706803587395,59.067709642600875,59.599273681640625,5015000,0.0,0.0,0.0
2015-06-17 00:00:00-04:00,59.55898086228003,60.09860039125539,59.196555429765155,59.96973419189453,15038300,0.0,0.0,0.0
2015-06-18 00:00:00-04:00,60.00196889725482,61.05703510888196,59.99391322118762,60.79930877685547,13450000,0.0,0.0,0.0
2015-06-19 00:00:00-04:00,60.750991073220504,60.807368520100916,60.235538374690805,60.40467071533203,11366700,0.0,0.0,0.0
2015-06-22 00:00:00-04:00,60.2435920252252,60.65433934810526,59.800621997004754,59.808677673339844,9208800,0.0,0.0,0.0
2015-06-23 00:00:00-04:00,59.639544542964025,59.78451599165897,59.32544076157175,59.518733978271484,10518500,0.0,0.0,0.0
2015-06-24 00:00:00-04:00,59.54959179760749,59.70399365370424,59.135148299595144,59.18391036987305,7574800,0.658,0.0,0.0
2015-06-25 00:00:00-04:00,59.12702906409038,59.2001628729124,58.59881771191935,58.62319564819336,10651800,0.0,0.0,0.0
2015-06-26 00:00:00-04:00,58.55005846901704,59.062013700947354,58.38752857007604,58.90761184692383,9671100,0.0,0.0,0.0
2015-06-29 00:00:00-04:00,58.923866689483475,59.24079223585775,57.93245602651511,57.964962005615234,7226300,0.0,0.0,0.0
2015-06-30 00:00:00-04:00,58.38754474504658,58.50944065305046,57.89183926574535,57.94060134887695,13702600,0.0,0.0,0.0
2015-07-01 00:00:00-04:00,57.924345383165644,58.84262251893499,57.75369359153464,58.82636642456055,10856300,0.0,0.0,0.0
2015-07-02 00:00:00-04:00,59.15142394148778,59.639001406257556,58.89138221361831,58.95639419555664,7691800,0.0,0.0,0.0
2015-07-06 00:00:00-04:00,58.777616342659314,59.35458375223092,58.623214430279575,59.22455978393555,11054900,0.0,0.0,0.0
2015-07-07 00:00:00-04:00,59.68776255387127,60.25660814614605,59.47648289377449,60.13471221923828,12555400,0.0,0.0,0.0
2015-07-08 00:00:00-04:00,59.866523972709516,60.118443797328,59.671494269684295,59.81776809692383,7358500,0.0,0.0,0.0
2015-07-09 00:00:00-04:00,60.02094851332199,60.18347229390782,59.38709708919852,59.53337097167969,8497100,0.0,0.0,0.0
2015-07-10 00:00:00-04:00,59.663380008351076,60.36224332219575,59.62275216910386,59.94779968261719,12232300,0.0,0.0,0.0
2015-07-13 00:00:00-04:00,60.06156981075415,60.695421100347026,59.801521897194505,60.03718566894531,9096300,0.0,0.0,0.0
2015-07-14 00:00:00-04:00,60.10218907756988,60.419114677176985,59.91528741620293,60.19970703125,5039200,0.0,0.0,0.0
2015-07-15 00:00:00-04:00,59.972172177850666,60.44349346085554,59.947788039177695,60.256591796875,5691900,0.0,0.0,0.0
2015-07-16 00:00:00-04:00,60.64666759353097,60.792941465653215,60.41100378845156,60.68730163574219,6128500,0.0,0.0,0.0
2015-07-17 00:00:00-04:00,60.86606941265304,60.86606941265304,60.28097404037364,60.45162582397461,11760900,0.0,0.0,0.0
2015-07-20 00:00:00-04:00,60.49226045991626,60.68729018598857,60.175334830092545,60.55726623535156,4780500,0.0,0.0,0.0
2015-07-21 00:00:00-04:00,60.50037237506294,60.817297952859555,60.33784866333008,60.33784866333008,5816200,0.0,0.0,0.0
2015-07-22 00:00:00-04:00,60.467867506235926,60.792914902359584,60.36222152260224,60.50849533081055,6674800,0.0,0.0,0.0
2015-07-23 00:00:00-04:00,60.59790710031999,60.63041309164323,59.72026393424432,60.077823638916016,8558000,0.0,0.0,0.0
2015-07-24 00:00:00-04:00,60.102187036313126,60.362228704078994,59.89090124379011,60.094058990478516,5632000,0.0,0.0,0.0
2015-07-27 00:00:00-04:00,60.17534231795224,60.54102387482646,60.05344639903284,60.224098205566406,6326100,0.0,0.0,0.0
2015-07-28 00:00:00-04:00,60.085935050179486,60.52475651171684,60.085935050179486,60.33784866333008,6276000,0.0,0.0,0.0
2015-07-29 00:00:00-04:00,60.37036064430391,60.76854811753252,59.97217317107529,60.64665222167969,7111000,0.0,0.0,0.0
2015-07-30 00:00:00-04:00,60.38661861337113,60.65478838013637,60.23222291119897,60.419124603271484,6573800,0.0,0.0,0.0
2015-07-31 00:00:00-04:00,60.93920659941358,61.256132243585576,60.70354282812712,60.80918884277344,10817000,0.0,0.0,0.0
2015-08-03 00:00:00-04:00,60.817304166245236,61.15861391556558,60.7522983948401,61.1098518371582,6576300,0.0,0.0,0.0
2015-08-04 00:00:00-04:00,61.004220252935966,61.418663875881876,60.65478861003719,60.79293441772461,11675200,0.0,0.0,0.0
2015-08-05 00:00:00-04:00,60.9473300856768,61.02046390583576,60.31347884476705,60.53288650512695,19488200,0.0,0.0,0.0
2015-08-06 00:00:00-04:00,60.524764658364646,60.646654358629576,59.67962760385729,60.53288650512695,12177900,0.0,0.0,0.0
2015-08-07 00:00:00-04:00,60.46788715550919,60.84981859005275,60.094071368707105,60.744178771972656,8922300,0.0,0.0,0.0
2015-08-10 00:00:00-04:00,60.95546568396675,61.07736159921613,60.49226616592611,60.7523078918457,6650700,0.0,0.0,0.0
2015-08-11 00:00:00-04:00,60.69542322922065,61.33740258860037,60.516643382319494,61.15862274169922,15118000,0.0,0.0,0.0
2015-08-12 00:00:00-04:00,60.93920114417213,61.28863274619412,60.549141709286104,61.24800491333008,9449200,0.0,0.0,0.0
2015-08-13 00:00:00-04:00,61.22361448264162,61.629929968828144,60.72791529338578,61.36988830566406,6766300,0.0,0.0,0.0
2015-08-14 00:00:00-04:00,61.25612656689313,61.759960051906,61.02859086394632,61.71932601928711,6172000,0.0,0.0,0.0
2015-08-17 00:00:00-04:00,61.719322394875356,62.20690595813751,61.46740876710378,62.18252182006836,13312500,0.0,0.0,0.0
2015-08-18 00:00:00-04:00,61.97125101392459,62.32068264389634,61.93061697792744,62.231292724609375,7646100,0.0,0.0,0.0
2015-08-19 00:00:00-04:00,62.01188529584553,62.182537104981705,61.54056390865785,61.88999557495117,12455500,0.0,0.0,0.0
2015-08-20 00:00:00-04:00,61.54867206183279,61.8005918953569,61.29675842819137,61.410526275634766,10035600,0.0,0.0,0.0
2015-08-21 00:00:00-04:00,61.061089692951505,61.29675341477598,60.14281894229658,60.20782470703125,15775300,0.0,0.0,0.0
2015-08-24 00:00:00-04:00,58.32252464546265,59.24892969735082,57.20109608774074,57.39612579345703,30430400,0.0,0.0,0.0
2015-08-25 00:00:00-04:00,58.70447273725251,58.71260078474724,55.89276969279253,55.94965362548828,19250300,0.0,0.0,0.0
2015-08-26 00:00:00-04:00,56.50222563606545,57.509886218792325,56.19342812519737,57.34736251831055,15152900,0.0,0.0,0.0
2015-08-27 00:00:00-04:00,58.01371969502941,58.95637451887269,57.485508367867695,58.50129699707031,12395800,0.0,0.0,0.0
2015-08-28 00:00:00-04:00,58.34692369953634,58.566331399571816,58.08688195880933,58.43631362915039,8457300,0.0,0.0,0.0
2015-08-31 00:00:00-04:00,58.40380301903708,58.46068695157736,57.27424621582031,57.27424621582031,10548700,0.0,0.0,0.0
2015-09-01 00:00:00-04:00,56.70540144037642,56.9654431639826,55.81963645055291,56.18531799316406,12235700,0.0,0.0,0.0
2015-09-02 00:00:00-04:00,56.71352160761859,56.91667936970354,56.250322158060236,56.78665542602539,8836800,0.0,0.0,0.0
2015-09-03 00:00:00-04:00,56.72975415978757,57.32297737169075,56.697248183804284,56.90040588378906,8479800,0.0,0.0,0.0
2015-09-04 00:00:00-04:00,56.50224064711776,56.591630566095645,55.486451749535796,55.81963348388672,11283100,0.0,0.0,0.0
2015-09-08 00:00:00-04:00,56.03091453755632,56.835423828845,56.03091453755632,56.664772033691406,11894600,0.0,0.0,0.0
2015-09-09 00:00:00-04:00,57.1198462935999,57.34738203164966,55.89277147782139,55.97403335571289,9367600,0.0,0.0,0.0
2015-09-10 00:00:00-04:00,55.82774999066634,56.59975319890882,55.82774999066634,56.03903579711914,8826100,0.0,0.0,0.0
2015-09-11 00:00:00-04:00,56.23408361889447,56.98170912865289,55.933414005078355,56.95732498168945,8895200,0.0,0.0,0.0
2015-09-14 00:00:00-04:00,57.12796626815817,57.13608811488085,56.79478455603845,56.924808502197266,6123800,0.0,0.0,0.0
2015-09-15 00:00:00-04:00,56.941055478662406,57.57490668400946,56.62412987598888,57.40425491333008,7419200,0.0,0.0,0.0
2015-09-16 00:00:00-04:00,57.37177243263099,58.265665683303645,57.36364438311177,58.143775939941406,6440100,0.0,0.0,0.0
2015-09-17 00:00:00-04:00,58.15188322939417,59.71213975250818,57.85933551880302,58.71260070800781,23255500,0.0,0.0,0.0
2015-09-18 00:00:00-04:00,58.09499125391096,59.23267594871798,57.924339479672334,58.51756286621094,15598900,0.0,0.0,0.0
2015-09-21 00:00:00-04:00,58.54194452761535,59.28143559633437,58.54194452761535,59.02952194213867,12965300,0.0,0.0,0.0
2015-09-22 00:00:00-04:00,58.704468708164995,58.83449265962198,58.086873538394045,58.24939727783203,7487300,0.0,0.0,0.0
2015-09-23 00:00:00-04:00,58.52568471268696,58.826360429135676,58.13562528582232,58.51756286621094,6846100,0.0,0.0,0.0
2015-09-24 00:00:00-04:00,58.44442735479693,58.655713177237,57.6724302880229,57.98122787475586,9862500,0.0,0.0,0.0
2015-09-25 00:00:00-04:00,58.23223749534721,58.69980135786452,57.93693334446259,58.27325439453125,8098200,0.666,0.0,0.0
2015-09-28 00:00:00-04:00,58.06817346895559,58.14199636615317,56.84594641283524,57.2232780456543,11976500,0.0,0.0,0.0
2015-09-29 00:00:00-04:00,57.23968875219422,57.945136847986184,57.116644315337474,57.62522506713867,10142100,0.0,0.0,0.0
2015-09-30 00:00:00-04:00,58.05177266943796,58.28145854133819,57.68264561305204,58.199424743652344,9887100,0.0,0.0,0.0
2015-10-01 00:00:00-04:00,58.289647534335934,58.543941001300276,57.86310064319109,58.47011184692383,8296500,0.0,0.0,0.0
2015-10-02 00:00:00-04:00,58.68339459847832,58.97869873046875,57.87131136465454,58.97869873046875,12667900,0.0,0.0,0.0
2015-10-05 00:00:00-04:00,59.077120011944025,60.11888894164419,59.04431400979646,60.036861419677734,6663000,0.0,0.0,0.0
2015-10-06 00:00:00-04:00,60.053272442556064,60.29936129962629,59.766172948173875,59.889217376708984,4900900,0.0,0.0,0.0
2015-10-07 00:00:00-04:00,60.25834586961283,60.50443473266841,59.91382646797483,60.471622467041016,6780200,0.0,0.0,0.0
2015-10-08 00:00:00-04:00,60.397794846384656,61.070430663165055,60.22553514116894,60.97200012207031,8343400,0.0,0.0,0.0
2015-10-09 00:00:00-04:00,61.201676193135555,61.27549909469154,60.611067947489445,60.9063720703125,5761900,0.0,0.0,0.0
2015-10-12 00:00:00-04:00,60.93918151705251,61.455960578947206,60.79152946246842,61.2344856262207,5143600,0.0,0.0,0.0
2015-10-13 00:00:00-04:00,60.988393319320615,61.26729441027537,60.64387396428731,60.783321380615234,8391100,0.0,0.0,0.0
2015-10-14 00:00:00-04:00,60.88996343874669,60.98839396505614,60.2419353545806,60.38958740234375,8572800,0.0,0.0,0.0
2015-10-15 00:00:00-04:00,60.520832588419104,61.111440802875435,60.43060043019387,61.07862854003906,5692000,0.0,0.0,0.0
2015-10-16 00:00:00-04:00,61.168861508205914,61.66103294067,61.14425387532761,61.57080078125,5913700,0.0,0.0,0.0
2015-10-19 00:00:00-04:00,61.546194250104605,62.33366980780353,61.42314982521115,62.30085754394531,7806700,0.0,0.0,0.0
2015-10-20 00:00:00-04:00,61.980946283715355,62.481322359481034,61.980946283715355,62.37468719482422,10961400,0.0,0.0,0.0
2015-10-21 00:00:00-04:00,62.382887891221046,62.62076583904595,62.054771529039726,62.153202056884766,5887900,0.0,0.0,0.0
2015-10-22 00:00:00-04:00,62.25166826757206,62.97351959892973,62.15323143489973,62.83407211303711,8893900,0.0,0.0,0.0
2015-10-23 00:00:00-04:00,63.145754197230445,63.16215719869546,61.88251030226066,62.25984191894531,8063000,0.0,0.0,0.0
2015-10-26 00:00:00-04:00,62.309067851627454,62.423907656444854,61.78408409866219,62.25164794921875,6239000,0.0,0.0,0.0
2015-10-27 00:00:00-04:00,62.07939167255401,62.27625902622005,61.767684507724425,62.095794677734375,9751800,0.0,0.0,0.0
2015-10-28 00:00:00-04:00,62.12860341078532,62.637184158639,61.23449260927961,62.333675384521484,16084400,0.0,0.0,0.0
2015-10-29 00:00:00-04:00,62.071173762911336,62.39108549104763,61.86610182137274,62.26804733276367,7657800,0.0,0.0,0.0
2015-10-30 00:00:00-04:00,62.27626142297759,62.44852114635248,61.74307298874068,61.81690216064453,9418500,0.0,0.0,0.0
2015-11-02 00:00:00-05:00,61.86611120307461,63.194979838748985,61.80869130106831,63.18677520751953,20538100,0.0,0.0,0.0
2015-11-03 00:00:00-05:00,62.95709543225619,62.973498436371585,62.35008414718773,62.5633544921875,7607300,0.0,0.0,0.0
2015-11-04 00:00:00-05:00,62.505918605890514,62.73560441286871,62.12858702473098,62.29264831542969,7163700,0.0,0.0,0.0
2015-11-05 00:00:00-05:00,62.30085189416068,62.52233309054365,61.898912650371585,62.47311782836914,8065900,0.0,0.0,0.0
2015-11-06 00:00:00-05:00,61.50519396547288,61.808696505217576,60.29936966351295,60.684906005859375,23851000,0.0,0.0,0.0
2015-11-09 00:00:00-05:00,60.200919685502484,60.463411524822696,59.454461059869644,59.86460494995117,13643800,0.0,0.0,0.0
2015-11-10 00:00:00-05:00,59.9056191223729,60.5372442550536,59.86460848592187,60.41419982910156,9734500,0.0,0.0,0.0
2015-11-11 00:00:00-05:00,60.43060576482549,60.766926794863345,60.28295369817713,60.4880256652832,4765400,0.0,0.0,0.0
2015-11-12 00:00:00-05:00,60.414193225715856,60.594657529613826,59.979441725397365,60.05326461791992,6101900,0.0,0.0,0.0
2015-11-13 00:00:00-05:00,60.20091310613543,60.381377399376184,59.413437674238104,59.4216423034668,11693000,0.0,0.0,0.0
2015-11-16 00:00:00-05:00,59.306817039080855,60.13530330324485,59.306817039080855,60.118900299072266,7639900,0.0,0.0,0.0
2015-11-17 00:00:00-05:00,60.03687071007026,60.66848961108033,59.84820174788298,60.151710510253906,9096300,0.0,0.0,0.0
2015-11-18 00:00:00-05:00,60.36498122764004,60.84074969327299,59.97945118648896,60.791534423828125,8297800,0.0,0.0,0.0
2015-11-19 00:00:00-05:00,60.930978629564194,61.20987974433364,60.71770204277573,60.96379089355469,6543000,0.0,0.0,0.0
2015-11-20 00:00:00-05:00,61.021214784728,61.661038328669626,61.01301015361853,61.587215423583984,7804800,0.0,0.0,0.0
2015-11-23 00:00:00-05:00,61.587208682001794,61.93993268150004,61.48877189436303,61.693843841552734,5148700,0.0,0.0,0.0
2015-11-24 00:00:00-05:00,61.775879022211114,61.775879022211114,60.90637586105938,61.390342712402344,9755400,0.0,0.0,0.0
2015-11-25 00:00:00-05:00,61.44777501035358,61.75127755479901,61.390348844322745,61.595420837402344,4324400,0.0,0.0,0.0
2015-11-27 00:00:00-05:00,61.447769518714615,62.26805741772316,61.447769518714615,62.08759307861328,3255300,0.0,0.0,0.0
2015-11-30 00:00:00-05:00,62.177816891235985,62.407496470760584,61.51337952669793,61.693843841552734,12528300,0.0,0.0,0.0
2015-12-01 00:00:00-05:00,61.93172713902111,62.51413070946503,61.661030670726326,62.45671081542969,9098100,0.0,0.0,0.0
2015-12-02 00:00:00-05:00,62.18601741420513,62.37468636579748,61.20987916746032,61.27549743652344,8035600,0.0,0.0,0.0
2015-12-03 00:00:00-05:00,61.13605987688783,61.24270131563854,60.209136746910936,60.373191833496094,14229900,0.0,0.0,0.0
2015-12-04 00:00:00-05:00,60.529044762803366,61.57080763992783,60.373188059480015,61.382144927978516,9648400,0.0,0.0,0.0
2015-12-07 00:00:00-05:00,61.29189631454031,61.52157586310149,60.988387620628274,61.21806716918945,9785600,0.0,0.0,0.0
2015-12-08 00:00:00-05:00,60.947404000096014,61.32473574827238,60.78334263677948,61.07044219970703,9961000,0.0,0.0,0.0
2015-12-09 00:00:00-05:00,60.73412450846115,61.39855578840277,60.422417320230686,60.69310760498047,13820000,0.0,0.0,0.0
2015-12-10 00:00:00-05:00,60.62748437408528,60.98020217871533,60.28295868454146,60.34858322143555,6709400,0.0,0.0,0.0
2015-12-11 00:00:00-05:00,60.11068989589741,60.397789378599285,59.71695525056322,60.069679260253906,10311100,0.0,0.0,0.0
2015-12-14 00:00:00-05:00,59.82358741076496,60.47161550108269,59.56109557428301,60.258338928222656,13501300,0.0,0.0,0.0
2015-12-15 00:00:00-05:00,60.627477403085486,61.20988101987958,60.512631347575784,60.92277526855469,10914100,0.0,0.0,0.0
2015-12-16 00:00:00-05:00,61.16887011071575,62.235246912941044,61.11145020649133,62.12040710449219,15076200,0.0,0.0,0.0
2015-12-17 00:00:00-05:00,62.259858417165944,62.259858417165944,61.60362553528966,61.81690216064453,9570800,0.0,0.0,0.0
2015-12-18 00:00:00-05:00,61.64463870263425,61.84971068350909,61.00481512363282,61.029422760009766,14399200,0.0,0.0,0.0
2015-12-21 00:00:00-05:00,61.447755451959985,61.61181049088585,60.99659470746598,61.34111404418945,9353700,0.0,0.0,0.0
2015-12-22 00:00:00-05:00,61.63643773933849,61.93174191003715,61.42316111421155,61.595420837402344,8286600,0.0,0.0,0.0
2015-12-23 00:00:00-05:00,61.66922792737126,62.317255944459916,61.63641566923152,62.29264831542969,7034200,0.0,0.0,0.0
2015-12-24 00:00:00-05:00,62.28435769749805,62.50866831801366,61.985272644525395,62.30928039550781,3726600,0.96,0.0,0.0
2015-12-28 00:00:00-05:00,62.10157390745084,62.57512411715453,61.95203140236405,62.49204635620117,6272800,0.0,0.0,0.0
2015-12-29 00:00:00-05:00,62.716364450645656,63.21483741445096,62.64990603698521,63.13175964355469,5219300,0.0,0.0,0.0
2015-12-30 00:00:00-05:00,63.18159866619353,63.24805706648412,62.78281657231822,62.849281311035156,4516300,0.0,0.0,0.0
2015-12-31 00:00:00-05:00,62.94066618647995,63.01543426068082,62.29265085636807,62.375728607177734,7588400,0.0,0.0,0.0
2016-01-04 00:00:00-05:00,62.06835310179663,62.06835310179663,61.121252505897445,61.76926803588867,14761900,0.0,0.0,0.0
2016-01-05 00:00:00-05:00,61.75263597125518,62.9572792041149,61.67786155862484,62.782814025878906,11206900,0.0,0.0,0.0
2016-01-06 00:00:00-05:00,62.26773194771994,62.674823768181525,62.16804116591476,62.57512664794922,11334600,0.0,0.0,0.0
2016-01-07 00:00:00-05:00,61.669559468658,62.01018015541512,61.16277693848478,61.17938995361328,11830900,0.0,0.0,0.0
2016-01-08 00:00:00-05:00,61.661245894029456,61.74432364127273,60.348595936938054,60.45659637451172,10708700,0.0,0.0,0.0
2016-01-11 00:00:00-05:00,60.69754409790039,61.02155184416887,60.46492380195663,60.69754409790039,9585300,0.0,0.0,0.0
2016-01-12 00:00:00-05:00,61.07971089691034,61.17109835318807,59.94984171993022,60.27384948730469,10253000,0.0,0.0,0.0
2016-01-13 00:00:00-05:00,60.556306376231,60.90523679205043,59.24365613946969,59.35996627807617,11502400,0.0,0.0,0.0
2016-01-14 00:00:00-05:00,59.32675298553266,59.81691634088028,58.82827361194916,59.27690124511719,10981100,0.0,0.0,0.0
2016-01-15 00:00:00-05:00,58.5624008247291,58.82825344155432,58.04731494499508,58.60394287109375,14280200,0.0,0.0,0.0
2016-01-19 00:00:00-05:00,58.70367045195892,59.37660885108438,58.59566361071582,58.778438568115234,15626800,0.0,0.0,0.0
2016-01-20 00:00:00-05:00,58.1553167195621,58.34640126340547,55.9371083030526,57.21652603149414,21693100,0.0,0.0,0.0
2016-01-21 00:00:00-05:00,57.40761689108726,58.42118222005052,57.066996114058234,57.59870147705078,13935300,0.0,0.0,0.0
2016-01-22 00:00:00-05:00,58.2799414371704,59.443049137318795,58.0971665550636,59.193809509277344,12986400,0.0,0.0,0.0
2016-01-25 00:00:00-05:00,59.04427476909153,59.59259948755963,58.57072448424538,58.612266540527344,10029600,0.0,0.0,0.0
2016-01-26 00:00:00-05:00,58.92795426922868,59.891667689138515,58.91134125269004,59.86674499511719,9312900,0.0,0.0,0.0
2016-01-27 00:00:00-05:00,59.76705818016531,59.76705818016531,58.50425333302529,58.9362678527832,11347200,0.0,0.0,0.0
2016-01-28 00:00:00-05:00,59.218733578199256,59.43474083828449,58.31317516293304,58.54579544067383,13330300,0.0,0.0,0.0
2016-01-29 00:00:00-05:00,58.76181250089455,59.82522328416356,58.49595980507729,59.81691360473633,16413000,0.0,0.0,0.0
2016-02-01 00:00:00-05:00,59.567661271200095,60.31537380005582,59.25196324276185,59.82521057128906,17044700,0.0,0.0,0.0
2016-02-02 00:00:00-05:00,59.50120420540487,59.750437495019284,58.919647186117146,59.193809509277344,10321700,0.0,0.0,0.0
2016-02-03 00:00:00-05:00,59.58429721154532,59.71722039899219,58.65380954570257,59.48460006713867,9725600,0.0,0.0,0.0
2016-02-04 00:00:00-05:00,59.16889687642601,59.88337717066059,58.952889584617665,59.55105972290039,6837700,0.0,0.0,0.0
2016-02-05 00:00:00-05:00,59.24366408579117,59.36828391913535,58.18025333965312,58.21348571777344,11681100,0.0,0.0,0.0
2016-02-08 00:00:00-05:00,57.57376482291895,57.95592756378358,55.704486826569976,56.502044677734375,14662000,0.0,0.0,0.0
2016-02-09 00:00:00-05:00,55.78756843394754,56.16142152366719,55.11462399865466,55.58818054199219,13482200,0.0,0.0,0.0
2016-02-10 00:00:00-05:00,55.80418903929056,56.6682118064961,55.746033965460754,55.878963470458984,9704500,0.0,0.0,0.0
2016-02-11 00:00:00-05:00,55.056480407714844,55.42203023451063,54.73247263884699,55.056480407714844,12573300,0.0,0.0,0.0
2016-02-12 00:00:00-05:00,55.56325274327579,55.89557012953241,55.280787084935184,55.77095031738281,9710500,0.0,0.0,0.0
2016-02-16 00:00:00-05:00,56.13649995788257,56.884212490778516,56.02018982370175,56.84267044067383,7284800,0.0,0.0,0.0
2016-02-17 00:00:00-05:00,57.11685043591093,57.947640987706,56.967307883050665,57.35778045654297,8160800,0.0,0.0,0.0
2016-02-18 00:00:00-05:00,57.37438820025422,58.06394581602809,57.199922961039434,57.90609359741211,7608200,0.0,0.0,0.0
2016-02-19 00:00:00-05:00,57.690076167226174,58.32147218457273,57.44083656040283,58.030696868896484,7120900,0.0,0.0,0.0
2016-02-22 00:00:00-05:00,58.412873519613605,59.0525857047739,58.4045701789228,58.70365524291992,9057300,0.0,0.0,0.0
2016-02-23 00:00:00-05:00,58.429477678687235,59.14395777477627,58.429477678687235,58.562400817871094,4253300,0.0,0.0,0.0
2016-02-24 00:00:00-05:00,58.32979069466116,58.73687619825333,57.939318209440586,58.58733367919922,5452000,0.0,0.0,0.0
2016-02-25 00:00:00-05:00,58.894719418714615,59.683967608827146,58.753486599587355,59.65074157714844,6773800,0.0,0.0,0.0
2016-02-26 00:00:00-05:00,59.40151086629118,59.93321619074743,59.40151086629118,59.46797561645508,6575400,0.0,0.0,0.0
2016-02-29 00:00:00-05:00,59.37658436656582,60.1159872341055,59.24365487475206,59.3682746887207,8193700,0.0,0.0,0.0
2016-03-01 00:00:00-05:00,59.617512879368284,60.980008445476386,59.6092032017235,60.913543701171875,15292900,0.0,0.0,0.0
2016-03-02 00:00:00-05:00,60.45660269578868,61.378780364990234,60.44829935709424,61.378780364990234,6681000,0.0,0.0,0.0
2016-03-03 00:00:00-05:00,61.403725845323756,61.72773361714441,61.12125379338144,61.68619155883789,6396600,0.0,0.0,0.0
2016-03-04 00:00:00-05:00,61.49511575518336,61.96036278869655,61.39542494248197,61.85235595703125,5268100,0.0,0.0,0.0
2016-03-07 00:00:00-05:00,61.55325942091121,62.11819716230205,61.4452589477144,61.96865463256836,8084200,0.0,0.0,0.0
2016-03-08 00:00:00-05:00,62.33418912024467,62.33418912024467,61.23754628465207,61.32893371582031,7102900,0.0,0.0,0.0
2016-03-09 00:00:00-05:00,61.42864351130616,61.893884101760804,61.34555940150127,61.57818603515625,3474800,0.0,0.0,0.0
2016-03-10 00:00:00-05:00,61.96034118768593,62.159729082005924,60.73907845042551,61.420326232910156,8688600,0.0,0.0,0.0
2016-03-11 00:00:00-05:00,62.07665619404654,62.89082719051624,61.89388130222715,62.87421417236328,9317600,0.0,0.0,0.0
2016-03-14 00:00:00-04:00,62.666517872108166,62.8659057861786,62.43389758262141,62.7911376953125,5224000,0.0,0.0,0.0
2016-03-15 00:00:00-04:00,62.467121093200895,62.90743891273264,62.35911430381843,62.77450942993164,7123500,0.0,0.0,0.0
2016-03-16 00:00:00-04:00,62.666531491133284,63.65517427473663,62.40898844872053,63.57209014892578,8958600,0.0,0.0,0.0
2016-03-17 00:00:00-04:00,63.71330762415632,64.61055629558845,63.44745499217149,64.46101379394531,9731000,0.0,0.0,0.0
2016-03-18 00:00:00-04:00,64.6521098983746,64.74349735117886,64.18686929386413,64.2117919921875,7792700,0.0,0.0,0.0
2016-03-21 00:00:00-04:00,63.970851917914906,64.34470501063588,63.688386263579396,63.79638671875,7313800,0.0,0.0,0.0
2016-03-22 00:00:00-04:00,63.58871574644734,63.96256899554936,63.41425047430444,63.813026428222656,9185800,0.0,0.0,0.0
2016-03-23 00:00:00-04:00,63.834038372353724,63.90969792277111,63.35484197770865,63.363250732421875,5198900,0.905,0.0,0.0
2016-03-24 00:00:00-04:00,63.12783734090821,63.45571456638003,62.81678403535681,63.41367721557617,5752000,0.0,0.0,0.0
2016-03-28 00:00:00-04:00,63.53979143541617,64.06942749147954,63.36324608339504,63.90129089355469,6314800,0.0,0.0,0.0
2016-03-29 00:00:00-04:00,64.2123529999093,65.19597211533912,63.74156533030252,65.17074584960938,9814900,0.0,0.0,0.0
2016-03-30 00:00:00-04:00,65.40612666272634,65.49019494817476,65.0194010044653,65.0698471069336,5648100,0.0,0.0,0.0
2016-03-31 00:00:00-04:00,65.01101332974363,65.5406494201337,64.95216487525585,65.45658111572266,5861100,0.0,0.0,0.0
2016-04-01 00:00:00-04:00,65.16231667416847,65.60788430855925,64.9941737085504,65.49859619140625,11121200,0.0,0.0,0.0
2016-04-04 00:00:00-04:00,65.52381717127152,65.65832513210482,65.18753764819064,65.40612030029297,6863400,0.0,0.0,0.0
2016-04-05 00:00:00-04:00,65.05303545823796,65.26320939778073,64.8428615186952,65.03622436523438,10308600,0.0,0.0,0.0
2016-04-06 00:00:00-04:00,64.97738590130409,65.2632194242755,64.65792377315945,65.19596862792969,5611900,0.0,0.0,0.0
2016-04-07 00:00:00-04:00,64.9689477108151,65.19593908939042,64.52338011864585,64.84284210205078,7933200,0.0,0.0,0.0
2016-04-08 00:00:00-04:00,65.10348041709251,65.4649798432907,65.06985181767878,65.2127685546875,6670700,0.0,0.0,0.0
2016-04-11 00:00:00-04:00,65.29682919030861,65.557449201708,65.10347278384968,65.12869262695312,7993500,0.0,0.0,0.0
2016-04-12 00:00:00-04:00,65.2800147193372,65.70036251995883,65.10346941275594,65.57425689697266,8600300,0.0,0.0,0.0
2016-04-13 00:00:00-04:00,65.74239752506693,65.80965471669332,65.18754172914632,65.42293548583984,7197600,0.0,0.0,0.0
2016-04-14 00:00:00-04:00,65.263207619593,65.38931326268266,64.88489710432346,65.00259399414062,5550200,0.0,0.0,0.0
2016-04-15 00:00:00-04:00,65.15391957561629,65.5910785364155,64.95215439478584,65.43135070800781,6525900,0.0,0.0,0.0
2016-04-18 00:00:00-04:00,65.35567372758614,65.74239293141821,65.24638560932873,65.70877075195312,6580800,0.0,0.0,0.0
2016-04-19 00:00:00-04:00,65.82648523422658,65.87692493091791,65.5070167178479,65.77603912353516,5342000,0.0,0.0,0.0
2016-04-20 00:00:00-04:00,65.54063516221693,65.79284643458375,64.80082526473956,64.85126495361328,11451500,0.0,0.0,0.0
2016-04-21 00:00:00-04:00,64.61587747090024,64.91852846157423,63.57341651080081,63.749961853027344,12773600,0.0,0.0,0.0
2016-04-22 00:00:00-04:00,64.05260534546335,64.55702146620457,63.892871115195696,64.43091583251953,6374100,0.0,0.0,0.0
2016-04-25 00:00:00-04:00,64.17030699707752,64.85126849000254,64.17030699707752,64.83445739746094,5130500,0.0,0.0,0.0
2016-04-26 00:00:00-04:00,64.98577882148517,65.40612666272634,64.859673186313,65.0698471069336,6329600,0.0,0.0,0.0
2016-04-27 00:00:00-04:00,65.03621320187419,65.2043497590482,64.41410024353218,65.05302429199219,7181800,0.0,0.0,0.0
2016-04-28 00:00:00-04:00,64.60744549080653,65.30522426923022,64.60744549080653,64.90168762207031,6160000,0.0,0.0,0.0
2016-04-29 00:00:00-04:00,64.38046496330749,64.74196429628812,63.74153456720266,64.3636474609375,11074600,0.0,0.0,0.0
2016-05-02 00:00:00-04:00,64.11148804088383,65.38093456665071,64.06104191205695,65.22120666503906,10588200,0.0,0.0,0.0
2016-05-03 00:00:00-04:00,65.06143719451768,65.14550547846765,64.61586951698379,65.07825469970703,5919500,0.0,0.0,0.0
2016-05-04 00:00:00-04:00,64.64107747709238,66.08707478559454,64.64107747709238,65.95256042480469,10523700,0.0,0.0,0.0
2016-05-05 00:00:00-04:00,65.7928415175993,66.28884885845306,65.78443276541574,66.20478057861328,6963000,0.0,0.0,0.0
2016-05-06 00:00:00-04:00,66.12071828952881,66.87734570463705,65.83487841537716,66.85211944580078,9213600,0.0,0.0,0.0
2016-05-09 00:00:00-04:00,66.97822932728826,67.50787175841832,66.91097212746229,67.39017486572266,8998700,0.0,0.0,0.0
2016-05-10 00:00:00-04:00,67.67599244831467,67.7012122888259,67.23883358012448,67.5162582397461,7216700,0.0,0.0,0.0
2016-05-11 00:00:00-04:00,67.43219066951637,67.45741051029046,66.10389013409734,66.3140640258789,11123200,0.0,0.0,0.0
2016-05-12 00:00:00-04:00,66.37292251955611,66.86052756175809,65.9441723334122,66.6419448852539,6421300,0.0,0.0,0.0
2016-05-13 00:00:00-04:00,66.40654037955545,66.45698647459142,65.7339877810575,66.10388946533203,7285200,0.0,0.0,0.0
2016-05-16 00:00:00-04:00,66.04506277956351,66.85213001190438,65.95258572454526,66.6251449584961,6116200,0.0,0.0,0.0
2016-05-17 00:00:00-04:00,66.38974872055984,66.44018841635969,65.2379931591301,65.6163101196289,12037900,0.0,0.0,0.0
2016-05-18 00:00:00-04:00,65.2800256570106,65.44816223983118,63.95172484512975,64.69994354248047,13805000,0.0,0.0,0.0
2016-05-19 00:00:00-04:00,64.31321882593505,64.36365851371103,63.665885981480606,64.00215911865234,9722400,0.0,0.0,0.0
2016-05-20 00:00:00-04:00,63.976909150353386,64.59902185798948,63.976909150353386,64.51495361328125,8651100,0.0,0.0,0.0
2016-05-23 00:00:00-04:00,64.62429865654582,64.80084403273504,64.40571591812065,64.5738525390625,7270900,0.0,0.0,0.0
2016-05-24 00:00:00-04:00,64.89330594235193,65.37250225551895,64.89330594235193,65.34728240966797,8501300,0.0,0.0,0.0
2016-05-25 00:00:00-04:00,65.54904405612386,65.56585514778492,64.83445400154518,65.44815826416016,6782800,0.0,0.0,0.0
2016-05-26 00:00:00-04:00,65.22958379887841,65.69196905274592,65.16233300977034,65.49020385742188,7101200,0.0,0.0,0.0
2016-05-27 00:00:00-04:00,65.5238342260784,66.06187903745291,65.49020562361748,65.77603912353516,5950900,0.0,0.0,0.0
2016-05-31 00:00:00-04:00,65.7928554702754,65.99462066747891,65.39772741583522,65.7844467163086,9922800,0.0,0.0,0.0
2016-06-01 00:00:00-04:00,65.54905352270836,65.94418158079831,65.37250817177457,65.82648468017578,13566800,0.0,0.0,0.0
2016-06-02 00:00:00-04:00,65.8012409367984,66.18796655210352,65.51540751522316,66.17955780029297,6953900,0.0,0.0,0.0
2016-06-03 00:00:00-04:00,66.91939252044244,67.0454981885502,65.57428035996134,66.38134765625,10328700,0.0,0.0,0.0
2016-06-06 00:00:00-04:00,66.48222343446768,66.59992032986206,65.70037610706234,65.96939849853516,11093200,0.0,0.0,0.0
2016-06-07 00:00:00-04:00,66.07027383110773,66.5915074887172,66.07027383110773,66.3729248046875,5535500,0.0,0.0,0.0
2016-06-08 00:00:00-04:00,66.21319591675875,66.75964941106882,66.15434747361762,66.72602081298828,5825100,0.0,0.0,0.0
2016-06-09 00:00:00-04:00,66.59991926339194,66.89416149716614,66.47381361634595,66.826904296875,5074600,0.0,0.0,0.0
2016-06-10 00:00:00-04:00,66.66717406156395,66.75124235189895,66.35611433192508,66.49903106689453,7315500,0.0,0.0,0.0
2016-06-13 00:00:00-04:00,66.4485855102539,66.96981912672209,66.33088863137381,66.4485855102539,6856200,0.0,0.0,0.0
2016-06-14 00:00:00-04:00,66.37292299806418,66.5494747395129,65.91895296405062,66.08708953857422,5850100,0.0,0.0,0.0
2016-06-15 00:00:00-04:00,66.1711643762691,66.9446029580408,66.13753577523558,66.69239807128906,6816000,0.0,0.0,0.0
2016-06-16 00:00:00-04:00,66.52425628331048,67.07070983560406,66.26364263803198,67.02867889404297,6448500,0.0,0.0,0.0
2016-06-17 00:00:00-04:00,66.96981749880202,67.04547702738628,66.45699264729083,66.92778015136719,9294500,0.0,0.0,0.0
2016-06-20 00:00:00-04:00,67.16317453833977,67.79369627183075,66.99503797500834,67.05388641357422,10090800,0.0,0.0,0.0
2016-06-21 00:00:00-04:00,67.27021671073224,67.52470291877732,67.08358960828855,67.32959747314453,6669500,0.715,0.0,0.0
2016-06-22 00:00:00-04:00,67.40593863136769,67.49076736390606,67.10055001661556,67.29566192626953,6439100,0.0,0.0,0.0
2016-06-23 00:00:00-04:00,67.45684427686327,67.86403131242591,67.45684427686327,67.74526977539062,4847800,0.0,0.0,0.0
2016-06-24 00:00:00-04:00,66.76123754322018,67.65195553404311,66.03169869618878,66.92241668701172,14430400,0.0,0.0,0.0
2016-06-27 00:00:00-04:00,66.70185246178208,66.88847956946793,65.88748492353118,66.795166015625,10629600,0.0,0.0,0.0
2016-06-28 00:00:00-04:00,67.2702028269916,68.25422761130721,67.0241950129086,68.24574279785156,10328500,0.0,0.0,0.0
2016-06-29 00:00:00-04:00,68.55962556746145,69.22129872328424,68.55962556746145,69.1195068359375,11383600,0.0,0.0,0.0
2016-06-30 00:00:00-04:00,69.22129863442345,69.8914566040039,68.73776775409542,69.8914566040039,10251600,0.0,0.0,0.0
2016-07-01 00:00:00-04:00,70.17138982623445,70.3664952374693,69.64544140044,69.8405532836914,12802500,0.0,0.0,0.0
2016-07-05 00:00:00-04:00,69.81512510469035,70.57859028265638,69.76422268001247,70.375,9271300,0.0,0.0,0.0
2016-07-06 00:00:00-04:00,70.23926016919049,70.3834696520014,69.7302748641828,70.12049865722656,9176100,0.0,0.0,0.0
2016-07-07 00:00:00-04:00,69.98476681923904,70.01021478983242,69.2128105271496,69.50123596191406,8439900,0.0,0.0,0.0
2016-07-08 00:00:00-04:00,69.89143916019277,70.61249289341752,69.79812563885615,70.52766418457031,6783200,0.0,0.0,0.0
2016-07-11 00:00:00-04:00,70.73126304445698,71.13844995762398,70.23925388406806,71.03665161132812,7621300,0.0,0.0,0.0
2016-07-12 00:00:00-04:00,70.6718923775869,71.16390808019536,70.57010048878331,71.12149047851562,10153600,0.0,0.0,0.0
2016-07-13 00:00:00-04:00,71.25722449902818,71.42688196855215,70.96032069135241,71.41840362548828,8052000,0.0,0.0,0.0
2016-07-14 00:00:00-04:00,71.18933688225856,71.33354633390859,70.74822371485388,70.8924331665039,8967100,0.0,0.0,0.0
2016-07-15 00:00:00-04:00,70.54464753244886,71.00272394373556,70.46829714922315,70.95182800292969,8375800,0.0,0.0,0.0
2016-07-18 00:00:00-04:00,70.94335488488316,71.1384668101677,70.85852614554909,71.1299819946289,4564400,0.0,0.0,0.0
2016-07-19 00:00:00-04:00,71.17239851202518,71.45233917236328,70.79914429824105,71.45233917236328,6164200,0.0,0.0,0.0
2016-07-20 00:00:00-04:00,71.44383332365328,71.49472925708797,71.19782552535905,71.43534851074219,5427200,0.0,0.0,0.0
2016-07-21 00:00:00-04:00,71.24025898291312,71.60502835513208,71.01969910221814,71.53716278076172,6274800,0.0,0.0,0.0
2016-07-22 00:00:00-04:00,71.33354682393079,72.33454112393387,71.33354682393079,72.13095092773438,6486700,0.0,0.0,0.0
2016-07-25 00:00:00-04:00,72.19035669530163,72.60602204429944,71.75772171539573,72.0631103515625,3462900,0.0,0.0,0.0
2016-07-26 00:00:00-04:00,71.96131398602174,72.10552347969694,71.53716384790587,71.73226928710938,3788700,0.0,0.0,0.0
2016-07-27 00:00:00-04:00,71.55411841058007,71.64743194751803,70.63795266901649,71.22328186035156,6644900,0.0,0.0,0.0
2016-07-28 00:00:00-04:00,71.17239262875368,71.97827528151568,70.91789996366184,71.74923706054688,5188800,0.0,0.0,0.0
2016-07-29 00:00:00-04:00,71.91041377442197,72.78416852223891,71.60503161986664,72.4448471069336,8250700,0.0,0.0,0.0
2016-08-01 00:00:00-04:00,72.52966049638249,72.77566830862621,72.37696621540418,72.6993179321289,6392100,0.0,0.0,0.0
2016-08-02 00:00:00-04:00,72.47878311800295,72.7332693367829,71.51172124819965,71.59654998779297,9270700,0.0,0.0,0.0
2016-08-03 00:00:00-04:00,71.59654922037303,71.73227390786396,70.94335434126816,71.2911605834961,6842100,0.0,0.0,0.0
2016-08-04 00:00:00-04:00,71.19784086713565,71.43536390370048,70.90941541415171,71.12149047851562,6382100,0.0,0.0,0.0
2016-08-05 00:00:00-04:00,71.08757335496573,71.35054439773268,70.8585286315083,71.21481323242188,8833000,0.0,0.0,0.0
2016-08-08 00:00:00-04:00,71.14694439265014,71.58805767555293,71.03666121791147,71.28266906738281,6819900,0.0,0.0,0.0
2016-08-09 00:00:00-04:00,71.22328727724893,71.55412385263926,70.87548754476916,71.54563903808594,5204300,0.0,0.0,0.0
2016-08-10 00:00:00-04:00,71.44385435695422,71.87648933456603,71.27419040886241,71.45233917236328,6626300,0.0,0.0,0.0
2016-08-11 00:00:00-04:00,71.48626607113923,71.52868367651149,70.47679307786191,70.77369689941406,7592300,0.0,0.0,0.0
2016-08-12 00:00:00-04:00,71.22328194576222,71.5795664661253,70.87548223931732,70.96879577636719,6637800,0.0,0.0,0.0
2016-08-15 00:00:00-04:00,70.84155616900095,71.32508705589198,70.84155616900095,70.91790008544922,5101600,0.0,0.0,0.0
2016-08-16 00:00:00-04:00,70.73974369991599,70.8245724141681,69.99324195367488,70.08655548095703,6807700,0.0,0.0,0.0
2016-08-17 00:00:00-04:00,70.2307879955373,70.39196713593437,69.51821232348232,70.29016876220703,10686600,0.0,0.0,0.0
2016-08-18 00:00:00-04:00,70.3495264367434,70.52766867827768,69.7387493389025,70.08655548095703,5918300,0.0,0.0,0.0
2016-08-19 00:00:00-04:00,69.68785120405875,70.01020289684357,69.39094747754433,69.57756805419922,6538000,0.0,0.0,0.0
2016-08-22 00:00:00-04:00,69.72179336472557,69.99324916149618,69.57757741642814,69.93386840820312,6701200,0.0,0.0,0.0
2016-08-23 00:00:00-04:00,70.37497440381745,70.40042237089148,70.04413788782296,70.08655548095703,4882500,0.0,0.0,0.0
2016-08-24 00:00:00-04:00,70.10352266271812,70.17138822682537,69.49274552978571,69.74723815917969,4554400,0.0,0.0,0.0
2016-08-25 00:00:00-04:00,69.65393973648439,70.45982245102384,69.65393973648439,70.00173950195312,5365800,0.0,0.0,0.0
2016-08-26 00:00:00-04:00,70.06110261248236,70.57856619464154,68.9158987643657,69.3485336303711,11479500,0.0,0.0,0.0
2016-08-29 00:00:00-04:00,70.103537870197,70.22229939713928,69.49276060476939,70.00173950195312,4256900,0.0,0.0,0.0
2016-08-30 00:00:00-04:00,70.06959980901559,70.1629133548808,69.39096348783451,69.88297271728516,5068800,0.0,0.0,0.0
2016-08-31 00:00:00-04:00,69.88298373593742,70.18837239382647,69.62849750237544,70.01871490478516,6967000,0.0,0.0,0.0
2016-09-01 00:00:00-04:00,69.96780606264397,70.10353073446946,69.5182015026781,69.89994049072266,9000400,0.0,0.0,0.0
2016-09-02 00:00:00-04:00,70.12897180905074,71.17238384067016,70.10352384008723,70.45980834960938,7591700,0.0,0.0,0.0
2016-09-06 00:00:00-04:00,70.54463902575652,71.01120019492245,70.22228084747945,70.9603042602539,9714000,0.0,0.0,0.0
2016-09-07 00:00:00-04:00,71.06210408953001,71.45232787241969,70.7227891910436,71.36749267578125,7966300,0.0,0.0,0.0
2016-09-08 00:00:00-04:00,71.113020071881,71.24874476277152,70.52769075786931,70.55313873291016,6694900,0.0,0.0,0.0
2016-09-09 00:00:00-04:00,69.44187055820127,69.6539456560526,67.74526977539062,67.74526977539062,17349400,0.0,0.0,0.0
2016-09-12 00:00:00-04:00,67.44835909019942,68.87350386206086,67.44835909019942,68.568115234375,13320200,0.0,0.0,0.0
2016-09-13 00:00:00-04:00,68.15244590003314,68.27121390135119,66.7357858919405,66.89696502685547,14340900,0.0,0.0,0.0
2016-09-14 00:00:00-04:00,67.04115940987583,67.52469023354455,66.86301715610489,67.10054016113281,7384300,0.0,0.0,0.0
2016-09-15 00:00:00-04:00,67.0665930269203,67.5416454073348,66.7442413707943,67.40591430664062,7345700,0.0,0.0,0.0
2016-09-16 00:00:00-04:00,67.20232620940162,67.43984917095928,66.93087047161926,67.33805084228516,10133700,0.0,0.0,0.0
2016-09-19 00:00:00-04:00,67.56710090756343,68.04214686895239,67.52468331586121,67.97428131103516,6199200,0.0,0.0,0.0
2016-09-20 00:00:00-04:00,68.50025420188904,68.50025420188904,67.83858095533797,67.86402893066406,7847700,0.0,0.0,0.0
2016-09-21 00:00:00-04:00,67.97428942427476,68.81411124170388,67.1259892651059,68.64444732666016,12499400,0.0,0.0,0.0
2016-09-22 00:00:00-04:00,69.31459954860391,70.02717498935769,69.27218842733109,69.97627258300781,10324100,0.0,0.0,0.0
2016-09-23 00:00:00-04:00,69.85753038511314,71.56261584847216,69.25523793173151,70.15443420410156,9020800,0.0,0.0,0.0
2016-09-26 00:00:00-04:00,69.97991089263108,70.41621124486369,69.7403653816463,70.23655700683594,5762100,0.696,0.0,0.0
2016-09-27 00:00:00-04:00,70.41621495669544,70.47609970586139,69.53505085027602,69.68904113769531,6379700,0.0,0.0,0.0
2016-09-28 00:00:00-04:00,69.81736012863517,70.1766685858747,69.51793641426889,70.07401275634766,4672900,0.0,0.0,0.0
2016-09-29 00:00:00-04:00,69.86869418366872,70.03979812616332,69.05597166940044,69.32117462158203,7136000,0.0,0.0,0.0
2016-09-30 00:00:00-04:00,69.7317979359482,69.95422320818459,68.92762594986621,68.98751068115234,9896500,0.0,0.0,0.0
2016-10-03 00:00:00-04:00,68.63676481441718,68.73086380543427,67.65293855285253,67.73848724365234,15512600,0.0,0.0,0.0
2016-10-04 00:00:00-04:00,67.79837597233474,67.79837597233474,66.42957725809343,66.76322174072266,11730800,0.0,0.0,0.0
2016-10-05 00:00:00-04:00,66.94288147471723,67.23374836991532,65.44575632991524,65.47142028808594,15890000,0.0,0.0,0.0
2016-10-06 00:00:00-04:00,65.31740933336613,66.02747574371215,64.67578447443927,65.5826187133789,13203300,0.0,0.0,0.0
2016-10-07 00:00:00-04:00,66.00182406783405,66.56645065467995,65.13776726958163,65.488525390625,10976900,0.0,0.0,0.0
2016-10-10 00:00:00-04:00,65.5398525465809,66.11303595409052,65.5398525465809,65.87349700927734,5210400,0.0,0.0,0.0
2016-10-11 00:00:00-04:00,65.72807383683725,65.89061441649237,65.06933510888196,65.21477508544922,8292700,0.0,0.0,0.0
2016-10-12 00:00:00-04:00,65.42010132453352,66.15583201853445,65.07789993921588,66.095947265625,4880700,0.0,0.0,0.0
2016-10-13 00:00:00-04:00,65.90772977112178,66.63490356489763,65.6425268235789,66.46380615234375,9980300,0.0,0.0,0.0
2016-10-14 00:00:00-04:00,66.31835539043868,66.97709402826843,66.1387011783797,66.24136352539062,9223800,0.0,0.0,0.0
2016-10-17 00:00:00-04:00,66.38680429964225,66.75466959177896,66.30125559780878,66.32691955566406,5460800,0.0,0.0,0.0
2016-10-18 00:00:00-04:00,66.71189942641213,67.1567565982634,66.54935232181856,66.78033447265625,4949300,0.0,0.0,0.0
2016-10-19 00:00:00-04:00,66.81455677465416,67.06265258789062,66.45524829766941,67.06265258789062,4842900,0.0,0.0,0.0
2016-10-20 00:00:00-04:00,66.95143973351341,67.2423066349259,66.44669127989768,66.80599975585938,3795600,0.0,0.0,0.0
2016-10-21 00:00:00-04:00,66.40392808660721,66.80600769925958,66.2413809594625,66.720458984375,4456500,0.0,0.0,0.0
2016-10-24 00:00:00-04:00,66.93432912623621,67.5160694825157,66.634905382625,66.90010833740234,5336500,0.0,0.0,0.0
2016-10-25 00:00:00-04:00,66.76323272170598,66.87444539189188,66.49802976290594,66.77178955078125,3609000,0.0,0.0,0.0
2016-10-26 00:00:00-04:00,66.43814221935011,66.56646201534215,65.59119240411512,65.99327850341797,8385500,0.0,0.0,0.0
2016-10-27 00:00:00-04:00,65.86496356383348,65.87352039402779,64.30795334287079,64.47905731201172,12575200,0.0,0.0,0.0
2016-10-28 00:00:00-04:00,64.47904105402938,65.12066609089081,64.38493552646725,64.60736083984375,7028400,0.0,0.0,0.0
2016-10-31 00:00:00-04:00,64.97522413574424,65.62540598076619,64.61591569255339,65.56552124023438,9920800,0.0,0.0,0.0
2016-11-01 00:00:00-04:00,65.22332396970353,65.2832087139484,63.940073855644336,64.1197280883789,13173300,0.0,0.0,0.0
2016-11-02 00:00:00-04:00,64.05983731442836,64.17105649109132,63.212894146414115,63.29844284057617,11959300,0.0,0.0,0.0
2016-11-03 00:00:00-04:00,63.33263932421064,63.435301633983904,62.82789765345052,62.9305534362793,8040500,0.0,0.0,0.0
2016-11-04 00:00:00-04:00,62.92204159569743,63.50378198607169,62.759494470947004,63.26423645019531,9855600,0.0,0.0,0.0
2016-11-07 00:00:00-05:00,63.863085807731,64.38494140753491,63.84597215009428,64.29939270019531,12150900,0.0,0.0,0.0
2016-11-08 00:00:00-05:00,64.28226638860043,64.87256344885529,64.1026121804678,64.69290924072266,6871400,0.0,0.0,0.0
2016-11-09 00:00:00-05:00,63.22146040599686,64.03418291220788,62.49428660671099,63.49522018432617,18535400,0.0,0.0,0.0
2016-11-10 00:00:00-05:00,63.33266284344228,63.45243231918313,61.69010443875612,62.34028625488281,26429700,0.0,0.0,0.0
2016-11-11 00:00:00-05:00,62.27184887226619,63.32411026937392,62.19485047443419,62.67393493652344,10174200,0.0,0.0,0.0
2016-11-14 00:00:00-05:00,62.45150260157233,63.96573479279474,62.0408597126093,63.7347526550293,19173600,0.0,0.0,0.0
2016-11-15 00:00:00-05:00,64.06837629314018,64.479019048443,63.08455026699283,63.50374984741211,10743900,0.0,0.0,0.0
2016-11-16 00:00:00-05:00,63.3925500951715,63.71764427960005,62.97335691345524,63.366886138916016,7474500,0.0,0.0,0.0
2016-11-17 00:00:00-05:00,63.289891569520215,63.79463342619941,62.81936396842361,62.845027923583984,10301400,0.0,0.0,0.0
2016-11-18 00:00:00-05:00,62.999024300816465,63.25567693124365,62.6996005832831,63.03324508666992,6874900,0.0,0.0,0.0
2016-11-21 00:00:00-05:00,63.31554971672172,63.743299668682106,62.94768449695793,63.04179000854492,8475000,0.0,0.0,0.0
2016-11-22 00:00:00-05:00,63.238564054369874,64.1539488746542,63.18723613843074,64.1197280883789,7707100,0.0,0.0,0.0
2016-11-23 00:00:00-05:00,63.349777318978,63.880183139288754,63.28989258033172,63.76897048950195,8504000,0.0,0.0,0.0
2016-11-25 00:00:00-05:00,63.78608226201369,64.41915700459548,63.78608226201369,64.09406280517578,3487600,0.0,0.0,0.0
2016-11-28 00:00:00-05:00,64.0683867904799,64.75278931913941,64.05982996396145,64.31648254394531,7222300,0.0,0.0,0.0
2016-11-29 00:00:00-05:00,64.3934880450372,65.1206683334129,64.33360330061248,64.84690856933594,7662400,0.0,0.0,0.0
2016-11-30 00:00:00-05:00,64.30794711405483,64.56459977943251,63.82886910076142,64.03418731689453,10068900,0.0,0.0,0.0
2016-12-01 00:00:00-05:00,63.55508188089283,63.8887262857541,62.7851307439262,63.0246696472168,12051600,0.0,0.0,0.0
2016-12-02 00:00:00-05:00,63.39256612175694,64.28228714958233,63.39256612175694,63.69198989868164,7779600,0.0,0.0,0.0
2016-12-05 00:00:00-05:00,63.820324584844194,64.2908523865038,63.58934236299744,64.19674682617188,9684400,0.0,0.0,0.0
2016-12-06 00:00:00-05:00,64.35071474126761,64.86401346536728,64.16250368614334,64.60736083984375,7492700,0.0,0.0,0.0
2016-12-07 00:00:00-05:00,64.63304384568109,65.91629416801534,64.58170939446264,65.86495971679688,10029900,0.0,0.0,0.0
2016-12-08 00:00:00-05:00,65.35165742874723,66.41247581142713,65.35165742874723,66.19860076904297,8365300,0.0,0.0,0.0
2016-12-09 00:00:00-05:00,66.19859812213313,66.72045372684028,66.05316466559458,66.14727020263672,7254700,0.0,0.0,0.0
2016-12-12 00:00:00-05:00,66.01893032324352,66.60922738405644,65.88205372370452,66.55789947509766,11162600,0.0,0.0,0.0
2016-12-13 00:00:00-05:00,66.83165920112238,66.9172078917026,66.13869979544516,66.55789947509766,10695500,0.0,0.0,0.0
2016-12-14 00:00:00-05:00,66.63487954368335,66.78886977024905,65.13775487921784,65.32596588134766,15504300,0.0,0.0,0.0
2016-12-15 00:00:00-05:00,65.31743400506654,65.59119378720206,64.65014494404548,64.8383560180664,10382200,0.0,0.0,0.0
2016-12-16 00:00:00-05:00,65.05222595765179,66.08738025675693,65.05222595765179,65.70240783691406,9811600,0.0,0.0,0.0
2016-12-19 00:00:00-05:00,66.04461691726696,66.60069338707683,65.98473216063815,66.42959594726562,10510500,0.0,0.0,0.0
2016-12-20 00:00:00-05:00,66.40390587508115,67.07119476570657,66.13014616285159,66.5493392944336,6843800,0.0,0.0,0.0
2016-12-21 00:00:00-05:00,66.59792232543128,66.95360023654618,65.68705197713977,65.73042297363281,8885800,1.076,0.0,0.0
2016-12-22 00:00:00-05:00,65.50489019497336,65.69574114712826,65.03643966291025,65.6089859008789,4245100,0.0,0.0,0.0
2016-12-23 00:00:00-05:00,65.77380148570467,65.81717910128413,65.49620195408278,65.78247833251953,2930900,0.0,0.0,0.0
2016-12-27 00:00:00-05:00,65.96465223278034,66.04272399842608,65.6003040894438,65.86054992675781,2740000,0.0,0.0,0.0
2016-12-28 00:00:00-05:00,66.0167065951412,66.0167065951412,65.20126161551173,65.47018432617188,5386600,0.0,0.0,0.0
2016-12-29 00:00:00-05:00,65.62633702325917,66.29430871110333,65.35740768372811,66.12081146240234,5736200,0.0,0.0,0.0
2016-12-30 00:00:00-05:00,66.21623193189052,66.87552672193908,65.89525476569918,66.74540710449219,5978900,0.0,0.0,0.0
2017-01-03 00:00:00-05:00,66.91891015890208,67.0750603319114,66.519861187544,67.01433563232422,6305100,0.0,0.0,0.0
2017-01-04 00:00:00-05:00,66.9969666653513,68.05531013830294,66.9969666653513,67.9338607788086,10804600,0.0,0.0,0.0
2017-01-05 00:00:00-05:00,67.50012781868703,68.21147707904703,67.16180357403381,68.16810607910156,9419600,0.0,0.0,0.0
2017-01-06 00:00:00-05:00,67.74301612789333,68.38497036542758,67.74301612789333,68.02062225341797,6768300,0.0,0.0,0.0
2017-01-09 00:00:00-05:00,68.19414268932421,68.28956817285028,67.50014037613401,67.56954193115234,6589400,0.0,0.0,0.0
2017-01-10 00:00:00-05:00,67.5435110356182,67.63893650930125,66.91023349376665,66.93626403808594,7720800,0.0,0.0,0.0
2017-01-11 00:00:00-05:00,66.92758583441,67.12710700734549,66.59793179800148,66.64998626708984,8190600,0.0,0.0,0.0
2017-01-12 00:00:00-05:00,66.66732925416875,66.97095272815677,66.11213015359196,66.95360565185547,9531700,0.0,0.0,0.0
2017-01-13 00:00:00-05:00,66.91021733995072,67.20517053789716,66.64129468003914,66.88419342041016,5200100,0.0,0.0,0.0
2017-01-17 00:00:00-05:00,67.10976777594563,67.39604422466573,66.97964151575498,67.33531951904297,6829200,0.0,0.0,0.0
2017-01-18 00:00:00-05:00,67.3353018081819,67.67362602459195,67.22252265704869,67.44807434082031,5592200,0.0,0.0,0.0
2017-01-19 00:00:00-05:00,67.0837313468447,67.24855173510919,66.61528086855,66.74540710449219,9277900,0.0,0.0,0.0
2017-01-20 00:00:00-05:00,66.75406861447728,67.22251903158696,66.66732000801127,67.17047119140625,7716600,0.0,0.0,0.0
2017-01-23 00:00:00-05:00,67.18782995906298,67.80376039470885,67.10108133749874,67.68230438232422,5135900,0.0,0.0,0.0
2017-01-24 00:00:00-05:00,67.65627349870532,67.99459772095331,67.43072842953659,67.83844757080078,6270200,0.0,0.0,0.0
2017-01-25 00:00:00-05:00,67.70833439168304,68.03798179842667,67.2832548979268,67.47410583496094,7830000,0.0,0.0,0.0
2017-01-26 00:00:00-05:00,67.54348902460738,67.83843557915017,67.29191345947127,67.4046859741211,5819700,0.0,0.0,0.0
2017-01-27 00:00:00-05:00,67.52615122374745,67.64760723074984,66.53720242104936,66.77143096923828,5415400,0.0,0.0,0.0
2017-01-30 00:00:00-05:00,66.62394577068243,66.66731676255685,66.12947145755406,66.3116455078125,5317900,0.0,0.0,0.0
2017-01-31 00:00:00-05:00,66.04271816492341,67.14444596290545,65.99934717178279,66.83214569091797,7263300,0.0,0.0,0.0
2017-02-01 00:00:00-05:00,66.70203368885213,67.17048419666114,66.02538516151544,66.04273223876953,9419400,0.0,0.0,0.0
2017-02-02 00:00:00-05:00,66.13815128039832,66.86685420564908,66.1121273577992,66.78010559082031,7063000,0.0,0.0,0.0
2017-02-03 00:00:00-05:00,67.1531446465261,67.53483995536132,66.99699445975374,67.23121643066406,7572100,0.0,0.0,0.0
2017-02-06 00:00:00-05:00,67.39603976548516,67.4047099953601,66.90156530427426,67.00566101074219,6787300,0.0,0.0,0.0
2017-02-07 00:00:00-05:00,67.20520879799304,67.32665823732002,66.80615969470468,66.9102554321289,4041100,0.0,0.0,0.0
2017-02-08 00:00:00-05:00,67.18782200203687,67.50012229747897,66.89287539994977,67.39602661132812,7792200,0.0,0.0,0.0
2017-02-09 00:00:00-05:00,67.43939816293589,67.6909737706962,67.32662562917912,67.6042251586914,3932800,0.0,0.0,0.0
2017-02-10 00:00:00-05:00,67.48279276793707,68.15944137782324,67.43941514176632,68.12474060058594,6092000,0.0,0.0,0.0
2017-02-13 00:00:00-05:00,68.22880852370119,68.4630303788115,67.91650830455866,68.35025787353516,6678900,0.0,0.0,0.0
2017-02-14 00:00:00-05:00,68.17677252018471,68.22015013621551,67.47410014625146,67.96857452392578,8255300,0.0,0.0,0.0
2017-02-15 00:00:00-05:00,67.60422111037455,67.95989238384418,67.23119614444623,67.90784454345703,10263200,0.0,0.0,0.0
2017-02-16 00:00:00-05:00,67.96859876634,68.63657722789098,67.77774777732543,68.22885131835938,8259900,0.0,0.0,0.0
2017-02-17 00:00:00-05:00,68.37629164608755,68.4717170944987,67.89916440403175,68.34159088134766,6812900,0.0,0.0,0.0
2017-02-21 00:00:00-05:00,68.23749842655805,69.25247102375538,67.97724598797156,69.2004165649414,8555800,0.0,0.0,0.0
2017-02-22 00:00:00-05:00,69.23512977990217,69.4520046448872,68.6712604257376,69.02693176269531,8049000,0.0,0.0,0.0
2017-02-23 00:00:00-05:00,69.26982968774985,69.41730300565965,68.78403211416672,69.32188415527344,7428300,0.0,0.0,0.0
2017-02-24 00:00:00-05:00,69.29582886512422,69.72957843477734,68.99220549006567,69.66885375976562,6302100,0.0,0.0,0.0
2017-02-27 00:00:00-05:00,69.80767432715142,70.2847950024756,69.6688712531332,70.0332260131836,5330300,0.0,0.0,0.0
2017-02-28 00:00:00-05:00,70.0245608502208,70.0332376984184,69.57345740288864,69.7556381225586,6795400,0.0,0.0,0.0
2017-03-01 00:00:00-05:00,69.39996185302908,69.87708923816712,69.20043405056335,69.53876495361328,10800600,0.0,0.0,0.0
2017-03-02 00:00:00-05:00,69.39126072796348,69.5040398623562,69.0616134071479,69.2524642944336,5007200,0.0,0.0,0.0
2017-03-03 00:00:00-05:00,69.13100883013733,69.24378133608046,68.42833002366537,69.08763122558594,7677600,0.0,0.0,0.0
2017-03-06 00:00:00-05:00,68.87944937783753,69.04426975295739,68.44569970495253,68.76667022705078,9243900,0.0,0.0,0.0
2017-03-07 00:00:00-05:00,68.67126088251321,68.7319855803731,68.18545668113832,68.47173309326172,4543200,0.0,0.0,0.0
2017-03-08 00:00:00-05:00,68.2028089317651,68.22883285622574,67.32663263678278,67.42205810546875,9504200,0.0,0.0,0.0
2017-03-09 00:00:00-05:00,67.37868508686824,67.65628466423087,66.35503540437557,66.56324005126953,8785000,0.0,0.0,0.0
2017-03-10 00:00:00-05:00,66.8581729378645,67.34397044358003,66.09477591195513,66.39839935302734,11824100,0.0,0.0,0.0
2017-03-13 00:00:00-04:00,66.51984188464745,66.89286682200796,66.3376678387496,66.50249481201172,8000700,0.0,0.0,0.0
2017-03-14 00:00:00-04:00,66.47648086275608,66.60660710472236,66.10345583231708,66.44178009033203,6565300,0.0,0.0,0.0
2017-03-15 00:00:00-04:00,66.60659727180759,67.99459487138591,66.52852550925066,67.66494750976562,11876100,0.0,0.0,0.0
2017-03-16 00:00:00-04:00,67.55217742919922,67.97725026168658,67.43939827675726,67.55217742919922,6476300,0.0,0.0,0.0
2017-03-17 00:00:00-04:00,67.72567503621642,68.03797533652147,67.49145312023506,67.83844757080078,10065200,0.0,0.0,0.0
2017-03-20 00:00:00-04:00,67.88181760642162,68.07266850401854,67.68228986298097,67.81241607666016,5866600,0.0,0.0,0.0
2017-03-21 00:00:00-04:00,67.93387476801175,68.18545038405365,67.52614899782297,67.59555053710938,6592500,0.0,0.0,0.0
2017-03-22 00:00:00-04:00,67.80374521682815,67.80374521682815,67.04901847932435,67.63024139404297,7913100,0.0,0.0,0.0
2017-03-23 00:00:00-04:00,67.65627267193925,68.57582648648706,67.54350013873297,68.1333999633789,8322000,0.0,0.0,0.0
2017-03-24 00:00:00-04:00,68.31292432619853,68.47932974160338,67.96260030097123,68.08521270751953,7584800,0.745,0.0,0.0
2017-03-27 00:00:00-04:00,67.90131356719318,68.18157153135901,67.36707077895879,67.62105560302734,6831700,0.0,0.0,0.0
2017-03-28 00:00:00-04:00,67.4809349817746,67.98014472638974,67.20943025619272,67.91883850097656,4988300,0.0,0.0,0.0
2017-03-29 00:00:00-04:00,68.03268747345915,68.2428792808225,67.70863648062131,68.21660614013672,3844800,0.0,0.0,0.0
2017-03-30 00:00:00-04:00,68.2165988875809,68.4705836903358,67.74366235988654,68.41803741455078,4305100,0.0,0.0,0.0
2017-03-31 00:00:00-04:00,68.44430955420249,68.93475927271332,68.3216971245748,68.74208068847656,9809800,0.0,0.0,0.0
2017-04-03 00:00:00-04:00,68.83842358206707,68.91724968059532,68.54940569059116,68.80339050292969,7249000,0.0,0.0,0.0
2017-04-04 00:00:00-04:00,68.7771137657811,69.15371099445942,68.59319512133953,68.74208068847656,6348600,0.0,0.0,0.0
2017-04-05 00:00:00-04:00,68.85594470661407,69.22378202138744,68.75084546730308,68.75960540771484,7306100,0.0,0.0,0.0
2017-04-06 00:00:00-04:00,68.81215365790108,69.28509022553509,68.45307627325191,69.2325439453125,6964800,0.0,0.0,0.0
2017-04-07 00:00:00-04:00,69.3025956511402,69.56534038653423,69.10992375131092,69.31135559082031,5327800,0.0,0.0,0.0
2017-04-10 00:00:00-04:00,69.416463034446,69.81933344300708,69.06613890643033,69.79306030273438,6903600,0.0,0.0,0.0
2017-04-11 00:00:00-04:00,69.86311473746203,70.25723185872117,69.72298910550154,70.17840576171875,9852500,0.0,0.0,0.0
2017-04-12 00:00:00-04:00,70.13461111509598,70.33604294002421,69.91565941207573,70.020751953125,4267900,0.0,0.0,0.0
2017-04-13 00:00:00-04:00,70.02951605642103,70.19592149881181,69.84559741677252,69.88063049316406,3295200,0.0,0.0,0.0
2017-04-17 00:00:00-04:00,70.1433703789029,70.7739524067004,69.95945173444134,70.75643920898438,8190100,0.0,0.0,0.0
2017-04-18 00:00:00-04:00,70.7564460995492,70.95787796134309,70.63383365796764,70.9228515625,4977700,0.0,0.0,0.0
2017-04-19 00:00:00-04:00,70.8965774758566,71.10677597718102,70.70390553912542,70.80899810791016,5894400,0.0,0.0,0.0
2017-04-20 00:00:00-04:00,70.61631919000118,70.91409705800994,70.41488731276586,70.85279083251953,10398600,0.0,0.0,0.0
2017-04-21 00:00:00-04:00,70.71263537154026,70.86152759778649,70.47617048823783,70.572509765625,6489400,0.0,0.0,0.0
2017-04-24 00:00:00-04:00,70.90532278317667,70.99290213304775,69.44272692651377,69.9594497680664,10788500,0.0,0.0,0.0
2017-04-25 00:00:00-04:00,69.99449084019193,70.27474880092024,69.86311845943997,70.16089630126953,5210600,0.0,0.0,0.0
2017-04-26 00:00:00-04:00,70.06455361140324,70.23095906443082,69.55658399407021,69.69671630859375,6893200,0.0,0.0,0.0
2017-04-27 00:00:00-04:00,69.77552795410156,70.17839829067945,69.64415559433412,69.77552795410156,5482100,0.0,0.0,0.0
2017-04-28 00:00:00-04:00,69.65293191643644,69.81057744886175,68.92601047903766,69.12744903564453,10135500,0.0,0.0,0.0
2017-05-01 00:00:00-04:00,69.2150101852411,69.67043346210671,68.96102541196521,69.54782104492188,8783500,0.0,0.0,0.0
2017-05-02 00:00:00-04:00,69.63541015430394,69.74926264854967,69.19750669383747,69.37266540527344,9063300,0.0,0.0,0.0
2017-05-03 00:00:00-04:00,69.2325376623364,69.48651578161451,68.38300390582445,68.5406494140625,8193000,0.0,0.0,0.0
2017-05-04 00:00:00-04:00,68.12902165047785,68.34797338221925,67.60353883067381,68.24287414550781,8797100,0.0,0.0,0.0
2017-05-05 00:00:00-04:00,68.38299643443702,68.93475231204832,68.32169022581354,68.89971923828125,5709500,0.0,0.0,0.0
2017-05-08 00:00:00-04:00,68.92601414742032,69.11869277307015,68.172819528177,68.50563049316406,8098200,0.0,0.0,0.0
2017-05-09 00:00:00-04:00,68.48809664901789,68.56692274429639,67.89254769198833,68.13777923583984,6412800,0.0,0.0,0.0
2017-05-10 00:00:00-04:00,68.1027600403861,68.7508554051265,67.94511449957056,68.50563049316406,5800600,0.0,0.0,0.0
2017-05-11 00:00:00-04:00,68.26039166682743,68.27790486473579,67.70862904550695,68.13777923583984,7453500,0.0,0.0,0.0
2017-05-12 00:00:00-04:00,68.26040286088413,68.27791606166448,67.85753242416138,67.95386505126953,4250500,0.0,0.0,0.0
2017-05-15 00:00:00-04:00,67.9713773742095,68.67202560129245,67.9713773742095,68.19908905029297,7994300,0.0,0.0,0.0
2017-05-16 00:00:00-04:00,68.1465325480539,68.29542479883696,67.71738903925605,67.81372833251953,5961400,0.0,0.0,0.0
2017-05-17 00:00:00-04:00,67.78746288065747,68.47059126898013,67.76994299887237,68.17281341552734,8283700,0.0,0.0,0.0
2017-05-18 00:00:00-04:00,68.13777588668528,68.51437310102962,67.63856624738007,68.35672760009766,5276500,0.0,0.0,0.0
2017-05-19 00:00:00-04:00,68.39176141106473,69.0836497023061,68.09399025583203,68.75960540771484,4662200,0.0,0.0,0.0
2017-05-22 00:00:00-04:00,68.9347559165042,69.19750064255783,68.67201787232652,68.96102905273438,5983300,0.0,0.0,0.0
2017-05-23 00:00:00-04:00,69.14495600071682,69.4077007583572,68.94352414415238,69.11868286132812,3021600,0.0,0.0,0.0
2017-05-24 00:00:00-04:00,69.20626558010196,69.67044889872112,69.17999243943763,69.5828628540039,4737100,0.0,0.0,0.0
2017-05-25 00:00:00-04:00,69.67044427017831,70.03828157879592,69.48651893399287,69.73175048828125,4379300,0.0,0.0,0.0
2017-05-26 00:00:00-04:00,69.86311292293533,69.89814600048467,69.14495153786454,69.30259704589844,4014200,0.0,0.0,0.0
2017-05-30 00:00:00-04:00,69.34638842070893,69.4514876508675,69.03109741210938,69.03109741210938,3242600,0.0,0.0,0.0
2017-05-31 00:00:00-04:00,69.17997923267778,69.39893093891781,68.82965516631855,69.0486068725586,8699800,0.0,0.0,0.0
2017-06-01 00:00:00-04:00,68.89972251799603,69.5390644513963,68.74207701947786,69.32887268066406,12433200,0.0,0.0,0.0
2017-06-02 00:00:00-04:00,69.93317494729855,70.21343286926304,69.68795010081412,70.01200103759766,7188000,0.0,0.0,0.0
2017-06-05 00:00:00-04:00,69.84560658327979,69.98573890723684,69.51280233669723,69.79306030273438,5909300,0.0,0.0,0.0
2017-06-06 00:00:00-04:00,69.74928018646361,69.74928018646361,69.35516964569837,69.4427490234375,4544800,0.0,0.0,0.0
2017-06-07 00:00:00-04:00,69.42521271588994,69.83684304395678,69.40769951723622,69.73175048828125,4284600,0.0,0.0,0.0
2017-06-08 00:00:00-04:00,69.74049419431398,69.84559341747071,68.99605973877878,69.61788177490234,6993900,0.0,0.0,0.0
2017-06-09 00:00:00-04:00,69.74926128719672,70.21343787713121,69.37266405127083,70.0645523071289,5393800,0.0,0.0,0.0
2017-06-12 00:00:00-04:00,69.89815022951713,70.52873229980469,69.80181093089672,70.52873229980469,9685800,0.0,0.0,0.0
2017-06-13 00:00:00-04:00,70.47618807246877,70.72141295541199,70.24847638893138,70.67761993408203,6308300,0.0,0.0,0.0
2017-06-14 00:00:00-04:00,71.09800543313665,71.30819722123817,70.62506889850086,70.90532684326172,6634600,0.0,0.0,0.0
2017-06-15 00:00:00-04:00,70.86156243808516,71.32573917632998,70.4236588462499,71.15057373046875,5414600,0.0,0.0,0.0
2017-06-16 00:00:00-04:00,71.18557752446769,71.2731568704173,70.78270718759887,71.10675811767578,13816600,0.0,0.0,0.0
2017-06-19 00:00:00-04:00,71.15930396809182,71.24688331352354,70.86153285724878,71.2293701171875,8272500,0.0,0.0,0.0
2017-06-20 00:00:00-04:00,71.27317792081287,71.40455031947576,70.56377632266215,70.992919921875,6433800,0.0,0.0,0.0
2017-06-21 00:00:00-04:00,70.94912574162349,71.08925138467873,70.38860980564844,70.71265411376953,3503500,0.0,0.0,0.0
2017-06-22 00:00:00-04:00,70.68638535681235,71.01043636690595,70.47619353825628,70.85279083251953,5736800,0.0,0.0,0.0
2017-06-23 00:00:00-04:00,70.92284197840237,71.4395648149725,70.84401588696522,71.1330337524414,8753700,0.0,0.0,0.0
2017-06-26 00:00:00-04:00,71.32571713541202,71.76362059192732,71.13303854544505,71.58845520019531,12060500,0.0,0.0,0.0
2017-06-27 00:00:00-04:00,71.47447349332796,71.85442213526531,71.10336274762348,71.16521453857422,8252200,0.721,0.0,0.0
2017-06-28 00:00:00-04:00,71.07684242817062,71.50096698880002,71.03265969665831,71.26239776611328,4818500,0.0,0.0,0.0
2017-06-29 00:00:00-04:00,70.84711232707191,71.20938514913284,70.30811530042348,70.48483276367188,9719800,0.0,0.0,0.0
2017-06-30 00:00:00-04:00,70.78526054080106,70.97965379517775,70.31695319598764,70.48483276367188,7245400,0.0,0.0,0.0
2017-07-03 00:00:00-04:00,70.75875562484391,71.34192866336058,70.58203141518788,71.23590087890625,7238300,0.0,0.0,0.0
2017-07-05 00:00:00-04:00,71.3331081096996,71.3331081096996,70.24627596815353,70.43183135986328,9013000,0.0,0.0,0.0
2017-07-06 00:00:00-04:00,70.06072256994825,70.2020952213658,69.10643189285304,69.20362854003906,9553800,0.0,0.0,0.0
2017-07-07 00:00:00-04:00,69.19477914864073,69.71610714616202,69.10642041351457,69.53938293457031,4878600,0.0,0.0,0.0
2017-07-10 00:00:00-04:00,69.63658125118273,69.79562967479538,68.95621155876945,69.02690124511719,5061300,0.0,0.0,0.0
2017-07-11 00:00:00-04:00,69.10642085730767,69.11525875327885,68.49673412074489,68.94737243652344,6884600,0.0,0.0,0.0
2017-07-12 00:00:00-04:00,69.51286571240588,70.09604541244069,69.3891621532479,69.81329345703125,7192300,0.0,0.0,0.0
2017-07-13 00:00:00-04:00,69.8486434982938,70.04303000478339,69.70726413938621,69.83980560302734,4048600,0.0,0.0,0.0
2017-07-14 00:00:00-04:00,70.3434674647719,70.65272642832296,70.1932569312385,70.54669189453125,4688300,0.0,0.0,0.0
2017-07-17 00:00:00-04:00,70.67923523582341,70.96198725869996,70.38765205757007,70.82945251464844,4195200,0.0,0.0,0.0
2017-07-18 00:00:00-04:00,70.87362543867569,70.94431512666092,70.56436648041485,70.65272521972656,6258400,0.0,0.0,0.0
2017-07-19 00:00:00-04:00,70.63505054567035,71.21822357177734,70.50250907658358,71.21822357177734,4149900,0.0,0.0,0.0
2017-07-20 00:00:00-04:00,71.36843308203528,71.49214339508308,70.90012574037519,70.93547058105469,6707500,0.0,0.0,0.0
2017-07-21 00:00:00-04:00,70.91781376386393,71.085693359375,70.70574468320751,71.085693359375,4459100,0.0,0.0,0.0
2017-07-24 00:00:00-04:00,71.01500365201623,71.12103144091857,70.63505501199053,70.90013122558594,3506900,0.0,0.0,0.0
2017-07-25 00:00:00-04:00,70.70572764950717,71.02382445251897,70.54667924800128,70.98847961425781,5185100,0.0,0.0,0.0
2017-07-26 00:00:00-04:00,70.87362439477394,71.58050778153529,70.83827955130191,71.36843872070312,6179000,0.0,0.0,0.0
2017-07-27 00:00:00-04:00,71.28008730737557,71.66003598706858,70.76759713637752,71.4302978515625,6891400,0.0,0.0,0.0
2017-07-28 00:00:00-04:00,71.32426544399759,71.58934166814332,71.12987216815348,71.28008270263672,4834500,0.0,0.0,0.0
2017-07-31 00:00:00-04:00,71.39494380094187,71.42145074501495,70.78525712190603,71.271240234375,7783700,0.0,0.0,0.0
2017-08-01 00:00:00-04:00,71.5893325805664,71.85441551240226,71.12102524348353,71.5893325805664,8396400,0.0,0.0,0.0
2017-08-02 00:00:00-04:00,71.35076469729233,71.456799220319,70.9001264011029,71.13870239257812,6072200,0.0,0.0,0.0
2017-08-03 00:00:00-04:00,71.05917595753641,71.3330967944249,70.77642396625805,70.89129638671875,5425800,0.0,0.0,0.0
2017-08-04 00:00:00-04:00,70.90896734391681,71.33309871291088,70.87362250138902,71.12986755371094,6411600,0.0,0.0,0.0
2017-08-07 00:00:00-04:00,71.10335575266028,71.24472837178,70.8294416684453,71.18287658691406,5017500,0.0,0.0,0.0
2017-08-08 00:00:00-04:00,70.6969317496172,71.07688052371631,70.5820592826516,70.79412841796875,7241500,0.0,0.0,0.0
2017-08-09 00:00:00-04:00,70.95315454351612,70.95315454351612,70.48484040658269,70.67040252685547,4726500,0.0,0.0,0.0
2017-08-10 00:00:00-04:00,70.46718228600184,70.68808254395168,70.11374052501391,70.13141632080078,4871500,0.0,0.0,0.0
2017-08-11 00:00:00-04:00,70.13141938871084,70.27279205448585,69.51289459458927,69.79564666748047,7364500,0.0,0.0,0.0
2017-08-14 00:00:00-04:00,70.02538122240409,70.9619961515567,69.99003637244765,70.86479949951172,9812500,0.0,0.0,0.0
2017-08-15 00:00:00-04:00,70.4936813534957,70.71458158673747,70.25511206778425,70.66156768798828,5192600,0.0,0.0,0.0
2017-08-16 00:00:00-04:00,70.71458012110219,71.15638057842892,70.70574222438046,70.9708251953125,6831800,0.0,0.0,0.0
2017-08-17 00:00:00-04:00,70.80292959059027,71.12102641750865,70.45832581831853,70.48483276367188,5811800,0.0,0.0,0.0
2017-08-18 00:00:00-04:00,70.22859918939824,70.29928213464974,69.77796086405472,69.96351623535156,8746000,0.0,0.0,0.0
2017-08-21 00:00:00-04:00,70.06070696677693,70.74991449962816,69.86631371569808,70.59086608886719,4791300,0.0,0.0,0.0
2017-08-22 00:00:00-04:00,70.71459289221382,70.86480345691146,70.35231995727591,70.52903747558594,4997900,0.0,0.0,0.0
2017-08-23 00:00:00-04:00,70.49367324920412,71.25357050350154,70.39647661844474,71.11219787597656,3743500,0.0,0.0,0.0
2017-08-24 00:00:00-04:00,71.32426354534368,71.64236039892269,71.01500458806956,71.04151153564453,3041100,0.0,0.0,0.0
2017-08-25 00:00:00-04:00,71.30659149749278,71.62468836777705,71.05035316325157,71.37728118896484,5378100,0.0,0.0,0.0
2017-08-28 00:00:00-04:00,71.51864389722003,71.51864389722003,70.82059852469884,71.0149917602539,3669800,0.0,0.0,0.0
2017-08-29 00:00:00-04:00,70.9531488021505,71.2359007959315,70.84711427648038,70.90896606445312,3815000,0.0,0.0,0.0
2017-08-30 00:00:00-04:00,70.76759710303493,71.306594223772,70.5820417118314,71.28892517089844,3266200,0.0,0.0,0.0
2017-08-31 00:00:00-04:00,71.41262428350534,71.9604592669697,71.39495523174062,71.7483901977539,7960500,0.0,0.0,0.0
2017-09-01 00:00:00-04:00,71.79257751313678,72.0929986016561,71.65119812465218,71.75723266601562,7941800,0.0,0.0,0.0
2017-09-05 00:00:00-04:00,71.88092397941061,72.06647933908928,71.26240611381505,71.60700988769531,7662200,0.0,0.0,0.0
2017-09-06 00:00:00-04:00,71.77490388741077,72.15485254308092,71.6865384045676,71.7483901977539,3944000,0.0,0.0,0.0
2017-09-07 00:00:00-04:00,71.9074396107717,72.30506406497534,71.78373602271012,72.21670532226562,7309300,0.0,0.0,0.0
2017-09-08 00:00:00-04:00,72.08415713464711,72.42876091810932,71.96928471260017,72.17251586914062,3636100,0.0,0.0,0.0
2017-09-11 00:00:00-04:00,72.43759229248397,72.83520993257733,72.20785421041246,72.78219604492188,5891200,0.0,0.0,0.0
2017-09-12 00:00:00-04:00,72.71151349219743,72.78220317689076,71.80140571112362,72.04881286621094,8297900,0.0,0.0,0.0
2017-09-13 00:00:00-04:00,72.0399975728119,72.0665045275536,71.5628521634367,71.78375244140625,3795600,0.0,0.0,0.0
2017-09-14 00:00:00-04:00,71.74838725756553,72.25203947896905,71.45680409668738,72.22553253173828,4584100,0.0,0.0,0.0
2017-09-15 00:00:00-04:00,72.26087226395838,72.5347863544212,71.88092365073295,72.52595520019531,11301500,0.0,0.0,0.0
2017-09-18 00:00:00-04:00,72.39342158213,72.57013906455776,71.9251141864906,72.13717651367188,4952300,0.0,0.0,0.0
2017-09-19 00:00:00-04:00,72.15484726082919,72.1813542072057,71.45680179377712,71.58050537109375,6087200,0.0,0.0,0.0
2017-09-20 00:00:00-04:00,71.67770656535457,71.82791709861078,71.05035074292586,71.4037857055664,6771600,0.0,0.0,0.0
2017-09-21 00:00:00-04:00,71.3507668464697,71.73071547208589,71.1740493774414,71.1740493774414,7964000,0.0,0.0,0.0
2017-09-22 00:00:00-04:00,71.14754908630023,71.47448388103457,70.69691743302658,70.74993133544922,6471900,0.0,0.0,0.0
2017-09-25 00:00:00-04:00,70.86478460542222,71.35960565947187,70.82944650423384,71.12986755371094,4983700,0.0,0.0,0.0
2017-09-26 00:00:00-04:00,71.2118698153992,71.35445042021117,71.05146238564723,71.14948272705078,6180500,0.682,0.0,0.0
2017-09-27 00:00:00-04:00,70.82866764129182,71.09600879840092,70.37417883558311,70.57913970947266,7488300,0.0,0.0,0.0
2017-09-28 00:00:00-04:00,70.45436127285633,71.16728444220199,70.43654125314535,71.10490417480469,7166100,0.0,0.0,0.0
2017-09-29 00:00:00-04:00,71.09600591348591,71.27424014326726,70.88213163668898,71.18511962890625,5569400,0.0,0.0,0.0
2017-10-02 00:00:00-04:00,71.30096838968382,71.3989955091953,70.9801535983626,71.04253387451172,10777100,0.0,0.0,0.0
2017-10-03 00:00:00-04:00,71.05145484104538,71.18512201919388,70.90886745243245,71.09600830078125,2816600,0.0,0.0,0.0
2017-10-04 00:00:00-04:00,71.09599498620054,71.60395056485962,70.917767582753,71.55048370361328,3594900,0.0,0.0,0.0
2017-10-05 00:00:00-04:00,71.59503545516486,72.06735098107221,71.36334119597197,71.77326965332031,7336800,0.0,0.0,0.0
2017-10-06 00:00:00-04:00,71.51483917236328,71.55939942413384,70.90885646255887,71.51483917236328,4752400,0.0,0.0,0.0
2017-10-09 00:00:00-04:00,71.54158622845577,71.79110736843485,71.46138591872298,71.65744018554688,2042800,0.0,0.0,0.0
2017-10-10 00:00:00-04:00,71.72872158256243,72.20103038972164,71.6128744332968,71.75545501708984,4599900,0.0,0.0,0.0
2017-10-11 00:00:00-04:00,71.84458973285486,72.21887148810704,71.55942170995674,72.05846405029297,5553500,0.0,0.0,0.0
2017-10-12 00:00:00-04:00,72.04953190105401,72.53966749995556,72.03171187879406,72.53075408935547,3952200,0.0,0.0,0.0
2017-10-13 00:00:00-04:00,72.7981179219105,72.87831823801407,72.39709594456762,72.69117736816406,2814900,0.0,0.0,0.0
2017-10-16 00:00:00-04:00,72.6644252064707,72.73571889059852,72.29014356320953,72.32579040527344,6232500,0.0,0.0,0.0
2017-10-17 00:00:00-04:00,72.32578806310417,72.50401546871215,72.20102072045093,72.38816833496094,3077700,0.0,0.0,0.0
2017-10-18 00:00:00-04:00,72.18319996780497,72.53966157434749,72.11190628670853,72.3079605102539,4559400,0.0,0.0,0.0
2017-10-19 00:00:00-04:00,72.29905479899816,72.45946219907597,71.97823999884255,72.25450134277344,3359600,0.0,0.0,0.0
2017-10-20 00:00:00-04:00,72.16539164556127,72.29015220823484,71.78219654622364,72.0228042602539,6599300,0.0,0.0,0.0
2017-10-23 00:00:00-04:00,72.1475613365648,72.19212159205527,71.61287226538127,71.68416595458984,5818400,0.0,0.0,0.0
2017-10-24 00:00:00-04:00,71.63960677961713,71.80892759430621,71.06927085522709,71.32770538330078,4442600,0.0,0.0,0.0
2017-10-25 00:00:00-04:00,70.98015132288499,71.30096610392154,70.63260310991875,71.05144500732422,7746500,0.0,0.0,0.0
2017-10-26 00:00:00-04:00,71.14948102350775,71.55941640001336,70.44547783089074,70.61479187011719,6420000,0.0,0.0,0.0
2017-10-27 00:00:00-04:00,70.7751928694159,71.07818766815393,70.18703689377516,70.93560028076172,6527000,0.0,0.0,0.0
2017-10-30 00:00:00-04:00,70.775195744056,71.37226515539484,70.775195744056,71.08709716796875,3909700,0.0,0.0,0.0
2017-10-31 00:00:00-04:00,71.08709019189988,71.25641100495397,70.58804796261255,71.22076416015625,4418600,0.0,0.0,0.0
2017-11-01 00:00:00-04:00,71.33661122967962,71.56830550012225,71.14055700165909,71.27423095703125,5343100,0.0,0.0,0.0
2017-11-02 00:00:00-04:00,71.43464253714414,72.09409214370166,71.31878859618202,71.71981048583984,6501500,0.0,0.0,0.0
2017-11-03 00:00:00-04:00,71.30097313994702,71.84457563929419,71.1227389112607,71.67525482177734,3662500,0.0,0.0,0.0
2017-11-06 00:00:00-05:00,71.96041822603826,72.70898154223578,71.77327739698887,72.50402069091797,11051000,0.0,0.0,0.0
2017-11-07 00:00:00-05:00,72.54860324729124,73.19022623030004,72.54860324729124,73.02091217041016,8746800,0.0,0.0,0.0
2017-11-08 00:00:00-05:00,72.94068096096491,73.60013055289221,72.86938727563762,73.51101684570312,8219800,0.0,0.0,0.0
2017-11-09 00:00:00-05:00,73.13673522981017,73.8585650969961,73.11000179753515,73.48428344726562,5785100,0.0,0.0,0.0
2017-11-10 00:00:00-05:00,73.11000482058826,73.68925413994562,72.90503716643768,73.52884674072266,4002700,0.0,0.0,0.0
2017-11-13 00:00:00-05:00,73.6536153905409,73.9209565526672,73.45756112561699,73.79619598388672,7762400,0.0,0.0,0.0
2017-11-14 00:00:00-05:00,73.63577574646852,73.96550393451787,73.47536835754451,73.68033599853516,6076100,0.0,0.0,0.0
2017-11-15 00:00:00-05:00,73.64469200740567,73.84965965633047,73.02088924796521,73.04762268066406,8903500,0.0,0.0,0.0
2017-11-16 00:00:00-05:00,73.01196703786246,73.6357697221209,73.01196703786246,73.5377426147461,10909600,0.0,0.0,0.0
2017-11-17 00:00:00-05:00,73.29713905133578,73.56448695894086,73.10999823558811,73.19911193847656,5042600,0.0,0.0,0.0
2017-11-20 00:00:00-05:00,73.26149694119505,73.31496380659276,72.94959556147482,73.04762268066406,4312200,0.0,0.0,0.0
2017-11-21 00:00:00-05:00,73.23475997929046,73.75162898302742,73.15455288611895,73.57339477539062,11636200,0.0,0.0,0.0
2017-11-22 00:00:00-05:00,73.3327766254753,73.60011770035771,73.21692950625348,73.36842346191406,3216900,0.0,0.0,0.0
2017-11-24 00:00:00-05:00,73.45755532844288,73.6446961668447,73.43973530528389,73.51993560791016,1742500,0.0,0.0,0.0
2017-11-27 00:00:00-05:00,73.70707061943763,73.75163087222322,73.2169418334961,73.2169418334961,4947500,0.0,0.0,0.0
2017-11-28 00:00:00-05:00,73.21694884975481,73.34170941078207,72.73572662910367,73.0565414428711,9764100,0.0,0.0,0.0
2017-11-29 00:00:00-05:00,72.91396323870072,73.13675095414516,72.60206179686679,72.9674301147461,6179300,0.0,0.0,0.0
2017-11-30 00:00:00-05:00,73.0297958595714,73.22585009794986,72.83374842013308,73.04762268066406,8833300,0.0,0.0,0.0
2017-12-01 00:00:00-05:00,73.1010749624216,73.38624285255207,72.50400575479512,73.18128204345703,9899800,0.0,0.0,0.0
2017-12-04 00:00:00-05:00,73.27041608889267,73.5823174930351,72.58422620083863,72.619873046875,9085300,0.0,0.0,0.0
2017-12-05 00:00:00-05:00,72.61096534907604,72.7357259088679,72.18321000197491,72.19212341308594,9503300,0.0,0.0,0.0
2017-12-06 00:00:00-05:00,72.29906483020329,72.4505656394205,71.87131623660765,72.16539764404297,3812900,0.0,0.0,0.0
2017-12-07 00:00:00-05:00,72.34361787742174,72.57531897522982,72.01388965357717,72.45946502685547,5994900,0.0,0.0,0.0
2017-12-08 00:00:00-05:00,72.69115983179019,72.83374720238696,72.45055214258319,72.7000732421875,3941900,0.0,0.0,0.0
2017-12-11 00:00:00-05:00,72.70008076184345,72.79810788953304,72.49511309514499,72.78028106689453,4000400,0.0,0.0,0.0
2017-12-12 00:00:00-05:00,72.96741554941613,73.26149690684595,72.57531387178318,73.07435607910156,6639100,0.0,0.0,0.0
2017-12-13 00:00:00-05:00,73.13674687428477,73.54667543196211,73.07436658939781,73.22586059570312,6450200,0.0,0.0,0.0
2017-12-14 00:00:00-05:00,73.22583548942,73.45753652481939,72.9228475806921,73.18128204345703,5853300,0.0,0.0,0.0
2017-12-15 00:00:00-05:00,73.27932260053038,73.65360425026086,73.27040919012536,73.48428344726562,7882600,0.0,0.0,0.0
2017-12-18 00:00:00-05:00,73.51102335095482,74.20611984705731,73.51102335095482,73.89421844482422,6699300,0.0,0.0,0.0
2017-12-19 00:00:00-05:00,73.99329136514224,74.09235103317178,72.36320086760493,72.47127532958984,11906100,0.87,0.0,0.0
2017-12-20 00:00:00-05:00,72.3992330051296,72.5973661032765,71.69676610881434,71.71477508544922,8030000,0.0,0.0,0.0
2017-12-21 00:00:00-05:00,71.95794635909594,71.97595533708912,71.39957184684275,71.45360565185547,7529500,0.0,0.0,0.0
2017-12-22 00:00:00-05:00,71.70576631131001,72.01196697835951,71.45359256834745,71.90389251708984,4957800,0.0,0.0,0.0
2017-12-26 00:00:00-05:00,71.86787634219795,72.44425974113722,71.80483462265872,72.25513458251953,4963300,0.0,0.0,0.0
2017-12-27 00:00:00-05:00,72.37220398467258,72.6784046334154,72.26412952986432,72.51629638671875,6613500,0.0,0.0,0.0
2017-12-28 00:00:00-05:00,72.57034044447747,72.9756076446617,72.3541915247495,72.93958282470703,6764700,0.0,0.0,0.0
2017-12-29 00:00:00-05:00,73.0836716120246,73.20074710679503,72.8224968581236,72.95758819580078,4272100,0.0,0.0,0.0
2018-01-02 00:00:00-05:00,73.01162375445791,73.1196982014288,72.47126526166548,72.58834075927734,7091600,0.0,0.0,0.0
2018-01-03 00:00:00-05:00,72.67840945960431,72.80449289640406,72.29115122628164,72.47127532958984,4625700,0.0,0.0,0.0
2018-01-04 00:00:00-05:00,72.53430909386863,72.54331701580423,71.31850073174988,71.33650970458984,12178300,0.0,0.0,0.0
2018-01-05 00:00:00-05:00,71.5616620293701,71.5616620293701,71.22843761701272,71.40856170654297,9630200,0.0,0.0,0.0
2018-01-08 00:00:00-05:00,71.49861895276882,71.9579267835256,71.42656931833025,71.81382751464844,4756600,0.0,0.0,0.0
2018-01-09 00:00:00-05:00,71.8588427188242,71.97591819294446,70.98526000976562,70.98526000976562,10440100,0.0,0.0,0.0
2018-01-10 00:00:00-05:00,70.69708800338962,70.79615453626161,69.77847918252303,70.1207046508789,8933700,0.0,0.0,0.0
2018-01-11 00:00:00-05:00,70.30982387247383,70.4359072907768,69.69741575313184,69.87753295898438,5031900,0.0,0.0,0.0
2018-01-12 00:00:00-05:00,69.75145741917821,69.85953187751544,69.18408197272922,69.31016540527344,8923800,0.0,0.0,0.0
2018-01-16 00:00:00-05:00,69.58935671857418,70.63405598276944,69.47228119594506,69.49929809570312,9984500,0.0,0.0,0.0
2018-01-17 00:00:00-05:00,69.74246962263003,70.12972791648318,69.51731961157662,69.99463653564453,5153300,0.0,0.0,0.0
2018-01-18 00:00:00-05:00,69.79649016124333,69.92257359378755,69.19308989534859,69.31016540527344,5191500,0.0,0.0,0.0
2018-01-19 00:00:00-05:00,69.37320170985966,69.7784757437357,69.17506865387998,69.76045989990234,6809000,0.0,0.0,0.0
2018-01-22 00:00:00-05:00,69.82350896842698,70.3908913014312,69.75145932756423,70.32784271240234,10181900,0.0,0.0,0.0
2018-01-23 00:00:00-05:00,70.51697382956648,71.31850717850753,70.51697382956648,71.30049133300781,7584700,0.0,0.0,0.0
2018-01-24 00:00:00-05:00,71.05732487736427,71.381541351776,70.77813426987959,71.0483169555664,7675100,0.0,0.0,0.0
2018-01-25 00:00:00-05:00,70.96727155977834,71.10235604165487,70.57100542352283,70.9132308959961,5540000,0.0,0.0,0.0
2018-01-26 00:00:00-05:00,71.03932075445374,71.13838729748169,70.4809531894223,70.94025421142578,6799200,0.0,0.0,0.0
2018-01-29 00:00:00-05:00,70.6790802786225,70.86820542534777,70.00363038130438,70.03064727783203,6094500,0.0,0.0,0.0
2018-01-30 00:00:00-05:00,69.75146370040066,69.96761263653964,69.47227991334493,69.65239715576172,5870100,0.0,0.0,0.0
2018-01-31 00:00:00-05:00,69.93157923618108,70.8051621839185,69.66139653466361,70.7511215209961,12266100,0.0,0.0,0.0
2018-02-01 00:00:00-05:00,70.60702598737372,71.09335070591673,69.50829312744668,69.57133483886719,11450000,0.0,0.0,0.0
2018-02-02 00:00:00-05:00,69.06699661637983,69.35518825982844,68.41856370086276,68.85985565185547,9794600,0.0,0.0,0.0
2018-02-05 00:00:00-05:00,68.6347032003325,69.18406957412151,66.64437866210938,66.64437866210938,12593500,0.0,0.0,0.0
2018-02-06 00:00:00-05:00,66.06801395547154,67.30183838059627,65.50063845132175,66.87855529785156,17411500,0.0,0.0,0.0
2018-02-07 00:00:00-05:00,66.725430545969,67.8511802059107,66.5813381624324,66.61736297607422,9642100,0.0,0.0,0.0
2018-02-08 00:00:00-05:00,66.47327677769177,67.08568498782591,64.6270510953839,64.65406799316406,18137800,0.0,0.0,0.0
2018-02-09 00:00:00-05:00,65.06832462324658,66.56332333829033,64.185733944204,65.99594116210938,14993100,0.0,0.0,0.0
2018-02-12 00:00:00-05:00,66.34718448181357,66.54531753378869,64.58200972853783,66.19408416748047,13618900,0.0,0.0,0.0
2018-02-13 00:00:00-05:00,66.14905124681091,66.89655071500113,65.77080098737649,66.69841766357422,8520800,0.0,0.0,0.0
2018-02-14 00:00:00-05:00,66.26613134089231,66.74344810965293,65.40155640428294,66.37419891357422,11068200,0.0,0.0,0.0
2018-02-15 00:00:00-05:00,66.55431475996481,67.19373967974282,66.31114900942545,67.03163146972656,9784000,0.0,0.0,0.0
2018-02-16 00:00:00-05:00,67.11270474714105,67.84219537346904,67.09469577153043,67.59902954101562,10139500,0.0,0.0,0.0
2018-02-20 00:00:00-05:00,67.28380118398428,67.87820027013416,66.7344348301901,66.7614517211914,9230100,0.0,0.0,0.0
2018-02-21 00:00:00-05:00,66.74344956863551,67.24778324159111,65.63570882721548,65.65372467041016,9805600,0.0,0.0,0.0
2018-02-22 00:00:00-05:00,65.91491037951893,66.80650237691674,65.78882694033265,66.26614379882812,8770300,0.0,0.0,0.0
2018-02-23 00:00:00-05:00,66.63537645451171,67.41890074439874,66.38320961299344,67.39188385009766,7871500,0.0,0.0,0.0
2018-02-26 00:00:00-05:00,67.72511176871319,67.77014451348053,67.2207780082734,67.62604522705078,6058000,0.0,0.0,0.0
2018-02-27 00:00:00-05:00,67.68007763286172,67.74311934522082,66.19408656036163,66.20309448242188,10466900,0.0,0.0,0.0
2018-02-28 00:00:00-05:00,66.56334233119213,66.97761746330778,66.0409927368164,66.0409927368164,6702600,0.0,0.0,0.0
2018-03-01 00:00:00-05:00,65.95993047403827,66.71643791390883,65.51863847554883,65.83384704589844,14216800,0.0,0.0,0.0
2018-03-02 00:00:00-05:00,65.60869952823066,65.80683260012198,65.07734890000555,65.7167739868164,6744500,0.0,0.0,0.0
2018-03-05 00:00:00-05:00,65.38356026368038,66.81551787248856,65.38356026368038,66.45527648925781,11811100,0.0,0.0,0.0
2018-03-06 00:00:00-05:00,66.48228911468078,67.04966461883058,66.14006360169031,66.87855529785156,7440000,0.0,0.0,0.0
2018-03-07 00:00:00-05:00,66.57232369107109,67.31081512048986,66.4012144318966,67.22075653076172,8993600,0.0,0.0,0.0
2018-03-08 00:00:00-05:00,67.27480424121963,67.63504554575862,67.09468702446583,67.56299591064453,8446800,0.0,0.0,0.0
2018-03-09 00:00:00-05:00,67.6710737679394,67.98628234863281,67.22978175496863,67.98628234863281,7660100,0.0,0.0,0.0
2018-03-12 00:00:00-04:00,67.95927244525429,68.47261414978979,67.85119797602434,68.32852172851562,6980200,0.0,0.0,0.0
2018-03-13 00:00:00-04:00,68.65272574229411,68.8148339810528,68.20242584252341,68.43657684326172,6437300,0.0,0.0,0.0
2018-03-14 00:00:00-04:00,68.55364991790942,68.76078399593644,68.15738386111998,68.49060821533203,5750400,0.0,0.0,0.0
2018-03-15 00:00:00-04:00,68.56266909097316,68.7968269928837,68.13038497932669,68.47261047363281,9157300,0.0,0.0,0.0
2018-03-16 00:00:00-04:00,68.39156671235112,68.97695121992118,68.22945843629238,68.87789154052734,10879600,0.0,0.0,0.0
2018-03-19 00:00:00-04:00,68.78780787600456,68.85084958498724,67.84218224126448,68.23844146728516,8155600,0.0,0.0,0.0
2018-03-20 00:00:00-04:00,68.24745944287916,68.68875147076773,67.90523395384771,68.18441772460938,6567100,0.0,0.0,0.0
2018-03-21 00:00:00-04:00,68.12137912273784,68.38255393066999,67.3018367477383,67.66207122802734,7839300,0.0,0.0,0.0
2018-03-22 00:00:00-04:00,67.49680037071235,68.35946353213714,67.25161775227305,67.26978302001953,9099500,0.618,0.0,0.0
2018-03-23 00:00:00-04:00,67.21528294459564,67.45138288981993,66.0620380435721,66.19824981689453,10044000,0.0,0.0,0.0
2018-03-26 00:00:00-04:00,66.74309424555344,67.15172266360432,66.33446582750256,67.03367614746094,6054900,0.0,0.0,0.0
2018-03-27 00:00:00-04:00,67.14266121878156,68.09613003940915,66.46160909203877,67.21530151367188,10805600,0.0,0.0,0.0
2018-03-28 00:00:00-04:00,67.52405482982736,68.71362376806525,67.21530756865366,68.51384735107422,15032300,0.0,0.0,0.0
2018-03-29 00:00:00-04:00,68.65005184931172,68.85891087970458,68.27774696211624,68.5320053100586,9078800,0.0,0.0,0.0
2018-04-02 00:00:00-04:00,68.49567777258011,68.71361249717718,67.18805556895772,67.58760833740234,11055500,0.0,0.0,0.0
2018-04-03 00:00:00-04:00,67.77828871387226,68.2958879126736,67.33333671827567,68.03254699707031,11062800,0.0,0.0,0.0
2018-04-04 00:00:00-04:00,67.7419776345687,68.93155329088263,67.47863667028606,68.79534149169922,8767300,0.0,0.0,0.0
2018-04-05 00:00:00-04:00,68.80441310429553,68.98603113507482,68.2958964741525,68.85890197753906,12880100,0.0,0.0,0.0
2018-04-06 00:00:00-04:00,68.74994126544283,69.1494940638728,68.0325655264529,68.24142456054688,11896300,0.0,0.0,0.0
2018-04-09 00:00:00-04:00,68.10519371411898,68.68635747957131,68.00530554243012,68.12335205078125,8584000,0.0,0.0,0.0
2018-04-10 00:00:00-04:00,68.44120269998818,68.5592492443347,67.66933806011886,67.86003875732422,9125800,0.0,0.0,0.0
2018-04-11 00:00:00-04:00,67.67841610082283,68.5683272246263,67.67841610082283,68.014404296875,4463000,0.0,0.0,0.0
2018-04-12 00:00:00-04:00,68.20508918951886,68.20508918951886,67.178973321765,67.36966705322266,7667100,0.0,0.0,0.0
2018-04-13 00:00:00-04:00,67.16079905714308,67.72380447079262,67.16079905714308,67.60575103759766,4644700,0.0,0.0,0.0
2018-04-16 00:00:00-04:00,67.60575745754574,68.25049276524902,67.56944078174915,67.93266296386719,6894800,0.0,0.0,0.0
2018-04-17 00:00:00-04:00,68.10519131074571,69.18579589650874,67.95082120649909,68.81348419189453,8517400,0.0,0.0,0.0
2018-04-18 00:00:00-04:00,68.80440607902938,69.08591226598925,68.65911859725999,68.69544219970703,5600300,0.0,0.0,0.0
2018-04-19 00:00:00-04:00,68.3685403317674,68.4502632455935,67.26977727953971,67.71472930908203,8191800,0.0,0.0,0.0
2018-04-20 00:00:00-04:00,67.65117475441306,67.93267406998174,67.07001085438857,67.13357543945312,10076500,0.0,0.0,0.0
2018-04-23 00:00:00-04:00,67.20621894011171,67.4423119984186,66.86114813055276,67.1789779663086,5820000,0.0,0.0,0.0
2018-04-24 00:00:00-04:00,67.32427247436858,67.68750166158375,67.04277314508658,67.34243774414062,6190900,0.0,0.0,0.0
2018-04-25 00:00:00-04:00,67.12448108907022,67.41506298836414,66.53423465762407,67.19712829589844,7894600,0.0,0.0,0.0
2018-04-26 00:00:00-04:00,67.41507512467712,68.36855083389368,67.32426956380417,68.014404296875,7028000,0.0,0.0,0.0
2018-04-27 00:00:00-04:00,67.90543382983854,69.11316788716046,67.8146282684804,68.89523315429688,8633000,0.0,0.0,0.0
2018-04-30 00:00:00-04:00,68.84981597591047,69.25844440113995,68.66820488203496,68.68636322021484,8889100,0.0,0.0,0.0
2018-05-01 00:00:00-04:00,68.74083940098552,69.25843859596715,68.48658111966381,69.16763305664062,7872300,0.0,0.0,0.0
2018-05-02 00:00:00-04:00,69.01327198996229,69.26753030460009,68.45934912106445,68.93154907226562,8745700,0.0,0.0,0.0
2018-05-03 00:00:00-04:00,68.79534086820198,69.23121030801471,68.65004643625117,68.95879364013672,4850100,0.0,0.0,0.0
2018-05-04 00:00:00-04:00,68.96786606364921,69.87593543606339,68.95879035809911,69.68524169921875,7379300,0.0,0.0,0.0
2018-05-07 00:00:00-04:00,69.8033017868357,70.1846892967784,69.6852483232676,70.06664276123047,10398100,0.0,0.0,0.0
2018-05-08 00:00:00-04:00,69.88501801059928,70.03031243551219,69.48546527010832,69.72156524658203,11142500,0.0,0.0,0.0
2018-05-09 00:00:00-04:00,69.60351338108602,70.16651191437109,69.47638423305267,70.14835357666016,8030200,0.0,0.0,0.0
2018-05-10 00:00:00-04:00,70.46618527640182,70.89297901028631,70.37537972043104,70.7930908203125,8522900,0.0,0.0,0.0
2018-05-11 00:00:00-04:00,70.80217464576494,71.06551561212555,70.41170451330194,70.50251007080078,7923200,0.0,0.0,0.0
2018-05-14 00:00:00-04:00,70.42986112807425,70.57515555892867,69.63984517636759,69.98490905761719,10030300,0.0,0.0,0.0
2018-05-15 00:00:00-04:00,69.48548000749196,69.65801544166472,68.74086324193411,68.94972229003906,11364200,0.0,0.0,0.0
2018-05-16 00:00:00-04:00,69.12225077419843,69.25845565272306,68.63189242744899,68.74993896484375,7299600,0.0,0.0,0.0
2018-05-17 00:00:00-04:00,68.64096580112955,68.89523106444787,68.25957829818215,68.39579010009766,9778200,0.0,0.0,0.0
2018-05-18 00:00:00-04:00,68.52291466669847,68.75901464563083,68.23233274186617,68.55015563964844,8443700,0.0,0.0,0.0
2018-05-21 00:00:00-04:00,68.65912783453552,69.39466183099387,68.30498132305412,69.28569793701172,7944100,0.0,0.0,0.0
2018-05-22 00:00:00-04:00,69.25844191932215,69.41281896440543,69.01326625857396,69.37649536132812,7426100,0.0,0.0,0.0
2018-05-23 00:00:00-04:00,69.52178451685904,70.13019622300597,69.31293245416754,69.96674346923828,6833200,0.0,0.0,0.0
2018-05-24 00:00:00-04:00,70.03031231738404,70.19376508112559,69.41282486858482,69.7942123413086,7142700,0.0,0.0,0.0
2018-05-25 00:00:00-04:00,69.74881297035586,70.26641228517325,69.68524838530881,70.03031921386719,5475900,0.0,0.0,0.0
2018-05-29 00:00:00-04:00,70.12111973259998,70.511589849249,69.6307614283417,70.23916625976562,7454700,0.0,0.0,0.0
2018-05-30 00:00:00-04:00,70.1120414473457,71.39242269810268,70.04847686292644,71.12908172607422,10052900,0.0,0.0,0.0
2018-05-31 00:00:00-04:00,70.8838920448394,71.21988020222216,70.66595733822271,71.00194549560547,11575600,0.0,0.0,0.0
2018-06-01 00:00:00-04:00,70.99286539679464,71.39241814653985,70.67504249496079,71.24712371826172,9777800,0.0,0.0,0.0
2018-06-04 00:00:00-04:00,71.41966824855618,71.87370300292969,71.17448560150298,71.87370300292969,8022200,0.0,0.0,0.0
2018-06-05 00:00:00-04:00,72.00083269302539,72.14612021288961,71.52863266542032,71.78289794921875,12342700,0.0,0.0,0.0
2018-06-06 00:00:00-04:00,71.64667405758291,71.86460876464844,71.34700950535569,71.86460876464844,5980400,0.0,0.0,0.0
2018-06-07 00:00:00-04:00,71.8736953130724,72.02806545031821,71.44690158114122,71.91001892089844,7244200,0.0,0.0,0.0
2018-06-08 00:00:00-04:00,71.87368268766916,72.16426457121374,71.75562925096696,72.11885833740234,4491300,0.0,0.0,0.0
2018-06-11 00:00:00-04:00,72.03715099102311,72.22784474378956,71.96450377243968,72.13703918457031,10024600,0.0,0.0,0.0
2018-06-12 00:00:00-04:00,71.95541155921453,72.66370452606294,71.83736504074618,72.50025177001953,4860400,0.0,0.0,0.0
2018-06-13 00:00:00-04:00,72.52750223832723,72.63646612753627,70.95653919804256,71.03826904296875,10046100,0.0,0.0,0.0
2018-06-14 00:00:00-04:00,71.3651723509869,71.97358412732936,71.24712582054248,71.74656677246094,6749900,0.0,0.0,0.0
2018-06-15 00:00:00-04:00,71.75563403363692,72.18242771904383,71.56494030935238,71.81919860839844,12840300,0.0,0.0,0.0
2018-06-18 00:00:00-04:00,71.47415403550494,71.75565338134766,71.26530191698322,71.75565338134766,6088900,0.0,0.0,0.0
2018-06-19 00:00:00-04:00,71.59218970585532,72.02806607553143,71.51954941759253,71.74656677246094,6031100,0.0,0.0,0.0
2018-06-20 00:00:00-04:00,71.77380845586076,72.52750774419705,71.71024387299023,72.4457778930664,9409200,0.0,0.0,0.0
2018-06-21 00:00:00-04:00,72.4730215168338,72.86349166246148,72.30049303017519,72.8180923461914,8941900,0.0,0.0,0.0
2018-06-22 00:00:00-04:00,72.85441738780959,73.31752783417485,72.57291113811388,73.28120422363281,6692700,0.0,0.0,0.0
2018-06-25 00:00:00-04:00,73.49913168045133,73.49913168045133,72.65462695063671,73.02693176269531,6948000,0.0,0.0,0.0
2018-06-26 00:00:00-04:00,73.15071449332879,73.59083218016937,72.91231712148043,73.31575775146484,6122700,0.775,0.0,0.0
2018-06-27 00:00:00-04:00,73.57249559791525,73.67335576287435,72.92149353027344,72.92149353027344,6978500,0.0,0.0,0.0
2018-06-28 00:00:00-04:00,72.98567392337101,73.79255521305858,72.96733889198428,73.70085906982422,8832800,0.0,0.0,0.0
2018-06-29 00:00:00-04:00,73.53582585271106,74.17766396587724,73.13239214818023,73.8842544555664,8417700,0.0,0.0,0.0
2018-07-02 00:00:00-04:00,73.84756293543815,73.92091704751418,72.67392512395426,73.44412231445312,14329300,0.0,0.0,0.0
2018-07-03 00:00:00-04:00,73.61834271102674,74.50774215655629,73.37994532464793,73.99427032470703,7059800,0.0,0.0,0.0
2018-07-05 00:00:00-04:00,74.17765535513546,74.95702362060547,73.93925796960842,74.95702362060547,12157500,0.0,0.0,0.0
2018-07-06 00:00:00-04:00,75.12205945525902,75.34211479181552,74.95701620398339,75.26876068115234,8450500,0.0,0.0,0.0
2018-07-09 00:00:00-04:00,75.25043598069908,75.28711304106527,74.28768238353021,74.59943389892578,6359800,0.0,0.0,0.0
2018-07-10 00:00:00-04:00,74.66361578638167,74.94785425528524,74.31519421174394,74.82865905761719,6553900,0.0,0.0,0.0
2018-07-11 00:00:00-04:00,74.70029406607429,74.96619750715364,74.52607977819342,74.59943389892578,5535900,0.0,0.0,0.0
2018-07-12 00:00:00-04:00,74.41606244447844,74.92952734601496,74.41606244447844,74.81949615478516,4568200,0.0,0.0,0.0
2018-07-13 00:00:00-04:00,74.95702906759922,75.14040738029428,74.54442436631824,74.56275939941406,4581000,0.0,0.0,0.0
2018-07-16 00:00:00-04:00,74.4802502044098,74.55359734103824,73.8109059913416,74.2235107421875,5306200,0.0,0.0,0.0
2018-07-17 00:00:00-04:00,74.2234855853342,74.41604186559584,73.68251478444802,73.82921600341797,11247200,0.0,0.0,0.0
2018-07-18 00:00:00-04:00,73.61834930781356,73.91175881140478,73.12321945885944,73.4808120727539,6169300,0.0,0.0,0.0
2018-07-19 00:00:00-04:00,73.3341181237989,74.48941422434143,73.18740985967187,74.2235107421875,8434600,0.0,0.0,0.0
2018-07-20 00:00:00-04:00,73.98511942393405,74.11348565579704,73.32494623410449,73.60001373291016,9477800,0.0,0.0,0.0
2018-07-23 00:00:00-04:00,73.44413965562181,73.57250588434732,72.99485785508254,73.41663360595703,4977000,0.0,0.0,0.0
2018-07-24 00:00:00-04:00,73.52663702062993,73.6916802516977,72.86646409635884,73.05901336669922,6786400,0.0,0.0,0.0
2018-07-25 00:00:00-04:00,73.09569360101534,73.79254360647661,73.09569360101534,73.6550064086914,6448600,0.0,0.0,0.0
2018-07-26 00:00:00-04:00,73.91176258694148,74.26018420418076,73.56334096970218,73.85675048828125,5477800,0.0,0.0,0.0
2018-07-27 00:00:00-04:00,74.01262029329595,74.06763239011917,73.06820865551335,73.14155578613281,7163000,0.0,0.0,0.0
2018-07-30 00:00:00-04:00,73.21491033326613,73.3616185862178,72.66476837556641,73.24241638183594,10811000,0.0,0.0,0.0
2018-07-31 00:00:00-04:00,73.69169141934755,74.7277920297476,73.57248923719216,74.49856567382812,16050000,0.0,0.0,0.0
2018-08-01 00:00:00-04:00,73.84756844106586,74.88366911851087,73.48997586232672,74.74613189697266,18394300,0.0,0.0,0.0
2018-08-02 00:00:00-04:00,74.69111497334849,74.97535341615001,74.45271760447095,74.49856567382812,7756000,0.0,0.0,0.0
2018-08-03 00:00:00-04:00,74.73696839411812,75.42464751111662,74.56275411260638,75.37879943847656,8897000,0.0,0.0,0.0
2018-08-06 00:00:00-04:00,75.25042165836825,75.6171851967904,75.08537841584992,75.33294677734375,6988700,0.0,0.0,0.0
2018-08-07 00:00:00-04:00,75.27794674395658,75.35130086928524,74.75531084300007,75.06706237792969,5188300,0.0,0.0,0.0
2018-08-08 00:00:00-04:00,75.0487140397689,75.06705606727631,74.52607818274878,74.61776733398438,4143400,0.0,0.0,0.0
2018-08-09 00:00:00-04:00,74.61776125825783,74.9295127415952,74.56274917108259,74.70945739746094,4609000,0.0,0.0,0.0
2018-08-10 00:00:00-04:00,74.54441615395052,74.81031257943495,74.04011535644531,74.04011535644531,6231700,0.0,0.0,0.0
2018-08-13 00:00:00-04:00,74.1043086597138,74.278522958368,73.86591125030819,74.00344848632812,5135100,0.0,0.0,0.0
2018-08-14 00:00:00-04:00,74.09513172995999,74.55358448313719,74.04929065190258,74.4068832397461,4485400,0.0,0.0,0.0
2018-08-15 00:00:00-04:00,74.40688124928336,75.05788330192792,74.260173014383,74.96619415283203,8520300,0.0,0.0,0.0
2018-08-16 00:00:00-04:00,75.06705626680314,75.57135009765625,74.95702508776766,75.57135009765625,6528800,0.0,0.0,0.0
2018-08-17 00:00:00-04:00,75.47965843415083,76.25902668893768,75.47965843415083,76.24986267089844,6872200,0.0,0.0,0.0
2018-08-20 00:00:00-04:00,76.35072993011792,76.67165250200132,76.18568663431085,76.36907196044922,6258900,0.0,0.0,0.0
2018-08-21 00:00:00-04:00,76.37824200997717,76.42408309435602,75.66304974023201,75.85560607910156,4894100,0.0,0.0,0.0
2018-08-22 00:00:00-04:00,75.72723215178935,75.86476939451887,75.1312490923527,75.43382263183594,6582800,0.0,0.0,0.0
2018-08-23 00:00:00-04:00,75.33295077455739,75.54383509842275,75.1954135659222,75.26876068115234,3381300,0.0,0.0,0.0
2018-08-24 00:00:00-04:00,75.1037353392474,75.65387725830078,75.07622229717579,75.65387725830078,4421800,0.0,0.0,0.0
2018-08-27 00:00:00-04:00,75.68139308907679,75.77308225486698,75.15875714909426,75.51634979248047,5850000,0.0,0.0,0.0
2018-08-28 00:00:00-04:00,75.49799532290409,76.34155369731882,75.35129408089747,76.32321166992188,8055400,0.0,0.0,0.0
2018-08-29 00:00:00-04:00,76.38739289582335,76.55243616116687,76.2315206439527,76.24986267089844,7278500,0.0,0.0,0.0
2018-08-30 00:00:00-04:00,76.34154794080536,76.49742018475693,75.8464181699298,75.98395538330078,3659900,0.0,0.0,0.0
2018-08-31 00:00:00-04:00,76.01145609384703,76.38738365555675,75.92893097344118,76.2681884765625,5541800,0.0,0.0,0.0
2018-09-04 00:00:00-04:00,75.87393128224068,76.24986590078272,75.3054473452139,75.4613265991211,9942300,0.0,0.0,0.0
2018-09-05 00:00:00-04:00,75.09456062945911,76.09398425041903,75.00287148003503,75.80974578857422,8536700,0.0,0.0,0.0
2018-09-06 00:00:00-04:00,76.05730896995611,76.24986528231291,75.91977874032104,76.10315704345703,7589000,0.0,0.0,0.0
2018-09-07 00:00:00-04:00,75.66304471027071,75.7455698493622,75.13124479513344,75.17708587646484,8786400,0.0,0.0,0.0
2018-09-10 00:00:00-04:00,75.50716901565507,75.97479279479576,75.4613279364038,75.65387725830078,8121800,0.0,0.0,0.0
2018-09-11 00:00:00-04:00,75.37880589316919,75.80058161492624,75.2504396733055,75.49800109863281,8158500,0.0,0.0,0.0
2018-09-12 00:00:00-04:00,75.66303272655912,75.71805180905083,75.29627615225837,75.56217956542969,7789300,0.0,0.0,0.0
2018-09-13 00:00:00-04:00,75.83724508537927,76.14899656019999,75.61718974725662,76.01145935058594,6732900,0.0,0.0,0.0
2018-09-14 00:00:00-04:00,75.75471774840972,75.80972982739505,74.93867259811029,75.39712524414062,7777000,0.0,0.0,0.0
2018-09-17 00:00:00-04:00,75.24126446289709,75.80057738772649,75.17708135654456,75.66304016113281,6007700,0.0,0.0,0.0
2018-09-18 00:00:00-04:00,75.52549142539455,75.72720471348484,75.17706293733487,75.39712524414062,8338100,0.0,0.0,0.0
2018-09-19 00:00:00-04:00,75.30543176100126,75.36961485388036,74.36102039630921,74.39769744873047,8423500,0.0,0.0,0.0
2018-09-20 00:00:00-04:00,74.3977200769705,75.15875340645876,74.2143417545217,75.14041137695312,8962100,0.0,0.0,0.0
2018-09-21 00:00:00-04:00,74.97534843207264,75.47047816739632,74.89283030723507,75.10372161865234,8127600,0.0,0.0,0.0
2018-09-24 00:00:00-04:00,74.89284103889231,74.9111760707837,73.4991477658328,73.78338623046875,8941400,0.0,0.0,0.0
2018-09-25 00:00:00-04:00,73.74670206506154,74.15930669948013,73.57248779942863,73.66417694091797,8988400,0.0,0.0,0.0
2018-09-26 00:00:00-04:00,73.8512239837685,73.8512239837685,72.86974606920711,72.99011993408203,11455100,0.782,0.0,0.0
2018-09-27 00:00:00-04:00,73.11048754454566,73.56418540588493,73.00863599507443,73.18456268310547,7391600,0.0,0.0,0.0
2018-09-28 00:00:00-04:00,73.26789816148867,74.19381627983316,73.26789816148867,74.09196472167969,9308700,0.0,0.0,0.0
2018-10-01 00:00:00-04:00,74.10122125427233,74.3049243578609,73.4808578491211,73.4808578491211,12583000,0.0,0.0,0.0
2018-10-02 00:00:00-04:00,73.64751485690816,73.90677075357432,73.37899780273438,73.37899780273438,7365300,0.0,0.0,0.0
2018-10-03 00:00:00-04:00,73.35124001990442,73.73086280379066,72.32347026558055,72.86975860595703,13807100,0.0,0.0,0.0
2018-10-04 00:00:00-04:00,72.54568960991693,72.5734660256659,71.72162297645329,72.13829040527344,12966500,0.0,0.0,0.0
2018-10-05 00:00:00-04:00,72.11975995756575,72.56420375204698,72.0364307197099,72.04568481445312,11725300,0.0,0.0,0.0
2018-10-08 00:00:00-04:00,72.25865930512575,73.33272077539621,72.17532299128834,72.9993896484375,8456400,0.0,0.0,0.0
2018-10-09 00:00:00-04:00,73.01789494307046,73.4530775386931,72.73086262008268,73.15678405761719,7122500,0.0,0.0,0.0
2018-10-10 00:00:00-04:00,73.05492468114889,73.36973338046582,72.054931640625,72.054931640625,11699500,0.0,0.0,0.0
2018-10-11 00:00:00-04:00,72.24938604287183,72.24938604287183,69.99940484487746,70.09199523925781,19049500,0.0,0.0,0.0
2018-10-12 00:00:00-04:00,70.95310357969336,71.01791756606197,69.5827487067014,69.95311737060547,12504500,0.0,0.0,0.0
2018-10-15 00:00:00-04:00,69.87903529471221,71.05494809197685,69.87903529471221,70.33273315429688,9889100,0.0,0.0,0.0
2018-10-16 00:00:00-04:00,70.58274721200488,71.98087860219356,70.24015493626452,71.86051177978516,8111000,0.0,0.0,0.0
2018-10-17 00:00:00-04:00,71.73086242693599,71.94381959268956,71.1012379584675,71.5086441040039,8601900,0.0,0.0,0.0
2018-10-18 00:00:00-04:00,71.53642856300229,72.11975437542662,71.24938917170664,71.4253158569336,7128900,0.0,0.0,0.0
2018-10-19 00:00:00-04:00,71.40680046388641,72.29568091810152,71.40680046388641,71.97161102294922,6943800,0.0,0.0,0.0
2018-10-22 00:00:00-04:00,72.16606601506989,72.4808748089693,71.02718353271484,71.02718353271484,8100600,0.0,0.0,0.0
2018-10-23 00:00:00-04:00,70.81421046452348,71.82345767541484,70.54569340168793,71.48086547851562,10027200,0.0,0.0,0.0
2018-10-24 00:00:00-04:00,71.54568471707206,72.6660517756573,71.43457907199817,71.9993896484375,14149900,0.0,0.0,0.0
2018-10-25 00:00:00-04:00,72.11975386663937,73.3327042098414,71.83272154156258,72.88826751708984,9473500,0.0,0.0,0.0
2018-10-26 00:00:00-04:00,72.5827080425224,72.65678317444639,70.73087212958305,71.1753158569336,12416500,0.0,0.0,0.0
2018-10-29 00:00:00-04:00,71.7030961545836,72.56420022487681,71.59198344531559,71.9993896484375,9833500,0.0,0.0,0.0
2018-10-30 00:00:00-04:00,72.3141966071144,73.57344569090723,71.99938786826317,73.08271026611328,12266600,0.0,0.0,0.0
2018-10-31 00:00:00-04:00,72.92530392559426,73.20307508809739,72.09197630969739,72.32345581054688,11253000,0.0,0.0,0.0
2018-11-01 00:00:00-04:00,72.38829208549396,72.7031009128047,71.98088577796626,72.59199523925781,13821500,0.0,0.0,0.0
2018-11-02 00:00:00-04:00,72.69382595048688,72.69382595048688,71.1845750521872,71.97161102294922,9900600,0.0,0.0,0.0
2018-11-05 00:00:00-05:00,72.14752670297504,73.24937135050457,71.97160709189752,73.02715301513672,14536600,0.0,0.0,0.0
2018-11-06 00:00:00-05:00,72.96234201097452,73.3882634478555,72.9067821267248,73.34196472167969,5133400,0.0,0.0,0.0
2018-11-07 00:00:00-05:00,73.79567829587428,74.26789855957031,73.27716636033058,74.26789855957031,7704800,0.0,0.0,0.0
2018-11-08 00:00:00-05:00,74.07343596694828,74.32343070509167,73.70306737427488,74.295654296875,5218800,0.0,0.0,0.0
2018-11-09 00:00:00-05:00,74.11975076604998,74.51789585329435,73.91604764268845,74.39752197265625,6148400,0.0,0.0,0.0
2018-11-12 00:00:00-05:00,74.39750005557745,75.04564680844149,74.24009571178483,74.31417083740234,5749800,0.0,0.0,0.0
2018-11-13 00:00:00-05:00,74.45305766730975,74.74935109657488,73.94380002442001,74.37898254394531,5401800,0.0,0.0,0.0
2018-11-14 00:00:00-05:00,74.69380344478256,74.83269255777041,73.87899814701754,74.2493667602539,6817300,0.0,0.0,0.0
2018-11-15 00:00:00-05:00,73.97159589304093,74.08270860732355,72.9901249748916,73.78641510009766,9149300,0.0,0.0,0.0
2018-11-16 00:00:00-05:00,73.64751583239192,74.67528533935547,73.51788788234188,74.67528533935547,11869700,0.0,0.0,0.0
2018-11-19 00:00:00-05:00,74.65676302409491,75.156759573228,74.15676647496183,74.67528533935547,5518700,0.0,0.0,0.0
2018-11-20 00:00:00-05:00,74.52713757473232,74.8234310511019,73.87899780273438,73.87899780273438,12269600,0.0,0.0,0.0
2018-11-21 00:00:00-05:00,73.86973751570532,74.5086232014883,73.5827051938927,73.98085021972656,6545800,0.0,0.0,0.0
2018-11-23 00:00:00-05:00,73.86974698089554,74.09196535321784,73.34197393150839,73.7308578491211,2618000,0.0,0.0,0.0
2018-11-26 00:00:00-05:00,74.073441535602,74.24010706162485,73.58270611569965,73.9901123046875,4867500,0.0,0.0,0.0
2018-11-27 00:00:00-05:00,73.77715198302039,74.23084985862559,73.58271003633244,74.22159576416016,7151500,0.0,0.0,0.0
2018-11-28 00:00:00-05:00,74.17529808273801,74.96232703926579,73.95307972112656,74.87899780273438,9827700,0.0,0.0,0.0
2018-11-29 00:00:00-05:00,74.84196109304818,75.28639782138568,74.42529371301305,74.98085021972656,6261900,0.0,0.0,0.0
2018-11-30 00:00:00-05:00,75.00862668209983,75.7215805053711,74.84196114281384,75.7215805053711,8392100,0.0,0.0,0.0
2018-12-03 00:00:00-05:00,76.12897047674676,76.12897047674676,75.34194167863298,76.07341766357422,11246200,0.0,0.0,0.0
2018-12-04 00:00:00-05:00,76.07342653388211,76.2123085830074,74.7123259389043,74.89750671386719,11586400,0.0,0.0,0.0
2018-12-06 00:00:00-05:00,74.54567109300339,76.84194411389288,73.86048658627489,76.77713012695312,18088000,0.0,0.0,0.0
2018-12-07 00:00:00-05:00,76.48082311426016,76.71230260738092,75.49009116627106,75.69379425048828,14480700,0.0,0.0,0.0
2018-12-10 00:00:00-05:00,75.74011118766896,75.81417927449135,74.3604879906982,75.26789093017578,11460600,0.0,0.0,0.0
2018-12-11 00:00:00-05:00,75.51786721856878,76.00860261139651,75.31416413531346,75.32342529296875,6209100,0.0,0.0,0.0
2018-12-12 00:00:00-05:00,75.77712724175346,75.85120237863855,74.07344147855964,74.08270263671875,7830400,0.0,0.0,0.0
2018-12-13 00:00:00-05:00,74.13825389220122,75.1289858684945,74.12899273423763,74.52713775634766,6059700,0.0,0.0,0.0
2018-12-14 00:00:00-05:00,74.2956462641122,74.71231353489267,74.00861399131574,74.37898254394531,7787900,0.0,0.0,0.0
2018-12-17 00:00:00-05:00,74.48332385467063,74.69753976061021,71.46561963443972,71.63327026367188,13336700,0.472,0.0,0.0
2018-12-18 00:00:00-05:00,72.15483882010494,72.77886888501082,71.9685564161387,72.27591705322266,9069300,0.0,0.0,0.0
2018-12-19 00:00:00-05:00,72.29455787030727,72.99310098399093,71.2979699790232,71.48424530029297,15919200,0.0,0.0,0.0
2018-12-20 00:00:00-05:00,71.4562977744393,71.64257307762213,69.94744223724808,70.44107818603516,13771500,0.0,0.0,0.0
2018-12-21 00:00:00-05:00,70.65530007506266,71.93130791034608,69.45380520226598,69.5655746459961,12539500,0.0,0.0,0.0
2018-12-24 00:00:00-05:00,69.29545837105898,69.54693069305115,67.03217904934556,67.06011962890625,9458300,0.0,0.0,0.0
2018-12-26 00:00:00-05:00,67.24639460803313,69.32339865313158,66.51060232960593,69.2582015991211,12387500,0.0,0.0,0.0
2018-12-27 00:00:00-05:00,68.74595027306778,69.45380924601042,67.43269298602765,69.36998748779297,11498600,0.0,0.0,0.0
2018-12-28 00:00:00-05:00,70.01265221794077,70.32932881890004,69.09057721699665,69.58421325683594,13789700,0.0,0.0,0.0
2018-12-31 00:00:00-05:00,69.71459490607265,69.91950200417315,68.61555355749047,69.79842376708984,10767400,0.0,0.0,0.0
2019-01-02 00:00:00-05:00,68.99742496378023,69.09056261286396,67.92632423444952,68.28956604003906,14797200,0.0,0.0,0.0
2019-01-03 00:00:00-05:00,68.28955548111428,69.76115426931896,68.15916137136917,68.72731018066406,10602800,0.0,0.0,0.0
2019-01-04 00:00:00-05:00,69.17439115798658,70.1244137473927,68.82978111194232,69.46312713623047,10159500,0.0,0.0,0.0
2019-01-07 00:00:00-05:00,69.76115339187805,70.68322804374833,69.48173338539812,70.16165161132812,16536000,0.0,0.0,0.0
2019-01-08 00:00:00-05:00,70.58078252225748,71.63325850757866,70.34793485909039,71.43766021728516,13641700,0.0,0.0,0.0
2019-01-09 00:00:00-05:00,71.54011174769944,71.69845355472413,70.70186586860508,71.34452056884766,7852400,0.0,0.0,0.0
2019-01-10 00:00:00-05:00,71.16757905149443,72.4901523677879,71.0185531029805,72.33181762695312,6851300,0.0,0.0,0.0
2019-01-11 00:00:00-05:00,72.27592181337613,72.62053895395012,71.91267998415245,72.58328247070312,11308300,0.0,0.0,0.0
2019-01-14 00:00:00-05:00,72.39699809492873,72.76954866885302,72.04306510137528,72.35042572021484,4450900,0.0,0.0,0.0
2019-01-15 00:00:00-05:00,72.43423535863838,73.1979752770225,72.40629478085958,73.06758117675781,9190300,0.0,0.0,0.0
2019-01-16 00:00:00-05:00,73.00240317331819,73.76614329096593,72.89994962410164,73.52398681640625,5954900,0.0,0.0,0.0
2019-01-17 00:00:00-05:00,73.44946581675694,73.9151611328125,73.37495286076087,73.9151611328125,4806400,0.0,0.0,0.0
2019-01-18 00:00:00-05:00,74.13869180897322,74.194580078125,73.60779944068354,74.194580078125,6722600,0.0,0.0,0.0
2019-01-22 00:00:00-05:00,74.0548672611664,74.231826639934,73.36563311330531,73.98035430908203,8530800,0.0,0.0,0.0
2019-01-23 00:00:00-05:00,73.99897899413001,74.14800489829875,73.49603433242606,73.98035430908203,5900400,0.0,0.0,0.0
2019-01-24 00:00:00-05:00,73.88722400374243,74.38085992487875,73.50535041587658,74.24114990234375,5541900,0.0,0.0,0.0
2019-01-25 00:00:00-05:00,74.47399961996064,75.15391795849649,74.20389546388186,75.10734558105469,5070400,0.0,0.0,0.0
2019-01-28 00:00:00-05:00,74.93969303577306,75.88039960942244,74.74410184627216,75.78726196289062,9187600,0.0,0.0,0.0
2019-01-29 00:00:00-05:00,75.76862441801393,76.42060210613545,75.59166503482147,76.39265441894531,6891100,0.0,0.0,0.0
2019-01-30 00:00:00-05:00,76.47648565179551,77.26816627080619,76.28089447104793,76.99806213378906,13720500,0.0,0.0,0.0
2019-01-31 00:00:00-05:00,76.96081117696086,77.82700481438337,76.30884052769538,77.80838012695312,11413400,0.0,0.0,0.0
2019-02-01 00:00:00-05:00,77.77111697203247,78.05053700113695,76.24363691974014,77.27748107910156,22702800,0.0,0.0,0.0
2019-02-04 00:00:00-05:00,77.67797878491331,77.83631348418439,76.65345052864342,77.79905700683594,10299400,0.0,0.0,0.0
2019-02-05 00:00:00-05:00,77.88288837386733,78.30201132217361,77.42650184106208,78.2740707397461,13279100,0.0,0.0,0.0
2019-02-06 00:00:00-05:00,78.12503853555587,78.14367032630528,77.5103244538019,77.73385620117188,9819000,0.0,0.0,0.0
2019-02-07 00:00:00-05:00,77.51033480095245,78.44172549626609,77.28680302374235,78.3299560546875,11887100,0.0,0.0,0.0
2019-02-08 00:00:00-05:00,78.12505576291865,78.62800763486666,77.9108398636866,78.34859466552734,5007400,0.0,0.0,0.0
2019-02-11 00:00:00-05:00,78.32063359113009,78.68388246931644,78.2088712648695,78.57211303710938,9950400,0.0,0.0,0.0
2019-02-12 00:00:00-05:00,78.49759672729124,78.65593142002412,77.8363102700426,78.11573028564453,7465100,0.0,0.0,0.0
2019-02-13 00:00:00-05:00,77.74318908290698,78.54418571743672,77.72455728808664,78.47898864746094,5129300,0.0,0.0,0.0
2019-02-14 00:00:00-05:00,78.62799994735249,78.98193295557147,78.25544225204426,78.73045349121094,6725200,0.0,0.0,0.0
2019-02-15 00:00:00-05:00,78.80496852860809,79.22409150566024,78.72113966962935,79.21478271484375,8649100,0.0,0.0,0.0
2019-02-19 00:00:00-05:00,79.00055839335764,79.34517550833318,78.89810484852565,79.23340606689453,8170800,0.0,0.0,0.0
2019-02-20 00:00:00-05:00,79.03780995590951,79.08438233009787,78.11573521574239,78.67456817626953,10041500,0.0,0.0,0.0
2019-02-21 00:00:00-05:00,78.283381952981,78.80495840961879,77.97602135277104,78.73976135253906,7637000,0.0,0.0,0.0
2019-02-22 00:00:00-05:00,78.83290446248125,79.47556628826702,78.64662917387943,79.15888977050781,4662100,0.0,0.0,0.0
2019-02-25 00:00:00-05:00,79.19614263693563,79.41036560440817,78.51623146920065,78.58142852783203,5676600,0.0,0.0,0.0
2019-02-26 00:00:00-05:00,78.67457867396107,78.96330753580393,78.23682387958794,78.36721801757812,8905300,0.0,0.0,0.0
2019-02-27 00:00:00-05:00,78.1157361753349,78.44172148081802,77.56621199813765,78.1436767578125,11890400,0.0,0.0,0.0
2019-02-28 00:00:00-05:00,78.06917285351216,79.22409540084053,77.86426575031973,78.37653350830078,13598100,0.0,0.0,0.0
2019-03-01 00:00:00-05:00,78.13435698054522,78.46965816551452,77.34267639056905,78.20886993408203,16198300,0.0,0.0,0.0
2019-03-04 00:00:00-05:00,78.35789220760773,78.60005576436058,77.65004043547891,78.53485870361328,7710500,0.0,0.0,0.0
2019-03-05 00:00:00-05:00,78.31133557216285,78.99124683691787,78.23682260710964,78.77703094482422,5404600,0.0,0.0,0.0
2019-03-06 00:00:00-05:00,78.85154343911715,78.93536519484098,78.28339451938645,78.39515686035156,8273600,0.0,0.0,0.0
2019-03-07 00:00:00-05:00,78.39514977783264,78.9260421672963,78.01328330412211,78.25543975830078,13091800,0.0,0.0,0.0
2019-03-08 00:00:00-05:00,77.99465483589883,78.6000602090421,77.98534604522759,78.3299560546875,7727500,0.0,0.0,0.0
2019-03-11 00:00:00-04:00,78.53484808086885,79.51281096574432,78.26474397832283,79.48486328125,6392500,0.0,0.0,0.0
2019-03-12 00:00:00-04:00,79.64321670783424,80.01577439013069,79.4848748963442,79.81086730957031,12312200,0.0,0.0,0.0
2019-03-13 00:00:00-04:00,79.76428865434889,80.39763453260262,79.76428865434889,80.17410278320312,4702600,0.0,0.0,0.0
2019-03-14 00:00:00-04:00,80.24863888376125,80.33246064923573,79.94127819845833,80.29520416259766,5380900,0.0,0.0,0.0
2019-03-15 00:00:00-04:00,80.3790213958844,80.47215904601998,79.91332603925922,80.10891723632812,13103500,0.0,0.0,0.0
2019-03-18 00:00:00-04:00,80.15547826110553,80.2951882818795,79.30791645205126,79.6618423461914,9872900,0.0,0.0,0.0
2019-03-19 00:00:00-04:00,79.71772205171342,79.82949148747439,79.20546145952245,79.42899322509766,9104800,0.0,0.0,0.0
2019-03-20 00:00:00-04:00,79.42242279106817,80.12594019252654,78.86899253706449,79.69445037841797,13586000,0.603,0.0,0.0
2019-03-21 00:00:00-04:00,79.54437599440058,81.0921086614656,79.54437599440058,81.04521179199219,9319100,0.0,0.0,0.0
2019-03-22 00:00:00-04:00,81.12026143960802,81.59864818939273,80.44488349102943,80.55744171142578,10080500,0.0,0.0,0.0
2019-03-25 00:00:00-04:00,80.66062105390121,80.84823000664662,80.09780850876459,80.57620239257812,7164300,0.0,0.0,0.0
2019-03-26 00:00:00-04:00,80.75442178466844,81.20467611377464,80.59495954257761,81.1765365600586,5168900,0.0,0.0,0.0
2019-03-27 00:00:00-04:00,81.25157848450407,81.4016584867799,80.4354956606273,81.0076904296875,6074400,0.0,0.0,0.0
2019-03-28 00:00:00-04:00,81.10150314001157,81.71121978759766,80.88576176345923,81.71121978759766,8252600,0.0,0.0,0.0
2019-03-29 00:00:00-04:00,81.66429564476996,81.8425223388126,81.33598896354583,81.64553833007812,15615100,0.0,0.0,0.0
2019-04-01 00:00:00-04:00,81.64554830619196,81.74873144097712,80.74504680342565,81.6174087524414,15425400,0.0,0.0,0.0
2019-04-02 00:00:00-04:00,81.84253302520698,82.25526556780827,81.03583241369527,82.1427001953125,10591700,0.0,0.0,0.0
2019-04-03 00:00:00-04:00,82.06765602505257,82.39596274678993,81.53298303349465,82.05828094482422,6683300,0.0,0.0,0.0
2019-04-04 00:00:00-04:00,82.13330908641916,82.23649221092363,81.56111436200311,81.93632507324219,4385200,0.0,0.0,0.0
2019-04-05 00:00:00-04:00,82.03013386272761,82.54604953494089,81.82377475039206,82.4991455078125,7558200,0.0,0.0,0.0
2019-04-08 00:00:00-04:00,82.38660149810607,82.48978465033935,81.8331639400775,82.01139068603516,7045700,0.0,0.0,0.0
2019-04-09 00:00:00-04:00,82.03951637179912,82.22712532438571,81.50484338088945,81.6174087524414,6263700,0.0,0.0,0.0
2019-04-10 00:00:00-04:00,81.8800503525261,82.39595884610424,81.74872767004807,82.35844421386719,7705300,0.0,0.0,0.0
2019-04-11 00:00:00-04:00,82.29278943754382,82.70551483402166,81.95510046807557,82.2740249633789,8367300,0.0,0.0,0.0
2019-04-12 00:00:00-04:00,82.21773644686543,82.72426984311168,81.6736812631325,82.70550537109375,4510000,0.0,0.0,0.0
2019-04-15 00:00:00-04:00,82.74303088269552,82.76179535555801,82.07703522706754,82.28340148925781,5711500,0.0,0.0,0.0
2019-04-16 00:00:00-04:00,82.25526925936694,82.34907016238154,80.19161361029491,80.5199203491211,13216800,0.0,0.0,0.0
2019-04-17 00:00:00-04:00,80.77318876348382,80.87637190134292,79.54438050277089,79.78826141357422,11148300,0.0,0.0,0.0
2019-04-18 00:00:00-04:00,80.0509036895383,80.53867980530123,79.544377413511,80.33231353759766,5205400,0.0,0.0,0.0
2019-04-22 00:00:00-04:00,80.1447068516998,80.36983042247725,78.85023021749359,79.54437255859375,9020000,0.0,0.0,0.0
2019-04-23 00:00:00-04:00,79.73197894461313,80.68875954306662,79.53499491424182,80.49177551269531,6966200,0.0,0.0,0.0
2019-04-24 00:00:00-04:00,80.71691501787858,81.37352852374974,80.58559231670435,81.01708221435547,6065000,0.0,0.0,0.0
2019-04-25 00:00:00-04:00,80.88574405870553,81.14838941087152,80.34168888261932,80.85759735107422,5007400,0.0,0.0,0.0
2019-04-26 00:00:00-04:00,81.13900137768331,81.60801294634045,80.9138778285615,81.4673080444336,5091200,0.0,0.0,0.0
2019-04-29 00:00:00-04:00,81.37351898874066,81.69244346663628,80.63247974377482,80.68875885009766,5900700,0.0,0.0,0.0
2019-04-30 00:00:00-04:00,80.6887435555711,81.67367066882602,80.31354004247234,81.6080093383789,6396900,0.0,0.0,0.0
2019-05-01 00:00:00-04:00,81.62678661014357,82.46163395359883,81.4391848077233,81.55175018310547,12961700,0.0,0.0,0.0
2019-05-02 00:00:00-04:00,81.3922860484146,82.37721346626313,81.3922860484146,81.57989501953125,7581900,0.0,0.0,0.0
2019-05-03 00:00:00-04:00,81.81439452726654,82.31154573824442,81.5986460163356,82.22712707519531,5162400,0.0,0.0,0.0
2019-05-06 00:00:00-04:00,81.78624129997364,82.19896662235347,81.44855239113186,81.95508575439453,5222600,0.0,0.0,0.0
2019-05-07 00:00:00-04:00,81.71121877196556,81.80501968045506,79.99463423606053,80.4636459350586,8734000,0.0,0.0,0.0
2019-05-08 00:00:00-04:00,80.61372354810547,81.21405787906212,80.40735727998604,80.45425415039062,5906600,0.0,0.0,0.0
2019-05-09 00:00:00-04:00,80.3135542515943,80.80132319884801,79.7413594893729,80.64186096191406,6865500,0.0,0.0,0.0
2019-05-10 00:00:00-04:00,80.53867990742833,81.73934856844464,80.4448790101395,81.4954605102539,5017300,0.0,0.0,0.0
2019-05-13 00:00:00-04:00,80.86698413421766,81.57050157702885,80.79194055607925,81.40165710449219,5577300,0.0,0.0,0.0
2019-05-14 00:00:00-04:00,81.6080114421657,82.02074390507217,81.44854922933311,81.73933410644531,3594300,0.0,0.0,0.0
2019-05-15 00:00:00-04:00,81.69244792561693,82.50853079459019,81.42980253970829,82.2740249633789,5232000,0.0,0.0,0.0
2019-05-16 00:00:00-04:00,82.18959270848886,83.03380783601078,82.10516690180737,82.76178741455078,5949300,0.0,0.0,0.0
2019-05-17 00:00:00-04:00,82.38658542259756,82.70550989887023,82.11455781583874,82.52729034423828,4416200,0.0,0.0,0.0
2019-05-20 00:00:00-04:00,82.13330385625837,82.3771918765156,80.97953940161386,81.30784606933594,6706300,0.0,0.0,0.0
2019-05-21 00:00:00-04:00,81.47671426486457,82.1802318249527,81.47671426486457,81.99263000488281,4618400,0.0,0.0,0.0
2019-05-22 00:00:00-04:00,81.9738520959724,82.29278372568906,81.85191164856431,82.28340148925781,3795200,0.0,0.0,0.0
2019-05-23 00:00:00-04:00,81.89881435810516,82.48039139697474,81.77687390200107,82.39596557617188,5606800,0.0,0.0,0.0
2019-05-24 00:00:00-04:00,82.78055701161117,83.07134194727837,82.56480850167912,82.6679916381836,3582700,0.0,0.0,0.0
2019-05-28 00:00:00-04:00,82.94001327873856,83.11823998468257,81.75810914740808,81.79562377929688,6724400,0.0,0.0,0.0
2019-05-29 00:00:00-04:00,81.66430649528961,82.26464083687827,80.47302004897927,80.8200912475586,8017000,0.0,0.0,0.0
2019-05-30 00:00:00-04:00,80.85761485965762,81.44857418654418,80.76381395022264,81.14840698242188,6830800,0.0,0.0,0.0
2019-05-31 00:00:00-04:00,80.8200807548873,81.96446302484033,80.60433227425622,81.48607635498047,7013900,0.0,0.0,0.0
2019-06-03 00:00:00-04:00,81.74872120472175,81.97384476308679,81.20466604516976,81.80500030517578,7063700,0.0,0.0,0.0
2019-06-04 00:00:00-04:00,81.79561386461522,81.84251788361492,80.74503254188767,81.54235076904297,7322300,0.0,0.0,0.0
2019-06-05 00:00:00-04:00,81.96447066961211,83.24956512451172,81.72996485235997,83.24956512451172,11722500,0.0,0.0,0.0
2019-06-06 00:00:00-04:00,83.34336618422695,83.48407110616525,82.72427454686793,83.37150573730469,6501900,0.0,0.0,0.0
2019-06-07 00:00:00-04:00,83.8405277482809,84.08441583271927,83.49346367530566,83.62478637695312,4795700,0.0,0.0,0.0
2019-06-10 00:00:00-04:00,83.5966364750258,83.86866408235994,83.0244417072798,83.37150573730469,4710400,0.0,0.0,0.0
2019-06-11 00:00:00-04:00,83.53096387241094,83.78422697252047,82.94000471124092,83.51219940185547,4045800,0.0,0.0,0.0
2019-06-12 00:00:00-04:00,83.54973489806792,84.07502565504984,83.48407355344519,83.78424072265625,5117200,0.0,0.0,0.0
2019-06-13 00:00:00-04:00,83.95309084085459,84.09379577636719,83.63416633313962,84.09379577636719,4883900,0.0,0.0,0.0
2019-06-14 00:00:00-04:00,84.08440990384076,84.59094335585787,83.93432989391903,84.2344970703125,4808300,0.0,0.0,0.0
2019-06-17 00:00:00-04:00,84.41880463778597,85.17499434982427,84.3053812290719,85.1371841430664,8171300,0.685,0.0,0.0
2019-06-18 00:00:00-04:00,85.4774725711303,85.89337765229374,84.57950355850186,84.98595428466797,8297400,0.0,0.0,0.0
2019-06-19 00:00:00-04:00,84.85362142596331,85.68543165177931,84.44717066877423,85.51528930664062,5955500,0.0,0.0,0.0
2019-06-20 00:00:00-04:00,85.91228834127708,86.12024090410472,85.68543427799268,85.89338684082031,6541800,0.0,0.0,0.0
2019-06-21 00:00:00-04:00,85.52474557473022,85.59091164312142,84.48498276921067,84.80636596679688,11471300,0.0,0.0,0.0
2019-06-24 00:00:00-04:00,85.22225682657685,85.23170396936557,84.22030440090047,84.27702331542969,7237200,0.0,0.0,0.0
2019-06-25 00:00:00-04:00,84.43771613588135,84.66457017236189,83.19000811789863,83.19945526123047,7967000,0.0,0.0,0.0
2019-06-26 00:00:00-04:00,83.1994628346746,83.35070368046858,81.46023637740653,81.63037872314453,11381000,0.0,0.0,0.0
2019-06-27 00:00:00-04:00,82.11245244485774,82.67959121100903,82.05573352015014,82.57561492919922,7115400,0.0,0.0,0.0
2019-06-28 00:00:00-04:00,82.70793989214862,83.38850923711077,82.5283432006836,82.5283432006836,10525800,0.0,0.0,0.0
2019-07-01 00:00:00-04:00,83.41687680665821,83.41687680665821,81.93286013663392,82.81192779541016,11876800,0.0,0.0,0.0
2019-07-02 00:00:00-04:00,83.09548816687693,84.1825010236229,82.95370168639182,84.10688781738281,9713700,0.0,0.0,0.0
2019-07-03 00:00:00-04:00,84.31483652407415,85.29788036014575,84.30538938014095,85.2222671508789,6897400,0.0,0.0,0.0
2019-07-05 00:00:00-04:00,84.40937214663958,85.19391063547792,83.66263665956144,84.83472442626953,7822200,0.0,0.0,0.0
2019-07-08 00:00:00-04:00,84.82526035135096,85.39239906306562,84.7307384346585,85.10883331298828,5098200,0.0,0.0,0.0
2019-07-09 00:00:00-04:00,85.09938266547672,85.67597575744973,84.88198296876838,85.52474212646484,4096600,0.0,0.0,0.0
2019-07-10 00:00:00-04:00,85.94063675125118,86.22420971445645,85.48692866399479,85.97844696044922,6911700,0.0,0.0,0.0
2019-07-11 00:00:00-04:00,85.8744638681198,85.99734884114422,84.68346761342752,85.0143051147461,7720500,0.0,0.0,0.0
2019-07-12 00:00:00-04:00,85.08992166148553,85.19389792972116,84.56059317705667,84.86306762695312,3445300,0.0,0.0,0.0
2019-07-15 00:00:00-04:00,85.03320995574236,85.40185046619241,84.73073550584591,84.86306762695312,4142800,0.0,0.0,0.0
2019-07-16 00:00:00-04:00,84.60786958514498,84.97651014720687,84.36210680658347,84.66458129882812,5347800,0.0,0.0,0.0
2019-07-17 00:00:00-04:00,84.83471441681911,85.0899243121733,83.88948083000219,84.32428741455078,5343700,0.0,0.0,0.0
2019-07-18 00:00:00-04:00,84.18249025464638,84.59839528778241,83.71932787510063,84.34318542480469,4721400,0.0,0.0,0.0
2019-07-19 00:00:00-04:00,84.49442145303921,84.60785206848229,82.95369345395676,83.10492706298828,7972100,0.0,0.0,0.0
2019-07-22 00:00:00-04:00,83.2561716478881,83.31288335239415,82.69848011119345,82.95369720458984,5280000,0.0,0.0,0.0
2019-07-23 00:00:00-04:00,83.20892017026891,83.88948957759318,82.96315739283276,83.79496765136719,5390400,0.0,0.0,0.0
2019-07-24 00:00:00-04:00,84.01237180439631,84.17306702019731,83.62482972290235,84.03128051757812,3278500,0.0,0.0,0.0
2019-07-25 00:00:00-04:00,83.90838679873839,84.059627642235,83.24672613734161,83.64372253417969,5028700,0.0,0.0,0.0
2019-07-26 00:00:00-04:00,83.67206715448118,84.08797220669136,83.33178972542484,83.92728424072266,3679000,0.0,0.0,0.0
2019-07-29 00:00:00-04:00,84.11633101029167,84.73073425583085,84.02180909826095,84.17304992675781,5715300,0.0,0.0,0.0
2019-07-30 00:00:00-04:00,84.08796864221458,85.0899138129111,84.02180258776403,84.77799224853516,6447700,0.0,0.0,0.0
2019-07-31 00:00:00-04:00,84.8630710673873,85.43966413768429,83.96510203610381,84.49443054199219,8864800,0.0,0.0,0.0
2019-08-01 00:00:00-04:00,84.69292854411229,85.20335555004267,83.9367459961695,84.40936279296875,12385000,0.0,0.0,0.0
2019-08-02 00:00:00-04:00,84.48498583046296,85.28844024776078,84.24867740456617,84.78746032714844,6350300,0.0,0.0,0.0
2019-08-05 00:00:00-04:00,84.53224178370947,84.55114328276777,82.1691577656158,83.265625,7142800,0.0,0.0,0.0
2019-08-06 00:00:00-04:00,83.33179721009023,84.56059655685095,83.20891222732214,84.14469146728516,7494200,0.0,0.0,0.0
2019-08-07 00:00:00-04:00,84.57005744173479,85.51529110986807,83.03877630319707,85.02376556396484,9553400,0.0,0.0,0.0
2019-08-08 00:00:00-04:00,85.47746805602193,86.46996614307787,84.5322345298961,86.45105743408203,5487800,0.0,0.0,0.0
2019-08-09 00:00:00-04:00,86.18639473075905,86.67791299998466,85.5530899877854,86.44160461425781,7709500,0.0,0.0,0.0
2019-08-12 00:00:00-04:00,86.32820100520337,86.48888901357957,85.67598740330298,86.11079406738281,6719600,0.0,0.0,0.0
2019-08-13 00:00:00-04:00,86.22421571853165,86.52669020161821,85.54364632869675,86.20530700683594,6177700,0.0,0.0,0.0
2019-08-14 00:00:00-04:00,85.89338612884694,85.96899934160788,84.63622361785373,84.80636596679688,6409100,0.0,0.0,0.0
2019-08-15 00:00:00-04:00,85.04265572226382,85.85555707643468,84.89141490680923,85.74212646484375,6122800,0.0,0.0,0.0
2019-08-16 00:00:00-04:00,85.94063153065095,86.6968212455557,85.77994355999056,86.4888687133789,6465000,0.0,0.0,0.0
2019-08-19 00:00:00-04:00,86.82916156533814,87.34904294488526,86.50777838210168,87.1410903930664,5782500,0.0,0.0,0.0
2019-08-20 00:00:00-04:00,87.35848183742765,87.58534307883482,86.46051286109291,86.4888687133789,5588100,0.0,0.0,0.0
2019-08-21 00:00:00-04:00,86.80080218504902,87.04655772579905,86.44160880592828,86.81024932861328,2803900,0.0,0.0,0.0
2019-08-22 00:00:00-04:00,86.8291502245062,87.33957718187779,86.36598782694207,87.29231262207031,4349200,0.0,0.0,0.0
2019-08-23 00:00:00-04:00,87.17890864147283,87.79330478650849,85.77995957124614,86.09188842773438,7401200,0.0,0.0,0.0
2019-08-26 00:00:00-04:00,86.53614535963807,86.81025677772203,86.1391417375139,86.72518920898438,4485100,0.0,0.0,0.0
2019-08-27 00:00:00-04:00,87.16944706699425,87.45301283086204,86.35654556309801,86.39435577392578,3808700,0.0,0.0,0.0
2019-08-28 00:00:00-04:00,86.32818548017248,86.7440833557898,86.15804314555996,86.59284973144531,4426800,0.0,0.0,0.0
2019-08-29 00:00:00-04:00,86.98039296717016,87.34904070694236,86.78189477594518,87.28286743164062,3587800,0.0,0.0,0.0
2019-08-30 00:00:00-04:00,87.46245970053207,87.60424617611059,86.95203271538519,87.39629364013672,5529200,0.0,0.0,0.0
2019-09-03 00:00:00-04:00,87.17889037082165,88.24700164794922,87.06545975271807,88.24700164794922,8582000,0.0,0.0,0.0
2019-09-04 00:00:00-04:00,88.47385693782705,89.04099561333655,88.4549554403192,88.93701934814453,7135800,0.0,0.0,0.0
2019-09-05 00:00:00-04:00,88.85195025275735,88.92757066459778,88.06740470592152,88.37933349609375,10590800,0.0,0.0,0.0
2019-09-06 00:00:00-04:00,88.51167404340735,88.80469415275536,88.2659112872922,88.54948425292969,5278400,0.0,0.0,0.0
2019-09-09 00:00:00-04:00,88.45496392686621,88.70071947584424,87.78384892177657,87.97289276123047,8232600,0.0,0.0,0.0
2019-09-10 00:00:00-04:00,87.70820897186714,87.73656482031535,86.34707055388353,87.03709411621094,10505900,0.0,0.0,0.0
2019-09-11 00:00:00-04:00,87.33013731256789,87.33013731256789,86.46052407572326,87.12218475341797,8804600,0.0,0.0,0.0
2019-09-12 00:00:00-04:00,87.6326063199009,88.07686726640594,87.05601324612542,87.54753875732422,8427900,0.0,0.0,0.0
2019-09-13 00:00:00-04:00,87.07493253766796,87.85947104137416,86.36600725047595,86.52669525146484,12695100,0.0,0.0,0.0
2019-09-16 00:00:00-04:00,86.63066128674267,87.500274472028,86.48887480376874,87.41520690917969,6522800,0.0,0.0,0.0
2019-09-17 00:00:00-04:00,87.75549259232616,88.3982517919975,87.61371330763163,88.3698959350586,10399700,0.0,0.0,0.0
2019-09-18 00:00:00-04:00,88.57784230748422,88.8236050697042,87.37739877446097,88.05796813964844,8471300,0.0,0.0,0.0
2019-09-19 00:00:00-04:00,88.33207368235233,88.78578896621603,88.17138570722634,88.48331451416016,5704800,0.0,0.0,0.0
2019-09-20 00:00:00-04:00,88.60619120804284,88.86140830573716,88.19029334872866,88.44550323486328,8492400,0.0,0.0,0.0
2019-09-23 00:00:00-04:00,88.52113100223089,88.95593760718603,88.2942769499848,88.57784271240234,5251300,0.0,0.0,0.0
2019-09-24 00:00:00-04:00,88.86723665650415,89.03859316405389,88.11517238798157,88.4674072265625,7179600,0.664,0.0,0.0
2019-09-25 00:00:00-04:00,88.40077350433711,88.79108113073681,88.1627787463054,88.53404998779297,8321200,0.0,0.0,0.0
2019-09-26 00:00:00-04:00,88.90531825579122,89.47650420335893,88.7149253609431,89.25755310058594,5250000,0.0,0.0,0.0
2019-09-27 00:00:00-04:00,89.45747784408738,89.52411609105432,88.1437420281328,88.71493530273438,9394900,0.0,0.0,0.0
2019-09-30 00:00:00-04:00,88.80060201193682,89.32419337925721,88.70540556233954,89.0481185913086,6093800,0.0,0.0,0.0
2019-10-01 00:00:00-04:00,88.7815713922187,89.17187903981907,88.02950704442515,88.10566711425781,17022800,0.0,0.0,0.0
2019-10-02 00:00:00-04:00,88.14372521285084,88.21988527000512,87.18223172761344,87.762939453125,6776900,0.0,0.0,0.0
2019-10-03 00:00:00-04:00,87.6772708432751,88.79108461139995,87.53447253025357,88.6197280883789,10349200,0.0,0.0,0.0
2019-10-04 00:00:00-04:00,88.79108536948671,89.14332024287728,88.65780887966844,89.09571838378906,9072100,0.0,0.0,0.0
2019-10-07 00:00:00-04:00,88.66732722459778,89.35275329563649,88.572130773181,88.84820556640625,7241000,0.0,0.0,0.0
2019-10-08 00:00:00-04:00,88.80060187973164,89.13379308433787,88.04853758189273,88.39125061035156,5088300,0.0,0.0,0.0
2019-10-09 00:00:00-04:00,88.7910745629102,89.05763477312824,88.4864415856841,88.67684173583984,4839200,0.0,0.0,0.0
2019-10-10 00:00:00-04:00,88.59116715825489,89.0385984692398,88.30557780400456,88.84820556640625,4742600,0.0,0.0,0.0
2019-10-11 00:00:00-04:00,89.02907976432068,89.51459112548692,88.73396857568235,88.78157043457031,6580100,0.0,0.0,0.0
2019-10-14 00:00:00-04:00,89.08620239784032,89.29563895364115,88.51501641303508,88.80060577392578,6357500,0.0,0.0,0.0
2019-10-15 00:00:00-04:00,88.87676377552891,89.02907664519103,88.32461418907843,88.84820556640625,5582700,0.0,0.0,0.0
2019-10-16 00:00:00-04:00,88.79107877900856,88.91484069824219,88.30557471485999,88.91484069824219,5247400,0.0,0.0,0.0
2019-10-17 00:00:00-04:00,89.02907327871603,89.55266463624515,88.94339865458765,89.40986633300781,5892100,0.0,0.0,0.0
2019-10-18 00:00:00-04:00,89.34322549122281,90.24760987670466,89.30514546060031,90.12384796142578,7523000,0.0,0.0,0.0
2019-10-21 00:00:00-04:00,90.02865924423,90.7902453960061,89.98105738611005,90.78072357177734,7276400,0.0,0.0,0.0
2019-10-22 00:00:00-04:00,90.96160048351693,91.38998814775003,90.2952107954587,90.48561096191406,5972500,0.0,0.0,0.0
2019-10-23 00:00:00-04:00,90.64743977203017,90.64743977203017,89.85729547433354,90.60935974121094,5086800,0.0,0.0,0.0
2019-10-24 00:00:00-04:00,90.8092719859469,90.8092719859469,90.1524041824712,90.4951171875,4463000,0.0,0.0,0.0
2019-10-25 00:00:00-04:00,90.16193064730058,90.29520712689265,89.40035180149209,89.57170104980469,5311400,0.0,0.0,0.0
2019-10-28 00:00:00-04:00,89.49555582593186,89.58123045734128,88.91484800296574,89.0862045288086,5431200,0.0,0.0,0.0
2019-10-29 00:00:00-04:00,89.20043844591305,89.79066810049176,88.98148732098927,89.39083862304688,6162700,0.0,0.0,0.0
2019-10-30 00:00:00-04:00,89.44794715417576,89.88585662841797,88.93387761579835,89.88585662841797,7246400,0.0,0.0,0.0
2019-10-31 00:00:00-04:00,90.10481462835669,90.16193104471265,89.40986675625766,89.7335433959961,6379600,0.0,0.0,0.0
2019-11-01 00:00:00-04:00,89.83825713821687,90.18097014511937,88.91483638423085,89.66690063476562,11331100,0.0,0.0,0.0
2019-11-04 00:00:00-05:00,89.53362571907466,89.65738037143365,88.8291560465054,88.97195434570312,7240400,0.0,0.0,0.0
2019-11-05 00:00:00-05:00,88.67684952276795,88.97196070264492,87.20127909733567,87.52495574951172,14543400,0.0,0.0,0.0
2019-11-06 00:00:00-05:00,87.70581473623146,88.1437241651292,87.55350188675615,87.78197479248047,6769600,0.0,0.0,0.0
2019-11-07 00:00:00-05:00,87.39169101710476,87.63920037279335,86.64914116096492,86.94425964355469,8692900,0.0,0.0,0.0
2019-11-08 00:00:00-05:00,86.81096787606327,87.30599376342306,86.58248768526022,86.78240966796875,5920100,0.0,0.0,0.0
2019-11-11 00:00:00-05:00,86.72529190583087,87.2203250899891,86.72529190583087,86.98233032226562,3298700,0.0,0.0,0.0
2019-11-12 00:00:00-05:00,87.00135684317107,87.51542635472809,86.28737262095682,86.37305450439453,6295100,0.0,0.0,0.0
2019-11-13 00:00:00-05:00,86.47777084582012,87.27743700082816,86.43969807641245,87.07752227783203,6741300,0.0,0.0,0.0
2019-11-14 00:00:00-05:00,87.32503690822192,87.7724609375,87.13463675031525,87.7724609375,5271700,0.0,0.0,0.0
2019-11-15 00:00:00-05:00,87.8486224948498,88.25797376253244,87.65822959672819,88.23893737792969,5697300,0.0,0.0,0.0
2019-11-18 00:00:00-05:00,88.31509163902938,89.08619959412081,88.25797522125357,88.69588470458984,5377200,0.0,0.0,0.0
2019-11-19 00:00:00-05:00,88.90531607399411,89.08619440377731,88.6197194757073,88.81011962890625,4933100,0.0,0.0,0.0
2019-11-20 00:00:00-05:00,88.84820033806378,89.10523146806625,88.42932726085044,88.79107666015625,5018400,0.0,0.0,0.0
2019-11-21 00:00:00-05:00,88.56260696378972,88.66732523690777,87.57254791259766,87.57254791259766,9731600,0.0,0.0,0.0
2019-11-22 00:00:00-05:00,87.82006270265448,87.82958452629589,86.83952549526686,87.28695678710938,6315000,0.0,0.0,0.0
2019-11-25 00:00:00-05:00,87.47735668049206,88.06758632208407,87.43927664590316,87.62967681884766,6197100,0.0,0.0,0.0
2019-11-26 00:00:00-05:00,87.77245702900568,88.81011787007587,87.71534061568876,88.68636322021484,8501900,0.0,0.0,0.0
2019-11-27 00:00:00-05:00,88.74348142480068,89.1909127062094,88.48644303364013,88.97195434570312,6540100,0.0,0.0,0.0
2019-11-29 00:00:00-05:00,89.05763233682744,89.45746174668194,88.69587569293945,88.72443389892578,5384600,0.0,0.0,0.0
2019-12-02 00:00:00-05:00,88.62924517750368,88.69588341828357,87.39167681115946,87.41071319580078,15918300,0.0,0.0,0.0
2019-12-03 00:00:00-05:00,87.34407298517868,88.0675790566316,87.28695656951933,87.94381713867188,8011800,0.0,0.0,0.0
2019-12-04 00:00:00-05:00,87.76293028578348,88.61019085981103,87.67724841467917,88.28651428222656,8346600,0.0,0.0,0.0
2019-12-05 00:00:00-05:00,88.11516959571529,88.40076618692238,87.85813847404731,88.36268615722656,8042000,0.0,0.0,0.0
2019-12-06 00:00:00-05:00,88.29605627273156,88.97196052196267,88.27701988759456,88.5150146484375,5488500,0.0,0.0,0.0
2019-12-09 00:00:00-05:00,88.61021007792614,88.85771939697037,88.28653343014147,88.69588470458984,4989200,0.0,0.0,0.0
2019-12-10 00:00:00-05:00,88.79108316051324,88.91484508585405,87.9819024173122,88.16278076171875,7777400,0.0,0.0,0.0
2019-12-11 00:00:00-05:00,88.13421646079432,88.27701476161295,87.03943917188248,87.30599212646484,10772300,0.0,0.0,0.0
2019-12-12 00:00:00-05:00,87.34407963718778,87.62967626328188,86.03035113580752,86.16362762451172,12401600,0.0,0.0,0.0
2019-12-13 00:00:00-05:00,86.30642177598186,86.61105477304876,85.60195206905802,86.24929809570312,8585500,0.0,0.0,0.0
2019-12-16 00:00:00-05:00,86.44734134888157,87.06262434294997,85.93781080705166,86.80305480957031,9229100,0.886,0.0,0.0
2019-12-17 00:00:00-05:00,87.05301811726581,87.17799495741589,85.99549356694952,86.06278991699219,5680000,0.0,0.0,0.0
2019-12-18 00:00:00-05:00,86.13007756056645,87.32219469046278,86.13007756056645,87.17798614501953,7373300,0.0,0.0,0.0
2019-12-19 00:00:00-05:00,87.06262879180694,87.93748869871177,86.97610805450984,87.89903259277344,5837700,0.0,0.0,0.0
2019-12-20 00:00:00-05:00,88.16822021039528,88.76427886525737,88.00478725712341,88.447021484375,11474600,0.0,0.0,0.0
2019-12-23 00:00:00-05:00,88.75465393650774,88.85079052656552,87.89902581591559,87.94709777832031,5863100,0.0,0.0,0.0
2019-12-24 00:00:00-05:00,88.23550359034068,88.36048775308565,87.87979748960831,88.18743896484375,2597600,0.0,0.0,0.0
2019-12-26 00:00:00-05:00,88.29320182105297,88.65853118896484,88.1586091070074,88.65853118896484,3042600,0.0,0.0,0.0
2019-12-27 00:00:00-05:00,88.73543180537081,89.05268182714126,88.6008391089223,88.89886474609375,4802800,0.0,0.0,0.0
2019-12-30 00:00:00-05:00,88.64891387185828,89.15844447162586,88.47586505167753,88.96617126464844,6634400,0.0,0.0,0.0
2019-12-31 00:00:00-05:00,88.89887062731115,89.58145001438606,88.70659009484139,89.48531341552734,6703000,0.0,0.0,0.0
2020-01-02 00:00:00-05:00,89.83140510968241,89.9275417021954,88.06246100148566,88.49508666992188,10936800,0.0,0.0,0.0
2020-01-03 00:00:00-05:00,88.25474793428567,89.3507213050266,88.01440276816263,89.12960052490234,7953900,0.0,0.0,0.0
2020-01-06 00:00:00-05:00,88.99499992079866,89.53337069801586,88.77387916029775,89.20650482177734,6055400,0.0,0.0,0.0
2020-01-07 00:00:00-05:00,89.0046140762018,89.0046140762018,87.86056886176789,88.30280303955078,7390800,0.0,0.0,0.0
2020-01-08 00:00:00-05:00,88.36050327627049,88.76428140818693,88.08170199430363,88.51432037353516,6224600,0.0,0.0,0.0
2020-01-09 00:00:00-05:00,88.53353035231441,88.8315633071582,88.32203279483845,88.5623779296875,5057800,0.0,0.0,0.0
2020-01-10 00:00:00-05:00,88.73543824538667,89.3795615301024,88.54315771168261,89.33148956298828,7226800,0.0,0.0,0.0
2020-01-13 00:00:00-05:00,89.5237725345362,90.30248854667397,89.36994810338413,90.28326416015625,8778300,0.0,0.0,0.0
2020-01-14 00:00:00-05:00,90.29287811865895,90.29287811865895,89.49493033724103,89.93717193603516,4770600,0.0,0.0,0.0
2020-01-15 00:00:00-05:00,90.20634485514407,90.95622056119525,90.1775046102578,90.73509979248047,8431700,0.0,0.0,0.0
2020-01-16 00:00:00-05:00,90.917759654472,91.44652189863302,90.74471085954217,91.40806579589844,5844200,0.0,0.0,0.0
2020-01-17 00:00:00-05:00,91.3311597961776,91.84069035621698,91.3311597961776,91.51382446289062,5833300,0.0,0.0,0.0
2020-01-21 00:00:00-05:00,91.64841766927779,92.46558974184899,91.42729689599864,92.44636535644531,7160700,0.0,0.0,0.0
2020-01-22 00:00:00-05:00,92.62901446245294,92.88859131823698,91.67724977233169,91.91759490966797,7816000,0.0,0.0,0.0
2020-01-23 00:00:00-05:00,91.96566913061791,92.54249600744723,91.55227519085241,92.46558380126953,6064600,0.0,0.0,0.0
2020-01-24 00:00:00-05:00,92.60979518947268,92.80206837605179,91.93682436694196,92.25408172607422,3984300,0.0,0.0,0.0
2020-01-27 00:00:00-05:00,91.74455514977532,92.06181252263401,91.52343437436564,91.81185150146484,4866600,0.0,0.0,0.0
2020-01-28 00:00:00-05:00,91.90798356795027,92.45597021462184,91.79262259059954,92.20601654052734,6030700,0.0,0.0,0.0
2020-01-29 00:00:00-05:00,92.41750956803678,92.59055836030896,91.7733863603159,91.91759490966797,4804700,0.0,0.0,0.0
2020-01-30 00:00:00-05:00,91.56189243652052,92.14833522866667,91.4945960833932,92.03297424316406,7056700,0.0,0.0,0.0
2020-01-31 00:00:00-05:00,91.85030310891024,92.00412019034479,90.65819322247289,90.91776275634766,7803900,0.0,0.0,0.0
2020-02-03 00:00:00-05:00,91.0523627820034,91.87915074867452,90.90815421390914,91.19657135009766,10799800,0.0,0.0,0.0
2020-02-04 00:00:00-05:00,91.43690940902871,92.50404246129825,91.25424474799551,92.12910461425781,6893400,0.0,0.0,0.0
2020-02-05 00:00:00-05:00,92.21562703828815,92.51366001724121,91.95605749894403,92.14833068847656,8037200,0.0,0.0,0.0
2020-02-06 00:00:00-05:00,92.4367500506831,92.7347757021163,92.28292562752262,92.49443054199219,5207400,0.0,0.0,0.0
2020-02-07 00:00:00-05:00,92.57133907694848,92.6867073897368,92.24446585809085,92.45597076416016,4246700,0.0,0.0,0.0
2020-02-10 00:00:00-05:00,92.86937283629977,93.46543150235951,92.65786791173818,93.38851928710938,6186900,0.0,0.0,0.0
2020-02-11 00:00:00-05:00,93.68653670837233,94.69598927412929,93.68653670837233,94.14800262451172,7281700,0.0,0.0,0.0
2020-02-12 00:00:00-05:00,94.37873413685382,95.13822571029883,94.06147677046184,94.89788055419922,5726300,0.0,0.0,0.0
2020-02-13 00:00:00-05:00,94.8113558539268,95.61891202397064,94.68637168374018,95.54199981689453,6023500,0.0,0.0,0.0
2020-02-14 00:00:00-05:00,95.64775786455847,96.43608969633671,95.52278102181087,96.4072494506836,4262600,0.0,0.0,0.0
2020-02-18 00:00:00-05:00,96.48415912074262,96.52261522551787,95.80157976417398,96.33995056152344,5860000,0.0,0.0,0.0
2020-02-19 00:00:00-05:00,96.3591820492013,96.85909674057143,95.080544073824,95.12860870361328,7103500,0.0,0.0,0.0
2020-02-20 00:00:00-05:00,95.28242747651416,96.19573607066567,94.8786494033999,96.15727996826172,8793000,0.0,0.0,0.0
2020-02-21 00:00:00-05:00,95.93617246351134,96.51299936563605,95.93617246351134,96.33995056152344,6280100,0.0,0.0,0.0
2020-02-24 00:00:00-05:00,95.17668124665245,95.91694109572441,94.62869458741028,95.05170440673828,7534800,0.0,0.0,0.0
2020-02-25 00:00:00-05:00,95.24396899857487,95.45547388914561,92.25407495769149,92.50403594970703,9336400,0.0,0.0,0.0
2020-02-26 00:00:00-05:00,92.68670398901392,93.40773941429397,91.4657465614121,91.53304290771484,12259300,0.0,0.0,0.0
2020-02-27 00:00:00-05:00,90.35054095837518,90.35054095837518,86.70690805010534,86.73574829101562,18952900,0.0,0.0,0.0
2020-02-28 00:00:00-05:00,85.01488667608207,85.4571208715201,82.02499242595043,84.02466583251953,34732100,0.0,0.0,0.0
2020-03-02 00:00:00-05:00,85.07257223105422,88.40856428232058,84.56304165672289,88.07208251953125,21369400,0.0,0.0,0.0
2020-03-03 00:00:00-05:00,88.35087330553355,90.5235953848918,87.37987690406682,88.0816879272461,20821800,0.0,0.0,0.0
2020-03-04 00:00:00-05:00,89.47569240419996,91.60995851585686,89.36993995111773,91.44652557373047,12692300,0.0,0.0,0.0
2020-03-05 00:00:00-05:00,89.98522927200617,90.66780866774035,88.48547777347765,89.45647430419922,12086000,0.0,0.0,0.0
2020-03-06 00:00:00-05:00,87.26452149071238,88.26435828260158,85.16871130544999,87.93749237060547,16538800,0.0,0.0,0.0
2020-03-09 00:00:00-04:00,81.86156098577516,84.015051513632,80.85210840425526,81.41932678222656,14725100,0.0,0.0,0.0
2020-03-10 00:00:00-04:00,83.43822807896206,84.77454660505572,80.17914823938086,84.56304168701172,18279800,0.0,0.0,0.0
2020-03-11 00:00:00-04:00,82.52491192418334,82.79410466883944,78.90051008126072,79.6407699584961,14714000,0.0,0.0,0.0
2020-03-12 00:00:00-04:00,75.00691827565373,76.87199916309388,70.52688807019517,71.88243103027344,11980900,0.0,0.0,0.0
2020-03-13 00:00:00-04:00,75.38185620276325,78.03526137197206,71.51710209170608,78.01603698730469,11713600,0.0,0.0,0.0
2020-03-16 00:00:00-04:00,70.03657732973367,71.44980802740007,64.26829355787225,64.854736328125,12956800,0.0,0.0,0.0
2020-03-17 00:00:00-04:00,65.6238383938677,69.23862398068893,63.50879678310906,67.90230560302734,9973600,0.0,0.0,0.0
2020-03-18 00:00:00-04:00,63.73953825729047,65.77766048440036,58.67305826514962,61.22071838378906,8574700,0.0,0.0,0.0
2020-03-19 00:00:00-04:00,60.576594110588324,62.72047255425245,58.461559580700765,61.24956130981445,10115000,0.0,0.0,0.0
2020-03-20 00:00:00-04:00,61.89367860382715,63.75875926119955,58.163524623834014,58.56730270385742,12254800,0.0,0.0,0.0
2020-03-23 00:00:00-04:00,58.317347601937776,58.317347601937776,54.096887314723574,55.60625457763672,16261300,0.0,0.0,0.0
2020-03-24 00:00:00-04:00,58.557686793618615,60.19203439622086,57.00025139225676,60.05744171142578,12192800,0.0,0.0,0.0
2020-03-25 00:00:00-04:00,60.54956930910397,66.65499747341102,59.87010884122507,63.35476303100586,13699300,0.597,0.0,0.0
2020-03-26 00:00:00-04:00,64.18953226632192,68.37306815884897,63.67508534120838,68.05274963378906,11439200,0.0,0.0,0.0
2020-03-27 00:00:00-04:00,65.94641972331506,69.90669350051164,65.62610122937677,68.14009857177734,8318700,0.0,0.0,0.0
2020-03-30 00:00:00-04:00,68.71279382145649,69.71256911235713,66.4802802822528,69.4990234375,10447900,0.0,0.0,0.0
2020-03-31 00:00:00-04:00,69.1301724015698,69.1301724015698,65.89788376449188,67.5285873413086,11231300,0.0,0.0,0.0
2020-04-01 00:00:00-04:00,64.38365770832226,67.67418317657817,61.84053460604269,63.073272705078125,11527300,0.0,0.0,0.0
2020-04-02 00:00:00-04:00,62.18998208637832,64.56808833030846,62.10262282457292,63.34506607055664,10395900,0.0,0.0,0.0
2020-04-03 00:00:00-04:00,62.811201802171475,63.62655738013861,61.16108447107021,62.3549919128418,8666500,0.0,0.0,0.0
2020-04-06 00:00:00-04:00,65.00489238370419,67.38299877549044,64.9272380560438,67.03356170654297,11485600,0.0,0.0,0.0
2020-04-07 00:00:00-04:00,69.62521243983119,70.97442473965403,67.67419028466446,67.68389892578125,9338600,0.0,0.0,0.0
2020-04-08 00:00:00-04:00,68.77102916614817,73.00309318303636,68.0430366046035,72.52747344970703,14284800,0.0,0.0,0.0
2020-04-09 00:00:00-04:00,74.09993760383466,77.76902658029174,74.09993760383466,76.5654067993164,15642200,0.0,0.0,0.0
2020-04-13 00:00:00-04:00,76.20626945544936,76.43922502005904,72.92544464521187,73.44960021972656,9757500,0.0,0.0,0.0
2020-04-14 00:00:00-04:00,75.08030502469529,76.18685322884822,74.51732228068093,75.39091491699219,8697500,0.0,0.0,0.0
2020-04-15 00:00:00-04:00,73.21665016522061,73.9446428392462,71.69271913048136,72.53719329833984,9204500,0.0,0.0,0.0
2020-04-16 00:00:00-04:00,72.31392583926954,73.10986405564192,71.20737776786217,71.7218246459961,9036800,0.0,0.0,0.0
2020-04-17 00:00:00-04:00,73.87669420079578,74.2455411415759,71.66359774506675,73.8572769165039,7339000,0.0,0.0,0.0
2020-04-20 00:00:00-04:00,72.4789372853191,72.79925578811238,71.08119660994316,71.17826080322266,7404300,0.0,0.0,0.0
2020-04-21 00:00:00-04:00,69.37284047383984,70.49879847514603,68.90692196623226,69.87757873535156,8919100,0.0,0.0,0.0
2020-04-22 00:00:00-04:00,71.16855396375387,71.59564531162269,70.33378855047758,70.99383544921875,6503500,0.0,0.0,0.0
2020-04-23 00:00:00-04:00,71.04237229843633,71.75094760274263,70.05229823294934,70.34349822998047,6051900,0.0,0.0,0.0
2020-04-24 00:00:00-04:00,70.66381525456207,70.9161806807722,69.7028597279502,70.63468933105469,4911700,0.0,0.0,0.0
2020-04-27 00:00:00-04:00,71.197679399421,73.14870176703535,71.04237815225834,72.8672103881836,5471500,0.0,0.0,0.0
2020-04-28 00:00:00-04:00,74.47849138638715,75.32295797060232,73.44959025502838,73.5272445678711,6052900,0.0,0.0,0.0
2020-04-29 00:00:00-04:00,75.08030510427955,75.56563352435313,73.53696428309703,74.6532211303711,7196600,0.0,0.0,0.0
2020-04-30 00:00:00-04:00,73.45929766161703,74.06110746775514,72.59541381094043,73.81844329833984,8778000,0.0,0.0,0.0
2020-05-01 00:00:00-04:00,72.22657533139575,72.23627656732316,70.64440002344116,71.31415557861328,5740600,0.0,0.0,0.0
2020-05-04 00:00:00-04:00,70.5279248826263,71.18796438085226,69.48931502324207,71.1006088256836,4894100,0.0,0.0,0.0
2020-05-05 00:00:00-04:00,71.7024196146888,72.56630356379752,71.39180973866682,71.44033813476562,7107700,0.0,0.0,0.0
2020-05-06 00:00:00-04:00,71.87712865464408,72.10037553941179,70.20759801410904,70.2561264038086,5740800,0.0,0.0,0.0
2020-05-07 00:00:00-04:00,70.88705656091831,72.20715024570973,70.78999237346775,71.18795776367188,6427100,0.0,0.0,0.0
2020-05-08 00:00:00-04:00,72.33334545764862,73.07104673978662,71.94508864070407,72.8866195678711,7870600,0.0,0.0,0.0
2020-05-11 00:00:00-04:00,72.01302805907193,72.98368482803411,71.48887251516953,71.85771942138672,5544300,0.0,0.0,0.0
2020-05-12 00:00:00-04:00,72.11979556537963,72.19744247295954,68.47983295081853,68.55747985839844,10986600,0.0,0.0,0.0
2020-05-13 00:00:00-04:00,68.10128553855954,68.40218678075048,66.55793735538367,66.93649291992188,13770700,0.0,0.0,0.0
2020-05-14 00:00:00-04:00,65.96583417104864,67.28592799011219,64.49043911737246,67.24710083007812,9536900,0.0,0.0,0.0
2020-05-15 00:00:00-04:00,66.7908929169017,67.04326576176842,65.8396533874809,66.93649291992188,9552500,0.0,0.0,0.0
2020-05-18 00:00:00-04:00,69.2757810257107,71.42093174381517,69.23695386362216,70.83853912353516,11786200,0.0,0.0,0.0
2020-05-19 00:00:00-04:00,70.58616801063721,71.03266927736274,70.02318525477818,70.0426025390625,4982900,0.0,0.0,0.0
2020-05-20 00:00:00-04:00,70.8870634029771,70.96471772264191,70.16877945988645,70.72205352783203,4393100,0.0,0.0,0.0
2020-05-21 00:00:00-04:00,70.37261952359486,71.1006121393562,69.90670099107713,70.62499237060547,4139400,0.0,0.0,0.0
2020-05-22 00:00:00-04:00,70.51820900787726,71.64416690141088,70.33378186962977,71.58592987060547,4405800,0.0,0.0,0.0
2020-05-26 00:00:00-04:00,73.71167783825065,74.6337988119783,73.49813216293937,74.19700622558594,7415800,0.0,0.0,0.0
2020-05-27 00:00:00-04:00,75.88594491334109,76.04124614226866,73.8087400634622,75.62387084960938,8143900,0.0,0.0,0.0
2020-05-28 00:00:00-04:00,76.51687131292921,76.55569847054319,75.32296028424923,75.93447875976562,6195400,0.0,0.0,0.0
2020-05-29 00:00:00-04:00,75.40061960361538,75.90535787504912,74.69203688979883,75.14824676513672,10074000,0.0,0.0,0.0
2020-06-01 00:00:00-04:00,75.09001326700368,77.42929238595664,74.9347046189198,76.88572692871094,6401800,0.0,0.0,0.0
2020-06-02 00:00:00-04:00,77.50693683382634,77.7690182926917,76.74982578470069,77.57488250732422,6300800,0.0,0.0,0.0
2020-06-03 00:00:00-04:00,78.36113149963738,80.25390941281918,78.23494136840917,79.90447235107422,9371500,0.0,0.0,0.0
2020-06-04 00:00:00-04:00,79.59386066512576,79.62297918536332,78.47760382103445,79.22501373291016,6583900,0.0,0.0,0.0
2020-06-05 00:00:00-04:00,81.85548370362373,83.58325149572107,81.75841951186426,82.10784912109375,10281900,0.0,0.0,0.0
2020-06-08 00:00:00-04:00,83.16586710555136,84.31124231814726,83.14645722980562,84.27241516113281,6919300,0.0,0.0,0.0
2020-06-09 00:00:00-04:00,82.8358436073694,83.3988263004903,81.83606833834077,82.91349792480469,10855200,0.0,0.0,0.0
2020-06-10 00:00:00-04:00,82.48641825955825,82.90380098047306,80.15684045458076,80.79747009277344,9362100,0.0,0.0,0.0
2020-06-11 00:00:00-04:00,77.2448675893136,78.37082559244877,75.52680095808854,75.69181823730469,9634500,0.0,0.0,0.0
2020-06-12 00:00:00-04:00,78.26405675771204,78.64261232520121,76.22567891611098,78.39994812011719,12788900,0.0,0.0,0.0
2020-06-15 00:00:00-04:00,76.06760462870294,79.74152064036394,75.70608063589098,79.30182647705078,8011900,0.533,0.0,0.0
2020-06-16 00:00:00-04:00,82.14519339448886,82.29176059322229,79.54609871946668,80.86518859863281,7372800,0.0,0.0,0.0
2020-06-17 00:00:00-04:00,81.30488234971715,81.38305251596195,79.71220434974539,79.77082824707031,4686800,0.0,0.0,0.0
2020-06-18 00:00:00-04:00,79.05754737030128,79.34090118216436,78.49082483714014,78.92074584960938,5687200,0.0,0.0,0.0
2020-06-19 00:00:00-04:00,80.0932764923054,80.10304962699725,77.42577727996455,77.92410278320312,9850800,0.0,0.0,0.0
2020-06-22 00:00:00-04:00,77.6407404199767,77.93387481885792,76.46821773388668,77.77753448486328,5325400,0.0,0.0,0.0
2020-06-23 00:00:00-04:00,78.54945416437049,78.6764751044921,77.29876121489676,77.54303741455078,4775900,0.0,0.0,0.0
2020-06-24 00:00:00-04:00,76.54637781032719,76.78088830324388,73.61506374132318,75.32499694824219,7585000,0.0,0.0,0.0
2020-06-25 00:00:00-04:00,74.73874236403961,76.29234283714165,74.6508065123052,76.25325775146484,4919500,0.0,0.0,0.0
2020-06-26 00:00:00-04:00,75.96011993112829,76.32165136639368,74.68988824980413,74.73873901367188,6942000,0.0,0.0,0.0
2020-06-29 00:00:00-04:00,75.57905216841455,76.20439862235372,74.42606824620461,76.13600158691406,6311100,0.0,0.0,0.0
2020-06-30 00:00:00-04:00,76.22394353759714,77.42577820392232,75.9210359962755,77.00562286376953,5965600,0.0,0.0,0.0
2020-07-01 00:00:00-04:00,77.21081136654365,79.06731181760578,77.10333670613993,78.73509979248047,6281500,0.0,0.0,0.0
2020-07-02 00:00:00-04:00,80.08349980549949,80.24960581430551,78.18791431410752,78.4908218383789,4294100,0.0,0.0,0.0
2020-07-06 00:00:00-04:00,80.13235796639918,80.13235796639918,78.39311280548048,78.5005874633789,5060000,0.0,0.0,0.0
2020-07-07 00:00:00-04:00,77.70913947562701,78.1097560008805,76.92746014945463,77.00562286376953,3941100,0.0,0.0,0.0
2020-07-08 00:00:00-04:00,77.19127471740087,77.43555090321543,76.23370878893205,76.92745971679688,3753800,0.0,0.0,0.0
2020-07-09 00:00:00-04:00,76.81020894345535,76.84929403003122,75.29569352119196,76.4975357055664,3988600,0.0,0.0,0.0
2020-07-10 00:00:00-04:00,76.40957876385207,77.06424452879283,76.1555369285129,76.71248626708984,3588700,0.0,0.0,0.0
2020-07-13 00:00:00-04:00,77.12287682489163,77.3378410587699,75.52042566016688,75.76470184326172,5494600,0.0,0.0,0.0
2020-07-14 00:00:00-04:00,75.58881919440651,76.54637761317323,75.461798268775,76.3411865234375,4973400,0.0,0.0,0.0
2020-07-15 00:00:00-04:00,77.62119698590082,77.87523883144645,76.59523410559495,77.13264465332031,4716300,0.0,0.0,0.0
2020-07-16 00:00:00-04:00,76.76134158389789,77.01539088904005,76.03828620511175,76.2923355102539,4039300,0.0,0.0,0.0
2020-07-17 00:00:00-04:00,76.63431992717582,77.5918857883607,76.14576758987513,77.24989318847656,3474300,0.0,0.0,0.0
2020-07-20 00:00:00-04:00,77.13264644428473,77.57234057192979,76.06759845807674,76.3314208984375,3111900,0.0,0.0,0.0
2020-07-21 00:00:00-04:00,76.8981373142236,77.3182926356312,76.34118793047095,76.52684020996094,3804000,0.0,0.0,0.0
2020-07-22 00:00:00-04:00,76.22393347073853,77.72867547965478,76.03828120748469,77.69935607910156,3350000,0.0,0.0,0.0
2020-07-23 00:00:00-04:00,77.46486548331153,77.98272982206923,76.40959053562537,77.29875946044922,3681000,0.0,0.0,0.0
2020-07-24 00:00:00-04:00,77.17172663401966,77.53325057458568,76.66362805390794,76.71248626708984,3584300,0.0,0.0,0.0
2020-07-27 00:00:00-04:00,76.73203145974811,77.62120032151907,75.86240886676184,77.60165405273438,2592400,0.0,0.0,0.0
2020-07-28 00:00:00-04:00,77.48440863654837,79.42884497612249,77.34761456972713,78.98914337158203,4053500,0.0,0.0,0.0
2020-07-29 00:00:00-04:00,79.56563675076123,80.81632958550607,79.54609793665718,80.75770568847656,5100100,0.0,0.0,0.0
2020-07-30 00:00:00-04:00,79.75128610961625,80.35708623597627,79.27249945235596,80.34732055664062,5807600,0.0,0.0,0.0
2020-07-31 00:00:00-04:00,80.26915668283684,80.31800744749373,78.96960557653823,80.18121337890625,6989600,0.0,0.0,0.0
2020-08-03 00:00:00-04:00,80.27892989379811,80.29846870873587,78.80349963295653,79.13571166992188,3616900,0.0,0.0,0.0
2020-08-04 00:00:00-04:00,78.95006651675912,80.39617736726096,78.940293381971,80.13236236572266,3995000,0.0,0.0,0.0
2020-08-05 00:00:00-04:00,80.35708227735059,80.75769875188789,79.44837467785909,79.8294448852539,4036100,0.0,0.0,0.0
2020-08-06 00:00:00-04:00,79.5949495890662,80.11281389786217,79.36044654360937,79.83922576904297,3137900,0.0,0.0,0.0
2020-08-07 00:00:00-04:00,79.59494234235157,80.96289031662027,79.46792142402651,80.9238052368164,3941300,0.0,0.0,0.0
2020-08-10 00:00:00-04:00,81.09969336302383,81.5882457326806,80.7088499763549,81.11923217773438,4031300,0.0,0.0,0.0
2020-08-11 00:00:00-04:00,82.02793906958838,82.02793906958838,79.67312054766083,79.94670867919922,4076400,0.0,0.0,0.0
2020-08-12 00:00:00-04:00,80.46457098959701,80.86518749702977,80.23006794764852,80.71862030029297,2989300,0.0,0.0,0.0
2020-08-13 00:00:00-04:00,80.66977069441342,81.15832309920947,79.60473003022273,79.8001480102539,4181800,0.0,0.0,0.0
2020-08-14 00:00:00-04:00,79.604722539115,80.54274217348602,79.5265523725714,79.8099136352539,2213900,0.0,0.0,0.0
2020-08-17 00:00:00-04:00,79.96625101644842,80.44503772244995,79.52655685063735,80.43526458740234,3122400,0.0,0.0,0.0
2020-08-18 00:00:00-04:00,80.46457379073088,80.53297082429346,79.57541235441748,80.05419158935547,3523100,0.0,0.0,0.0
2020-08-19 00:00:00-04:00,80.13235890176128,80.21052161253458,78.50058837969381,78.61784362792969,4337000,0.0,0.0,0.0
2020-08-20 00:00:00-04:00,78.2465366702829,79.82944132118581,78.02179933647813,79.33112335205078,3036300,0.0,0.0,0.0
2020-08-21 00:00:00-04:00,79.23341529324216,79.80991093358938,78.57875694371465,79.44837951660156,2933300,0.0,0.0,0.0
2020-08-24 00:00:00-04:00,79.60471678343929,80.11280791980128,78.60806586886292,80.07372283935547,3110600,0.0,0.0,0.0
2020-08-25 00:00:00-04:00,80.25939190322666,80.45480989163295,79.48747817600051,80.2691650390625,3043100,0.0,0.0,0.0
2020-08-26 00:00:00-04:00,80.12258463045389,80.1812085263813,79.02822469326657,79.51677703857422,4668400,0.0,0.0,0.0
2020-08-27 00:00:00-04:00,79.6242673944634,80.89450660565872,79.6242673944634,80.65023040771484,4541700,0.0,0.0,0.0
2020-08-28 00:00:00-04:00,80.87494874706519,81.18762193744344,80.02487247104264,81.14854431152344,3770000,0.0,0.0,0.0
2020-08-31 00:00:00-04:00,81.07037599406581,81.10946107559164,80.08349818601074,80.36685943603516,3392800,0.0,0.0,0.0
2020-09-01 00:00:00-04:00,80.11281069007174,80.52320032158558,79.53632250667403,80.45479583740234,3026500,0.0,0.0,0.0
2020-09-02 00:00:00-04:00,80.47434512543516,82.04748431690462,79.8978494656875,81.92045593261719,5049500,0.0,0.0,0.0
2020-09-03 00:00:00-04:00,81.95953369238762,82.59465319292153,80.29845880303748,80.90426635742188,5707500,0.0,0.0,0.0
2020-09-04 00:00:00-04:00,81.0996891220679,81.66641163036628,79.16501855932134,80.53296661376953,7279500,0.0,0.0,0.0
2020-09-08 00:00:00-04:00,80.1909894749167,80.1909894749167,78.94029654180859,79.52655792236328,5431300,0.0,0.0,0.0
2020-09-09 00:00:00-04:00,79.85876737014078,81.23648106822597,79.76105094008791,80.24960327148438,4645000,0.0,0.0,0.0
2020-09-10 00:00:00-04:00,80.14212867766285,80.42548995101151,79.13571197336245,79.17479705810547,4574500,0.0,0.0,0.0
2020-09-11 00:00:00-04:00,79.3799850284897,79.62426120745269,78.08044142199185,78.73509979248047,4298300,0.0,0.0,0.0
2020-09-14 00:00:00-04:00,79.31158049975465,81.04105985797771,79.09661628983163,80.84563446044922,4373400,0.0,0.0,0.0
2020-09-15 00:00:00-04:00,81.13877565933551,82.51648941797795,81.08015176250056,81.78366088867188,4166400,0.0,0.0,0.0
2020-09-16 00:00:00-04:00,82.27221654811144,83.02459137641243,81.83252239474314,82.2233657836914,3958900,0.0,0.0,0.0
2020-09-17 00:00:00-04:00,81.45144081854174,81.99861701417943,80.18120184470678,80.67952728271484,4258900,0.0,0.0,0.0
2020-09-18 00:00:00-04:00,80.70884954151782,80.70884954151782,78.79372515734755,78.94029235839844,6820100,0.0,0.0,0.0
2020-09-21 00:00:00-04:00,77.71891848224375,77.98273350426321,76.30211201667795,76.74181365966797,5721100,0.0,0.0,0.0
2020-09-22 00:00:00-04:00,76.8785989590984,78.23677391100092,76.68318099878678,77.64073944091797,4788600,0.0,0.0,0.0
2020-09-23 00:00:00-04:00,77.67907779509571,77.67907779509571,75.31981026139957,75.40827941894531,4149800,0.479,0.0,0.0
2020-09-24 00:00:00-04:00,75.40827364294307,76.79435033775322,75.06421444562679,75.74250793457031,7611800,0.0,0.0,0.0
2020-09-25 00:00:00-04:00,75.48692366074329,77.3841730938079,75.33946756492331,77.27603912353516,3292100,0.0,0.0,0.0
2020-09-28 00:00:00-04:00,78.39668590920868,79.14379122286871,78.16076067855262,78.81938934326172,3960900,0.0,0.0,0.0
2020-09-29 00:00:00-04:00,78.76041352915068,78.8488826822384,77.65941656895839,78.22957611083984,4520900,0.0,0.0,0.0
2020-09-30 00:00:00-04:00,78.64244168157062,79.32073514105102,77.6987332813831,78.48515319824219,4276500,0.0,0.0,0.0
2020-10-01 00:00:00-04:00,78.76041034478138,80.06783527598438,78.45566577441241,79.9990234375,18707600,0.0,0.0,0.0
2020-10-02 00:00:00-04:00,78.89804507539598,81.53256761778181,78.54415342791663,81.2769775390625,18898100,0.0,0.0,0.0
2020-10-05 00:00:00-04:00,81.49323887766896,82.00441149370043,80.25461821199686,81.72916412353516,12648700,0.0,0.0,0.0
2020-10-06 00:00:00-04:00,81.9159378538018,82.34846619755271,80.89358517778774,81.21798706054688,20491400,0.0,0.0,0.0
2020-10-07 00:00:00-04:00,81.7095036530719,81.7488257758511,80.93290860302102,81.30645751953125,3424200,0.0,0.0,0.0
2020-10-08 00:00:00-04:00,81.75866192898998,82.88914873964454,81.56205878797576,82.58441162109375,4177600,0.0,0.0,0.0
2020-10-09 00:00:00-04:00,82.89897566148615,83.13490091507855,81.98475686639594,82.23051452636719,10875100,0.0,0.0,0.0
2020-10-12 00:00:00-04:00,82.33864928641079,82.88914405004871,81.88645608771839,82.72203063964844,5738400,0.0,0.0,0.0
2020-10-13 00:00:00-04:00,82.61388369222428,82.61388369222428,80.92307004099075,81.39492797851562,4940500,0.0,0.0,0.0
2020-10-14 00:00:00-04:00,81.29663047266075,81.52273081856286,80.32343224449194,80.44139862060547,5918500,0.0,0.0,0.0
2020-10-15 00:00:00-04:00,79.65497278931856,81.4145985620838,79.65497278931856,80.77562713623047,4817100,0.0,0.0,0.0
2020-10-16 00:00:00-04:00,80.79528171465809,80.91324057838314,80.1464779644593,80.27427673339844,4338800,0.0,0.0,0.0
2020-10-19 00:00:00-04:00,80.4610475142708,80.67731543121876,78.8587104476811,78.97666931152344,4996400,0.0,0.0,0.0
2020-10-20 00:00:00-04:00,79.53700045866057,80.1071524422906,79.3207325511093,79.56649017333984,7054500,0.0,0.0,0.0
2020-10-21 00:00:00-04:00,79.27157991770117,79.66479362263557,78.96684285884263,79.25192260742188,4019900,0.0,0.0,0.0
2020-10-22 00:00:00-04:00,79.20277238714833,79.50750946257182,78.87837050044898,79.15361785888672,3928800,0.0,0.0,0.0
2020-10-23 00:00:00-04:00,79.39938218579853,79.93021963602291,79.02583323931263,79.63531494140625,2641500,0.0,0.0,0.0
2020-10-26 00:00:00-04:00,78.95701426596447,79.04549091631219,77.89533946135977,78.62278747558594,3991400,0.0,0.0,0.0
2020-10-27 00:00:00-04:00,78.72109229989594,79.12413094619903,77.44314951908189,77.46281433105469,3414500,0.0,0.0,0.0
2020-10-28 00:00:00-04:00,76.14555148671278,76.94180389480731,75.30997695353686,75.56556701660156,6085000,0.0,0.0,0.0
2020-10-29 00:00:00-04:00,75.66387099621905,77.25637586327639,75.03473197467784,76.71571350097656,5759000,0.0,0.0,0.0
2020-10-30 00:00:00-04:00,76.23402427152187,76.77468658909373,75.31980553461253,76.1947021484375,6507300,0.0,0.0,0.0
2020-11-02 00:00:00-05:00,77.03027825484548,78.13127522451636,76.55842026786416,78.11161041259766,6576200,0.0,0.0,0.0
2020-11-03 00:00:00-05:00,78.72109241437657,79.96953797904698,78.53431420000472,79.61564636230469,7949700,0.0,0.0,0.0
2020-11-04 00:00:00-05:00,80.00886109082086,81.04104623571611,79.232266005601,79.78276824951172,6721800,0.0,0.0,0.0
2020-11-05 00:00:00-05:00,80.41190174472864,80.81494036903693,79.73360826732039,80.03834533691406,5409000,0.0,0.0,0.0
2020-11-06 00:00:00-05:00,80.07766638998758,80.67731561564945,79.28141405752054,79.58615112304688,6837600,0.0,0.0,0.0
2020-11-09 00:00:00-05:00,83.55760073593888,87.25379788023797,81.68984110185576,81.8864517211914,17599700,0.0,0.0,0.0
2020-11-10 00:00:00-05:00,81.88644809446453,83.0562493530063,81.55221380636121,82.80066680908203,9468700,0.0,0.0,0.0
2020-11-11 00:00:00-05:00,83.4101490736859,83.73455098786219,82.5549172089485,83.33150482177734,5307900,0.0,0.0,0.0
2020-11-12 00:00:00-05:00,82.90879609176139,83.35116435578371,81.80780663448594,82.32881164550781,3756800,0.0,0.0,0.0
2020-11-13 00:00:00-05:00,82.70236830697782,84.61928263058374,82.70236830697782,84.48165893554688,4854100,0.0,0.0,0.0
2020-11-16 00:00:00-05:00,85.91687463171299,86.31991327161313,84.26538294886343,85.16976928710938,7907600,0.0,0.0,0.0
2020-11-17 00:00:00-05:00,84.53079559453695,85.56298068055585,84.08843484334483,85.23857879638672,5134800,0.0,0.0,0.0
2020-11-18 00:00:00-05:00,85.47450577768508,85.88738432048974,83.57725646169168,83.7050552368164,7843200,0.0,0.0,0.0
2020-11-19 00:00:00-05:00,83.60676214100474,83.93115656471007,82.6040666497588,83.87217712402344,4440100,0.0,0.0,0.0
2020-11-20 00:00:00-05:00,83.83284975171826,83.99013825027995,83.03659735255273,83.47895812988281,3544800,0.0,0.0,0.0
2020-11-23 00:00:00-05:00,83.91148867363637,84.27521267852195,83.25286000256308,83.41014099121094,4796400,0.0,0.0,0.0
2020-11-24 00:00:00-05:00,84.41284257611068,84.80604882666812,83.53794591874195,83.64607238769531,4574200,0.0,0.0,0.0
2020-11-25 00:00:00-05:00,83.79352627445024,83.87217052246159,82.99727388813814,83.71488952636719,3380500,0.0,0.0,0.0
2020-11-27 00:00:00-05:00,83.91149801467202,83.98030986110209,83.09558076419493,83.45930480957031,1658900,0.0,0.0,0.0
2020-11-30 00:00:00-05:00,83.31184174264936,83.38065358332463,82.33864356740537,82.73185729980469,4633900,0.0,0.0,0.0
2020-12-01 00:00:00-05:00,83.7345470631558,84.03928415010736,83.34133332197193,83.67556762695312,4831100,0.0,0.0,0.0
2020-12-02 00:00:00-05:00,83.43963176195373,83.98030157335356,82.80066789384416,82.92845916748047,4372300,0.0,0.0,0.0
2020-12-03 00:00:00-05:00,82.99727290942876,83.94098137465181,82.85964922699591,83.54776763916016,4539200,0.0,0.0,0.0
2020-12-04 00:00:00-05:00,83.95081580782556,84.79622273457325,83.90166127722901,84.77655792236328,3714600,0.0,0.0,0.0
2020-12-07 00:00:00-05:00,84.49147647667203,84.86503290200277,83.7935256555649,84.11792755126953,8254400,0.0,0.0,0.0
2020-12-08 00:00:00-05:00,83.72471254841275,84.21622783753097,83.6165785848125,83.7050552368164,4100000,0.0,0.0,0.0
2020-12-09 00:00:00-05:00,83.79352636046063,83.92132513859232,82.53524839070063,83.06608581542969,7956700,0.0,0.0,0.0
2020-12-10 00:00:00-05:00,82.71220291276009,83.24304039341342,82.3091642237022,82.58441162109375,2823000,0.0,0.0,0.0
2020-12-11 00:00:00-05:00,82.22067214828152,82.72201981379953,81.8078011295856,82.62371826171875,2862700,0.0,0.0,0.0
2020-12-14 00:00:00-05:00,83.23858483182053,83.86235169292205,82.1692637379809,82.23857116699219,3817000,0.601,0.0,0.0
2020-12-15 00:00:00-05:00,82.57520511450123,83.84254516021997,82.07024671836743,83.82274627685547,3719700,0.0,0.0,0.0
2020-12-16 00:00:00-05:00,84.0504713212856,84.48612231490809,83.49601191408819,83.95146179199219,3965600,0.0,0.0,0.0
2020-12-17 00:00:00-05:00,84.40691842687629,84.84256945537369,84.01087272405533,84.77326202392578,3547200,0.0,0.0,0.0
2020-12-18 00:00:00-05:00,84.83266460680939,84.97127946704401,82.7138288244307,83.24848937988281,4291000,0.0,0.0,0.0
2020-12-21 00:00:00-05:00,82.09995026086729,82.85243625894395,81.75341314133944,82.71382141113281,4952200,0.0,0.0,0.0
2020-12-22 00:00:00-05:00,82.8821423210073,83.43660173874002,82.49599986166587,83.36729431152344,3383200,0.0,0.0,0.0
2020-12-23 00:00:00-05:00,83.7237357435149,84.16928997044498,82.72372964566539,82.80293273925781,4579400,0.0,0.0,0.0
2020-12-24 00:00:00-05:00,83.09996529510353,83.48610774270338,82.85243769772194,83.45640563964844,981700,0.0,0.0,0.0
2020-12-28 00:00:00-05:00,83.822750030408,84.38711265584979,83.42670435990048,84.21878814697266,6311700,0.0,0.0,0.0
2020-12-29 00:00:00-05:00,84.60493519136119,84.90197134885285,83.35740145936006,83.5356216430664,3138900,0.0,0.0,0.0
2020-12-30 00:00:00-05:00,83.45640772091332,84.47622023892704,83.45640772091332,83.91185760498047,4933800,0.0,0.0,0.0
2020-12-31 00:00:00-05:00,83.90195155500886,85.03067678482053,83.24848263172235,84.8029556274414,4171500,0.0,0.0,0.0
2021-01-04 00:00:00-05:00,85.01087712070833,85.13958874961335,81.89202793898295,81.9217300415039,14744100,0.0,0.0,0.0
2021-01-05 00:00:00-05:00,81.90193149793456,82.66431316359488,81.82272085492129,81.91183471679688,13595100,0.0,0.0,0.0
2021-01-06 00:00:00-05:00,81.84252842672927,82.43659314967532,81.33757001295088,81.87223052978516,18629400,0.0,0.0,0.0
2021-01-07 00:00:00-05:00,81.88213409104372,82.17917025813246,81.37718318251382,81.86233520507812,10663300,0.0,0.0,0.0
2021-01-08 00:00:00-05:00,82.03064456309392,82.91184220869708,81.9910392408941,82.6544189453125,4345200,0.0,0.0,0.0
2021-01-11 00:00:00-05:00,82.25837654246439,82.5554051398392,81.2583628905667,81.48609161376953,3548500,0.0,0.0,0.0
2021-01-12 00:00:00-05:00,81.31776027746858,81.614796403868,80.65438815631134,81.45637512207031,5314900,0.0,0.0,0.0
2021-01-13 00:00:00-05:00,81.3771737037674,82.60490844710448,81.3771737037674,82.45639038085938,8842500,0.0,0.0,0.0
2021-01-14 00:00:00-05:00,82.67422083758785,83.3375930122006,82.31778047876304,82.81283569335938,4538600,0.0,0.0,0.0
2021-01-15 00:00:00-05:00,82.71382186327266,84.05046936243957,82.43659216613494,83.75343322753906,6775200,0.0,0.0,0.0
2021-01-19 00:00:00-05:00,84.3078991549914,84.3078991549914,83.2088760446858,83.52571105957031,3413600,0.0,0.0,0.0
2021-01-20 00:00:00-05:00,83.55541786080565,85.52573548436247,83.30789025544625,85.20890045166016,6889500,0.0,0.0,0.0
2021-01-21 00:00:00-05:00,84.88216962354451,85.08018868595146,84.16928891257065,84.95147705078125,4779600,0.0,0.0,0.0
2021-01-22 00:00:00-05:00,84.62473394198982,85.307912509784,84.37720635121715,85.11978912353516,6286300,0.0,0.0,0.0
2021-01-25 00:00:00-05:00,85.1593990062293,86.34752848400508,84.6940459020185,85.75346374511719,5140000,0.0,0.0,0.0
2021-01-26 00:00:00-05:00,85.90197902910126,86.63465859814157,85.76336417965965,86.37722778320312,3790600,0.0,0.0,0.0
2021-01-27 00:00:00-05:00,85.83267498817916,86.44653861592312,84.47622098923313,84.94157409667969,5641100,0.0,0.0,0.0
2021-01-28 00:00:00-05:00,84.85245730752109,86.27821868480497,84.53562228522944,85.30791473388672,5032200,0.0,0.0,0.0
2021-01-29 00:00:00-05:00,85.01088084393282,85.70395511291855,83.9811651057662,84.43661499023438,5572600,0.0,0.0,0.0
2021-02-01 00:00:00-05:00,84.94157541824956,86.53565382841605,84.03067562785247,86.47624206542969,13611800,0.0,0.0,0.0
2021-02-02 00:00:00-05:00,87.00100111447482,87.23862548867113,86.26831400029366,86.94158935546875,12298500,0.0,0.0,0.0
2021-02-03 00:00:00-05:00,86.64456765301476,86.87228882646006,85.5158423435693,86.70397186279297,11551100,0.0,0.0,0.0
2021-02-04 00:00:00-05:00,86.73367488974493,87.69408324573337,86.51584937965147,87.19902801513672,11375300,0.0,0.0,0.0
2021-02-05 00:00:00-05:00,87.35744442267206,87.63467412764997,87.08020716375124,87.36734008789062,5332900,0.0,0.0,0.0
2021-02-08 00:00:00-05:00,87.36734090092622,87.62477172391974,86.93169745502526,87.60497283935547,5033800,0.0,0.0,0.0
2021-02-09 00:00:00-05:00,87.67427673749387,88.12972660357096,87.42674914371658,87.9911117553711,3279900,0.0,0.0,0.0
2021-02-10 00:00:00-05:00,88.45645624813383,89.10002949518962,88.07031381068889,88.55547332763672,5026400,0.0,0.0,0.0
2021-02-11 00:00:00-05:00,88.59507917827901,89.00102050168574,88.10991965843085,88.5356674194336,3177900,0.0,0.0,0.0
2021-02-12 00:00:00-05:00,88.51587275585312,88.6940929330009,87.88220269353722,88.65448760986328,2701900,0.0,0.0,0.0
2021-02-16 00:00:00-05:00,88.70398324631755,88.73369290233546,87.27822946910204,87.78318786621094,3652000,0.0,0.0,0.0
2021-02-17 00:00:00-05:00,87.58516466060655,87.83269225942827,87.1792233265892,87.66437530517578,6557400,0.0,0.0,0.0
2021-02-18 00:00:00-05:00,87.28813533325766,87.67427777982553,87.18911825141541,87.42675018310547,6013800,0.0,0.0,0.0
2021-02-19 00:00:00-05:00,87.86239711148122,88.36735554397944,87.42675366060675,87.83269500732422,3839200,0.0,0.0,0.0
2021-02-22 00:00:00-05:00,87.54556214457561,88.6742874270683,87.27823565301391,88.35745239257812,5062000,0.0,0.0,0.0
2021-02-23 00:00:00-05:00,88.64458625952292,89.06043083032084,88.28814589771238,88.85250854492188,5684500,0.0,0.0,0.0
2021-02-24 00:00:00-05:00,88.75349296152248,89.58518960036365,88.44656116408746,89.3277587890625,6117200,0.0,0.0,0.0
2021-02-25 00:00:00-05:00,89.25844895389187,89.95152317258302,87.2683250488752,87.82278442382812,9618100,0.0,0.0,0.0
2021-02-26 00:00:00-05:00,88.05052132037578,88.15943407258287,86.42674081067034,86.48614501953125,9978600,0.0,0.0,0.0
2021-03-01 00:00:00-05:00,87.38715049101538,88.19904075840498,86.63466443340398,86.70397186279297,12062500,0.0,0.0,0.0
2021-03-02 00:00:00-05:00,86.69406609480603,86.69406609480603,85.44653240247548,86.00099182128906,14819900,0.0,0.0,0.0
2021-03-03 00:00:00-05:00,85.90198113400285,86.14950873606284,85.12969622420655,85.24850463867188,15991200,0.0,0.0,0.0
2021-03-04 00:00:00-05:00,85.50593693372916,86.06039635463866,83.55541818724573,84.40691375732422,18710500,0.0,0.0,0.0
2021-03-05 00:00:00-05:00,85.19900472685688,85.83267479181953,83.21878388536288,85.47623443603516,7882500,0.0,0.0,0.0
2021-03-08 00:00:00-05:00,85.76336990147065,87.03071006888482,85.23860501763964,86.17921447753906,8494900,0.0,0.0,0.0
2021-03-09 00:00:00-05:00,86.62476060801585,87.4366508697278,86.5455575135132,86.72377014160156,4385100,0.0,0.0,0.0
2021-03-10 00:00:00-05:00,86.91189240743033,87.99111670505818,86.66436479972909,87.55546569824219,5016100,0.0,0.0,0.0
2021-03-11 00:00:00-05:00,87.69408380043876,89.03073142071597,87.52576683391761,88.4960708618164,4329100,0.0,0.0,0.0
2021-03-12 00:00:00-05:00,88.36735476885,89.9713363647461,88.36735476885,89.9713363647461,5521800,0.0,0.0,0.0
2021-03-15 00:00:00-04:00,90.00103326793526,91.43669026888698,89.6742950360687,91.20896911621094,5335500,0.0,0.0,0.0
2021-03-16 00:00:00-04:00,91.1990715786021,91.55551193485265,90.5554982934862,91.01094818115234,4162000,0.0,0.0,0.0
2021-03-17 00:00:00-04:00,90.84263008860336,91.05055236816406,90.03073985481933,91.05055236816406,5849400,0.0,0.0,0.0
2021-03-18 00:00:00-04:00,90.46639117336267,90.66441023442516,89.77330935175796,90.24856567382812,7539500,0.0,0.0,0.0
2021-03-19 00:00:00-04:00,90.07034676156414,90.60500729866921,89.02083212610404,89.14954376220703,9974900,0.0,0.0,0.0
2021-03-22 00:00:00-04:00,88.96142029547313,90.11984768133955,88.80300655530982,89.9416275024414,3748200,0.0,0.0,0.0
2021-03-23 00:00:00-04:00,89.95153045654297,90.65450795069506,89.55548477638801,89.95153045654297,3981800,0.0,0.0,0.0
2021-03-24 00:00:00-04:00,89.82281559718123,90.63470581308582,89.48617413725151,89.53568267822266,4046300,0.0,0.0,0.0
2021-03-25 00:00:00-04:00,89.3904096763169,90.47495893228495,88.43521471919392,90.27596282958984,4701600,0.444,0.0,0.0
2021-03-26 00:00:00-04:00,90.66401357161259,92.32565461737633,90.544611351279,92.2759017944336,5190300,0.0,0.0,0.0
2021-03-29 00:00:00-04:00,91.98734776339082,92.36545098092395,91.00230416376186,91.92765045166016,5668600,0.0,0.0,0.0
2021-03-30 00:00:00-04:00,91.75850365832281,92.11670271367618,91.50975473606155,91.85800170898438,7171800,0.0,0.0,0.0
2021-03-31 00:00:00-04:00,91.75850939997028,92.4251547314532,91.02221466954458,91.47991180419922,8863600,0.0,0.0,0.0
2021-04-01 00:00:00-04:00,91.98735193531428,93.15150270536243,91.54955897740976,93.11170196533203,15804700,0.0,0.0,0.0
2021-04-05 00:00:00-04:00,93.66889475216303,93.66889475216303,92.54455234206227,93.47984313964844,18032000,0.0,0.0,0.0
2021-04-06 00:00:00-04:00,93.52959581539845,93.72859191894531,93.01220139144776,93.72859191894531,15602600,0.0,0.0,0.0
2021-04-07 00:00:00-04:00,93.8877948747546,93.97734084398627,92.97240065249544,93.72859191894531,14850600,0.0,0.0,0.0
2021-04-08 00:00:00-04:00,93.79824238871986,94.19624219158722,93.37039392910005,93.49974822998047,5862600,0.0,0.0,0.0
2021-04-09 00:00:00-04:00,93.65894695465052,93.65894695465052,93.16144908103165,93.48979949951172,5877900,0.0,0.0,0.0
2021-04-12 00:00:00-04:00,93.63904672624757,94.00719787119851,92.91269651897,93.99724578857422,4359100,0.0,0.0,0.0
2021-04-13 00:00:00-04:00,93.95744410650356,94.66389014144391,93.7882966596618,94.56439208984375,7435300,0.0,0.0,0.0
2021-04-14 00:00:00-04:00,94.61414164392676,95.01214145973087,93.88779900195821,93.98729705810547,7114900,0.0,0.0,0.0
2021-04-15 00:00:00-04:00,94.58428832083088,95.64893341064453,94.39524430084022,95.64893341064453,9781300,0.0,0.0,0.0
2021-04-16 00:00:00-04:00,95.91759128858098,96.12653948398133,95.50963938955044,95.8379898071289,4035100,0.0,0.0,0.0
2021-04-19 00:00:00-04:00,95.89768608143541,96.09668978290496,95.37033955716734,96.06684112548828,4047600,0.0,0.0,0.0
2021-04-20 00:00:00-04:00,95.84793689289589,97.21107613342096,95.84793689289589,97.07177734375,5150300,0.0,0.0,0.0
2021-04-21 00:00:00-04:00,97.18122876259977,97.708575272074,96.8329817838163,97.51953125,4585600,0.0,0.0,0.0
2021-04-22 00:00:00-04:00,97.45982351183729,97.91752820346119,96.87277970627358,97.12152862548828,6062500,0.0,0.0,0.0
2021-04-23 00:00:00-04:00,97.32052468118972,97.84787117509657,97.02203053299327,97.70857238769531,5015400,0.0,0.0,0.0
2021-04-26 00:00:00-04:00,98.18618092917518,98.37523255089391,97.60908157219228,97.86778259277344,4457100,0.0,0.0,0.0
2021-04-27 00:00:00-04:00,98.1861784554012,98.1861784554012,97.5991270301671,97.89762878417969,3843900,0.0,0.0,0.0
2021-04-28 00:00:00-04:00,97.94738218388484,98.07672889607092,97.31058552337419,97.48968505859375,5307300,0.0,0.0,0.0
2021-04-29 00:00:00-04:00,98.06677477796778,98.58417679840402,97.58918108810414,98.28567504882812,4774900,0.0,0.0,0.0
2021-04-30 00:00:00-04:00,97.99712485561028,98.87272593434933,97.77822458592551,98.6936264038086,4994700,0.0,0.0,0.0
2021-05-03 00:00:00-04:00,99.11152316112205,99.12147524375023,98.17622476565889,98.534423828125,15941100,0.0,0.0,0.0
2021-05-04 00:00:00-04:00,98.25582370134882,98.74336946050401,97.28072459182378,97.63892364501953,15545400,0.0,0.0,0.0
2021-05-05 00:00:00-04:00,97.60907952823763,97.60907952823763,95.89768565920951,96.22603607177734,17545900,0.0,0.0,0.0
2021-05-06 00:00:00-04:00,96.29568608491624,96.87278543350465,95.95739117856685,96.74343872070312,16013800,0.0,0.0,0.0
2021-05-07 00:00:00-04:00,97.05188531033082,98.09662628173828,96.7633356350235,98.09662628173828,6441200,0.0,0.0,0.0
2021-05-10 00:00:00-04:00,98.3055762385675,99.25081909825552,98.13642120361328,98.13642120361328,7486800,0.0,0.0,0.0
2021-05-11 00:00:00-04:00,97.41008141054418,97.41008141054418,96.23598617050217,97.02203369140625,8099300,0.0,0.0,0.0
2021-05-12 00:00:00-04:00,96.82303174737049,96.95238605023427,94.53454613042044,94.62409210205078,9227200,0.0,0.0,0.0
2021-05-13 00:00:00-04:00,94.80319065262657,96.3951822807685,94.80319065262657,95.77828979492188,10680600,0.0,0.0,0.0
2021-05-14 00:00:00-04:00,96.29568298131073,97.1314833197794,96.08673479449726,96.84293365478516,5704900,0.0,0.0,0.0
2021-05-17 00:00:00-04:00,97.05188207595795,97.12153147173063,96.44493408798968,96.93247985839844,4665200,0.0,0.0,0.0
2021-05-18 00:00:00-04:00,96.88273670809828,97.60907933800733,96.32553393873775,97.06183624267578,3801600,0.0,0.0,0.0
2021-05-19 00:00:00-04:00,96.28573243058958,96.79318237304688,95.41013893031506,96.79318237304688,8013300,0.0,0.0,0.0
2021-05-20 00:00:00-04:00,96.81308735469526,98.2359315491459,96.56433842273685,97.9871826171875,6117200,0.0,0.0,0.0
2021-05-21 00:00:00-04:00,98.11652542459835,98.36527434665824,97.58917892442574,97.81802368164062,6711200,0.0,0.0,0.0
2021-05-24 00:00:00-04:00,98.30557762076367,99.32046988868551,98.1762233221438,98.92247009277344,4352500,0.0,0.0,0.0
2021-05-25 00:00:00-04:00,99.05182466460371,99.39011955777252,98.5145260773226,99.01202392578125,8828700,0.0,0.0,0.0
2021-05-26 00:00:00-04:00,99.21102346597931,99.8378680439178,98.96227453313175,99.34037017822266,6120900,0.0,0.0,0.0
2021-05-27 00:00:00-04:00,99.54932588363188,99.58911903258694,98.85282431747858,99.0020751953125,7308900,0.0,0.0,0.0
2021-05-28 00:00:00-04:00,99.52941856535865,99.96721910214688,99.2806696405862,99.6886215209961,7383300,0.0,0.0,0.0
2021-06-01 00:00:00-04:00,100.1264171498587,101.34031314987384,99.77817016408754,101.26071166992188,12740100,0.0,0.0,0.0
2021-06-02 00:00:00-04:00,101.70846599355568,102.57410743098801,101.28061752071363,102.474609375,15539800,0.0,0.0,0.0
2021-06-03 00:00:00-04:00,102.43480724662251,102.43480724662251,101.66866387555756,102.2756118774414,14727100,0.0,0.0,0.0
2021-06-04 00:00:00-04:00,102.60395892705199,102.69350489592874,101.76815859479547,102.28556060791016,13005500,0.0,0.0,0.0
2021-06-07 00:00:00-04:00,102.38506228735301,103.57905412864089,102.38506228735301,103.2905044555664,6510100,0.0,0.0,0.0
2021-06-08 00:00:00-04:00,103.34025325796037,104.14619733991202,103.34025325796037,103.9571533203125,6112100,0.0,0.0,0.0
2021-06-09 00:00:00-04:00,104.26559848577317,104.48449875052938,103.98700090925242,104.18599700927734,5928800,0.0,0.0,0.0
2021-06-10 00:00:00-04:00,104.1500015258789,105.22000122070312,103.86000061035156,104.97000122070312,5998100,0.524,0.0,0.0
2021-06-11 00:00:00-04:00,104.94999694824219,104.97000122070312,103.97000122070312,104.44999694824219,7348300,0.0,0.0,0.0
2021-06-14 00:00:00-04:00,104.38999938964844,104.91999816894531,104.26000213623047,104.91000366210938,5301700,0.0,0.0,0.0
2021-06-15 00:00:00-04:00,104.91000366210938,104.91000366210938,103.75,103.80999755859375,7924200,0.0,0.0,0.0
2021-06-16 00:00:00-04:00,104.04000091552734,104.41999816894531,102.83999633789062,102.87999725341797,8696000,0.0,0.0,0.0
2021-06-17 00:00:00-04:00,102.72000122070312,103.19000244140625,102.33999633789062,103.04000091552734,9029000,0.0,0.0,0.0
2021-06-18 00:00:00-04:00,102.76000213623047,102.9800033569336,101.37999725341797,101.41000366210938,7828200,0.0,0.0,0.0
2021-06-21 00:00:00-04:00,101.69999694824219,103.7300033569336,101.45999908447266,103.47000122070312,6758900,0.0,0.0,0.0
2021-06-22 00:00:00-04:00,103.51000213623047,103.54000091552734,102.93000030517578,102.97000122070312,6023100,0.0,0.0,0.0
2021-06-23 00:00:00-04:00,102.91999816894531,103.25,102.63999938964844,102.69999694824219,6447800,0.0,0.0,0.0
2021-06-24 00:00:00-04:00,103.0,103.02999877929688,101.94999694824219,102.36000061035156,4016200,0.0,0.0,0.0
2021-06-25 00:00:00-04:00,102.44999694824219,103.2300033569336,102.29000091552734,103.2300033569336,6519600,0.0,0.0,0.0
2021-06-28 00:00:00-04:00,103.44000244140625,103.47000122070312,102.08000183105469,102.81999969482422,4205000,0.0,0.0,0.0
2021-06-29 00:00:00-04:00,102.88999938964844,103.4000015258789,102.48999786376953,102.5199966430664,4639000,0.0,0.0,0.0
2021-06-30 00:00:00-04:00,102.56999969482422,103.11000061035156,101.81999969482422,101.94000244140625,7737400,0.0,0.0,0.0
2021-07-01 00:00:00-04:00,102.0,103.0999984741211,101.61000061035156,102.33999633789062,16376200,0.0,0.0,0.0
2021-07-02 00:00:00-04:00,102.7300033569336,103.16000366210938,102.27999877929688,102.68000030517578,16421400,0.0,0.0,0.0
2021-07-06 00:00:00-04:00,102.68000030517578,103.70999908447266,101.95999908447266,103.45999908447266,15654200,0.0,0.0,0.0
2021-07-07 00:00:00-04:00,103.41999816894531,104.3499984741211,103.04000091552734,103.83999633789062,14413500,0.0,0.0,0.0
2021-07-08 00:00:00-04:00,103.18000030517578,104.1500015258789,102.95999908447266,103.87999725341797,9538400,0.0,0.0,0.0
2021-07-09 00:00:00-04:00,104.3499984741211,105.44000244140625,104.02999877929688,105.4000015258789,9087900,0.0,0.0,0.0
2021-07-12 00:00:00-04:00,105.33000183105469,106.33000183105469,105.19000244140625,106.16999816894531,6150500,0.0,0.0,0.0
2021-07-13 00:00:00-04:00,105.93000030517578,106.08000183105469,104.37999725341797,104.63999938964844,10277000,0.0,0.0,0.0
2021-07-14 00:00:00-04:00,104.81999969482422,105.80000305175781,104.51000213623047,105.48999786376953,6584500,0.0,0.0,0.0
2021-07-15 00:00:00-04:00,105.30999755859375,105.87000274658203,105.26000213623047,105.76000213623047,5393200,0.0,0.0,0.0
2021-07-16 00:00:00-04:00,106.22000122070312,106.54000091552734,105.69999694824219,105.77999877929688,7061100,0.0,0.0,0.0
2021-07-19 00:00:00-04:00,104.83000183105469,104.88999938964844,103.16999816894531,103.93000030517578,12408200,0.0,0.0,0.0
2021-07-20 00:00:00-04:00,104.5199966430664,106.6500015258789,104.37999725341797,106.2699966430664,8337700,0.0,0.0,0.0
2021-07-21 00:00:00-04:00,106.5199966430664,106.80999755859375,105.94000244140625,106.0999984741211,7475900,0.0,0.0,0.0
2021-07-22 00:00:00-04:00,105.6500015258789,105.76000213623047,104.83000183105469,105.30999755859375,4917100,0.0,0.0,0.0
2021-07-23 00:00:00-04:00,105.68000030517578,106.41000366210938,105.44000244140625,106.25,5695600,0.0,0.0,0.0
2021-07-26 00:00:00-04:00,106.13999938964844,106.47000122070312,105.48999786376953,106.18000030517578,4069000,0.0,0.0,0.0
2021-07-27 00:00:00-04:00,106.1500015258789,107.08999633789062,105.7699966430664,106.95999908447266,6394500,0.0,0.0,0.0
2021-07-28 00:00:00-04:00,106.81999969482422,106.98999786376953,106.08000183105469,106.44999694824219,7576300,0.0,0.0,0.0
2021-07-29 00:00:00-04:00,106.72000122070312,107.5,106.36000061035156,106.44999694824219,5299900,0.0,0.0,0.0
2021-07-30 00:00:00-04:00,106.66000366210938,107.98999786376953,106.5,106.72000122070312,5865600,0.0,0.0,0.0
2021-08-02 00:00:00-04:00,107.08999633789062,107.94000244140625,106.37000274658203,106.4800033569336,7787900,0.0,0.0,0.0
2021-08-03 00:00:00-04:00,106.79000091552734,106.9000015258789,105.98999786376953,106.69000244140625,6865200,0.0,0.0,0.0
2021-08-04 00:00:00-04:00,106.5199966430664,107.0199966430664,105.86000061035156,106.2699966430664,5810300,0.0,0.0,0.0
2021-08-05 00:00:00-04:00,106.83000183105469,107.37999725341797,106.41999816894531,107.33999633789062,5536800,0.0,0.0,0.0
2021-08-06 00:00:00-04:00,107.54000091552734,107.80000305175781,106.88999938964844,107.08000183105469,4280800,0.0,0.0,0.0
2021-08-09 00:00:00-04:00,106.94999694824219,106.94999694824219,106.33999633789062,106.5,3233400,0.0,0.0,0.0
2021-08-10 00:00:00-04:00,106.69999694824219,106.70999908447266,105.33999633789062,105.43000030517578,5110400,0.0,0.0,0.0
2021-08-11 00:00:00-04:00,105.94000244140625,106.19000244140625,105.47000122070312,106.02999877929688,5440000,0.0,0.0,0.0
2021-08-12 00:00:00-04:00,106.30000305175781,106.44000244140625,105.80999755859375,106.44000244140625,4141700,0.0,0.0,0.0
2021-08-13 00:00:00-04:00,106.69999694824219,107.06999969482422,106.29000091552734,107.05000305175781,6924600,0.0,0.0,0.0
2021-08-16 00:00:00-04:00,106.95999908447266,107.45999908447266,106.66000366210938,106.91000366210938,5347500,0.0,0.0,0.0
2021-08-17 00:00:00-04:00,106.4800033569336,106.9800033569336,106.06999969482422,106.91999816894531,4903400,0.0,0.0,0.0
2021-08-18 00:00:00-04:00,106.76000213623047,106.76000213623047,105.83000183105469,105.87999725341797,4409500,0.0,0.0,0.0
2021-08-19 00:00:00-04:00,105.62000274658203,106.61000061035156,105.23999786376953,106.45999908447266,6925900,0.0,0.0,0.0
2021-08-20 00:00:00-04:00,106.44000244140625,107.43000030517578,105.68000030517578,107.0,5076600,0.0,0.0,0.0
2021-08-23 00:00:00-04:00,107.19999694824219,107.38999938964844,106.5,106.76000213623047,4496400,0.0,0.0,0.0
2021-08-24 00:00:00-04:00,106.94000244140625,106.98999786376953,105.86000061035156,106.27999877929688,3597100,0.0,0.0,0.0
2021-08-25 00:00:00-04:00,106.26000213623047,106.7699966430664,105.79000091552734,106.2699966430664,4231900,0.0,0.0,0.0
2021-08-26 00:00:00-04:00,106.36000061035156,106.56999969482422,105.7699966430664,106.13999938964844,4458700,0.0,0.0,0.0
2021-08-27 00:00:00-04:00,106.52999877929688,107.48999786376953,106.47000122070312,107.16999816894531,3620800,0.0,0.0,0.0
2021-08-30 00:00:00-04:00,107.31999969482422,108.33000183105469,106.9800033569336,108.27999877929688,6983800,0.0,0.0,0.0
2021-08-31 00:00:00-04:00,108.02999877929688,108.97000122070312,107.77999877929688,108.79000091552734,8709400,0.0,0.0,0.0
2021-09-01 00:00:00-04:00,109.08000183105469,110.75,109.04000091552734,110.75,16250300,0.0,0.0,0.0
2021-09-02 00:00:00-04:00,110.88999938964844,111.26000213623047,110.0,111.23999786376953,16311700,0.0,0.0,0.0
2021-09-03 00:00:00-04:00,110.97000122070312,111.44000244140625,110.02999877929688,111.2699966430664,15133700,0.0,0.0,0.0
2021-09-07 00:00:00-04:00,111.08999633789062,111.19000244140625,109.1500015258789,110.02999877929688,14891200,0.0,0.0,0.0
2021-09-08 00:00:00-04:00,109.75,110.97000122070312,109.41999816894531,110.63999938964844,10358700,0.0,0.0,0.0
2021-09-09 00:00:00-04:00,110.0199966430664,110.12000274658203,108.44000244140625,108.48999786376953,6180500,0.0,0.0,0.0
2021-09-10 00:00:00-04:00,108.66999816894531,108.69999694824219,107.02999877929688,107.05000305175781,7861100,0.0,0.0,0.0
2021-09-13 00:00:00-04:00,107.94999694824219,108.5,107.27999877929688,107.4800033569336,7833200,0.0,0.0,0.0
2021-09-14 00:00:00-04:00,108.0,108.12000274658203,106.80999755859375,107.20999908447266,6397200,0.0,0.0,0.0
2021-09-15 00:00:00-04:00,107.43000030517578,108.16999816894531,106.95999908447266,107.61000061035156,6245100,0.0,0.0,0.0
2021-09-16 00:00:00-04:00,107.48999786376953,108.29000091552734,106.94999694824219,107.80999755859375,6076200,0.0,0.0,0.0
2021-09-17 00:00:00-04:00,107.55999755859375,108.0199966430664,106.66000366210938,106.79000091552734,10076900,0.0,0.0,0.0
2021-09-20 00:00:00-04:00,105.7699966430664,106.83000183105469,105.0,106.2300033569336,12678100,0.0,0.0,0.0
2021-09-21 00:00:00-04:00,106.77999877929688,107.51000213623047,106.22000122070312,106.2300033569336,8385000,0.0,0.0,0.0
2021-09-22 00:00:00-04:00,106.94999694824219,107.8499984741211,106.45999908447266,107.2699966430664,7071900,0.0,0.0,0.0
2021-09-23 00:00:00-04:00,107.48999786376953,107.83000183105469,106.80000305175781,106.9000015258789,6242600,0.0,0.0,0.0
2021-09-24 00:00:00-04:00,106.29000091552734,106.72000122070312,105.20999908447266,105.38999938964844,7605200,0.0,0.0,0.0
2021-09-27 00:00:00-04:00,105.43000030517578,106.12000274658203,103.87000274658203,103.95999908447266,6814500,0.0,0.0,0.0
2021-09-28 00:00:00-04:00,103.4000015258789,103.80999755859375,102.62999725341797,103.22000122070312,11006100,0.0,0.0,0.0
2021-09-29 00:00:00-04:00,103.75,104.51000213623047,103.63999938964844,104.01000213623047,7849800,0.0,0.0,0.0
2021-09-30 00:00:00-04:00,104.45999908447266,104.48999786376953,102.37999725341797,102.38999938964844,11283100,0.0,0.0,0.0
2021-10-01 00:00:00-04:00,102.87999725341797,104.4000015258789,102.33999633789062,103.83000183105469,10761400,0.0,0.0,0.0
2021-10-04 00:00:00-04:00,103.56999969482422,104.18000030517578,103.05000305175781,103.62000274658203,10771600,0.0,0.0,0.0
2021-10-05 00:00:00-04:00,103.80000305175781,103.81999969482422,102.62999725341797,103.02999877929688,8068400,0.0,0.0,0.0
2021-10-06 00:00:00-04:00,102.55000305175781,104.13999938964844,101.55999755859375,104.05000305175781,8038400,0.0,0.0,0.0
2021-10-07 00:00:00-04:00,104.6500015258789,105.48999786376953,104.0999984741211,104.23999786376953,6938100,0.0,0.0,0.0
2021-10-08 00:00:00-04:00,104.06999969482422,104.29000091552734,103.20999908447266,103.33000183105469,4286100,0.0,0.0,0.0
2021-10-11 00:00:00-04:00,103.29000091552734,104.01000213623047,102.83000183105469,103.61000061035156,3609400,0.0,0.0,0.0
2021-10-12 00:00:00-04:00,103.80000305175781,105.41000366210938,103.52999877929688,105.0199966430664,6262300,0.0,0.0,0.0
2021-10-13 00:00:00-04:00,104.86000061035156,105.8499984741211,104.22000122070312,105.76000213623047,6317500,0.0,0.0,0.0
2021-10-14 00:00:00-04:00,106.43000030517578,107.22000122070312,106.1500015258789,107.19000244140625,4335100,0.0,0.0,0.0
2021-10-15 00:00:00-04:00,107.87000274658203,108.05999755859375,106.63999938964844,107.16999816894531,5649200,0.0,0.0,0.0
2021-10-18 00:00:00-04:00,106.62000274658203,107.80000305175781,106.5199966430664,107.41999816894531,6011700,0.0,0.0,0.0
2021-10-19 00:00:00-04:00,107.83999633789062,108.20999908447266,107.51000213623047,107.66000366210938,4084000,0.0,0.0,0.0
2021-10-20 00:00:00-04:00,107.75,109.26000213623047,107.75,109.26000213623047,4710100,0.0,0.0,0.0
2021-10-21 00:00:00-04:00,109.19000244140625,109.5,108.95999908447266,109.43000030517578,5806100,0.0,0.0,0.0
2021-10-22 00:00:00-04:00,109.62999725341797,110.33000183105469,109.54000091552734,110.0199966430664,8094900,0.0,0.0,0.0
2021-10-25 00:00:00-04:00,110.23999786376953,110.66000366210938,109.41999816894531,110.37000274658203,4816600,0.0,0.0,0.0
2021-10-26 00:00:00-04:00,110.56999969482422,111.08000183105469,110.3499984741211,110.69999694824219,6085900,0.0,0.0,0.0
2021-10-27 00:00:00-04:00,111.0999984741211,111.18000030517578,109.55000305175781,109.69000244140625,7741400,0.0,0.0,0.0
2021-10-28 00:00:00-04:00,109.62999725341797,111.01000213623047,109.5999984741211,110.95999908447266,7503100,0.0,0.0,0.0
2021-10-29 00:00:00-04:00,110.56999969482422,110.9000015258789,109.25,109.83999633789062,8811200,0.0,0.0,0.0
2021-11-01 00:00:00-04:00,110.0,110.30000305175781,108.36000061035156,110.04000091552734,9795700,0.0,0.0,0.0
2021-11-02 00:00:00-04:00,110.51000213623047,110.93000030517578,109.63999938964844,110.47000122070312,6165200,0.0,0.0,0.0
2021-11-03 00:00:00-04:00,110.5199966430664,111.0,109.87000274658203,110.69000244140625,4774700,0.0,0.0,0.0
2021-11-04 00:00:00-04:00,110.80999755859375,111.19999694824219,109.36000061035156,109.72000122070312,4961600,0.0,0.0,0.0
2021-11-05 00:00:00-04:00,110.56999969482422,111.47000122070312,109.93000030517578,110.23999786376953,6082900,0.0,0.0,0.0
2021-11-08 00:00:00-05:00,110.51000213623047,110.51000213623047,109.26000213623047,110.0199966430664,4248800,0.0,0.0,0.0
2021-11-09 00:00:00-05:00,110.25,110.47000122070312,109.93000030517578,110.26000213623047,3419100,0.0,0.0,0.0
2021-11-10 00:00:00-05:00,110.06999969482422,110.62000274658203,109.70999908447266,109.76000213623047,4840900,0.0,0.0,0.0
2021-11-11 00:00:00-05:00,109.9000015258789,110.05999755859375,109.20999908447266,109.98999786376953,2752100,0.0,0.0,0.0
2021-11-12 00:00:00-05:00,110.27999877929688,110.33000183105469,109.62999725341797,110.04000091552734,4328300,0.0,0.0,0.0
2021-11-15 00:00:00-05:00,110.06999969482422,110.72000122070312,109.75,110.69000244140625,4996900,0.0,0.0,0.0
2021-11-16 00:00:00-05:00,110.80999755859375,110.88999938964844,109.76000213623047,110.04000091552734,4826700,0.0,0.0,0.0
2021-11-17 00:00:00-05:00,109.73999786376953,110.52999877929688,108.3499984741211,110.43000030517578,6854100,0.0,0.0,0.0
2021-11-18 00:00:00-05:00,110.5999984741211,110.5999984741211,109.86000061035156,110.37999725341797,5395200,0.0,0.0,0.0
2021-11-19 00:00:00-05:00,110.44000244140625,110.70999908447266,109.44000244140625,109.87999725341797,6454800,0.0,0.0,0.0
2021-11-22 00:00:00-05:00,109.91999816894531,110.13999938964844,109.02999877929688,109.13999938964844,4993300,0.0,0.0,0.0
2021-11-23 00:00:00-05:00,109.23999786376953,110.31999969482422,108.95999908447266,110.0199966430664,6294200,0.0,0.0,0.0
2021-11-24 00:00:00-05:00,110.05000305175781,111.54000091552734,109.79000091552734,111.3499984741211,5042300,0.0,0.0,0.0
2021-11-26 00:00:00-05:00,109.76000213623047,109.94000244140625,108.01000213623047,108.2699966430664,7050900,0.0,0.0,0.0
2021-11-29 00:00:00-05:00,109.16999816894531,110.25,108.43000030517578,109.41000366210938,9997900,0.0,0.0,0.0
2021-11-30 00:00:00-05:00,108.93000030517578,109.0999984741211,106.91999816894531,107.19000244140625,13914200,0.0,0.0,0.0
2021-12-01 00:00:00-05:00,108.31999969482422,109.51000213623047,105.51000213623047,105.54000091552734,17616800,0.0,0.0,0.0
2021-12-02 00:00:00-05:00,106.13999938964844,109.30999755859375,106.01000213623047,108.75,15008700,0.0,0.0,0.0
2021-12-03 00:00:00-05:00,109.0,109.37999725341797,107.43000030517578,108.26000213623047,14207500,0.0,0.0,0.0
2021-12-06 00:00:00-05:00,109.06999969482422,110.80000305175781,109.0199966430664,110.0,12441800,0.0,0.0,0.0
2021-12-07 00:00:00-05:00,110.94999694824219,111.93000030517578,110.58000183105469,111.6500015258789,7534800,0.0,0.0,0.0
2021-12-08 00:00:00-05:00,111.8499984741211,112.6500015258789,111.37999725341797,112.33999633789062,9311200,0.0,0.0,0.0
2021-12-09 00:00:00-05:00,112.04000091552734,112.05999755859375,110.83999633789062,110.91000366210938,5102300,0.0,0.0,0.0
2021-12-10 00:00:00-05:00,111.23999786376953,111.58999633789062,110.76000213623047,111.18000030517578,3593700,0.0,0.0,0.0
2021-12-13 00:00:00-05:00,109.79000091552734,111.73999786376953,109.62999725341797,111.25,7406800,0.0,0.0,0.0
2021-12-14 00:00:00-05:00,111.11000061035156,111.11000061035156,109.25,109.88999938964844,11908600,0.0,0.0,0.0
2021-12-15 00:00:00-05:00,110.0,111.58000183105469,109.94999694824219,111.4000015258789,11106400,0.0,0.0,0.0
2021-12-16 00:00:00-05:00,111.66999816894531,112.36000061035156,110.83000183105469,111.43000030517578,8093000,0.0,0.0,0.0
2021-12-17 00:00:00-05:00,111.2300033569336,112.4800033569336,110.93000030517578,111.20999908447266,9501900,0.0,0.0,0.0
2021-12-20 00:00:00-05:00,110.13999938964844,110.79000091552734,109.23999786376953,110.31999969482422,15275200,0.0,0.0,0.0
2021-12-21 00:00:00-05:00,111.1500015258789,111.9800033569336,111.0,111.43000030517578,7384800,0.0,0.0,0.0
2021-12-22 00:00:00-05:00,111.79000091552734,112.5999984741211,111.69000244140625,112.51000213623047,5007700,0.0,0.0,0.0
2021-12-23 00:00:00-05:00,112.94999694824219,112.94999694824219,111.83999633789062,112.41000366210938,7972000,0.0,0.0,0.0
2021-12-27 00:00:00-05:00,112.5,114.33000183105469,112.36000061035156,114.29000091552734,8782300,0.0,0.0,0.0
2021-12-28 00:00:00-05:00,114.36000061035156,114.86000061035156,113.97000122070312,114.68000030517578,7629000,0.0,0.0,0.0
2021-12-29 00:00:00-05:00,114.87000274658203,115.73999786376953,114.41999816894531,115.43000030517578,6502600,0.0,0.0,0.0
2021-12-30 00:00:00-05:00,115.43000030517578,116.37000274658203,115.08999633789062,115.94999694824219,7116800,0.0,0.0,0.0
2021-12-31 00:00:00-05:00,115.91999816894531,116.88999938964844,115.87999725341797,116.13999938964844,3877400,0.0,0.0,0.0
2022-01-03 00:00:00-05:00,116.5,116.75,113.58000183105469,115.26000213623047,13194000,0.0,0.0,0.0
2022-01-04 00:00:00-05:00,115.58000183105469,116.13999938964844,114.88999938964844,115.04000091552734,9363000,0.0,0.0,0.0
2022-01-05 00:00:00-05:00,114.75,114.91000366210938,111.55000305175781,111.62999725341797,12110000,0.0,0.0,0.0
2022-01-06 00:00:00-05:00,111.73999786376953,112.12999725341797,110.51000213623047,111.61000061035156,7920600,0.0,0.0,0.0
2022-01-07 00:00:00-05:00,111.30000305175781,111.62999725341797,110.55000305175781,110.86000061035156,7883300,0.0,0.0,0.0
2022-01-10 00:00:00-05:00,110.25,110.33000183105469,108.8499984741211,110.30000305175781,10109200,0.0,0.0,0.0
2022-01-11 00:00:00-05:00,110.27999877929688,110.66000366210938,108.87999725341797,110.58000183105469,7339300,0.0,0.0,0.0
2022-01-12 00:00:00-05:00,110.5,111.38999938964844,110.5,110.69000244140625,5936600,0.0,0.0,0.0
2022-01-13 00:00:00-05:00,111.08000183105469,111.4800033569336,110.22000122070312,110.33999633789062,6922600,0.0,0.0,0.0
2022-01-14 00:00:00-05:00,109.79000091552734,109.94000244140625,108.0999984741211,109.29000091552734,12194800,0.0,0.0,0.0
2022-01-18 00:00:00-05:00,108.58000183105469,108.80999755859375,107.55999755859375,108.30999755859375,9457200,0.0,0.0,0.0
2022-01-19 00:00:00-05:00,108.77999877929688,109.37000274658203,106.94000244140625,106.94999694824219,7194100,0.0,0.0,0.0
2022-01-20 00:00:00-05:00,107.19999694824219,108.38999938964844,105.58000183105469,105.62000274658203,12901400,0.0,0.0,0.0
2022-01-21 00:00:00-05:00,106.2300033569336,106.75,105.12999725341797,105.37000274658203,16205400,0.0,0.0,0.0
2022-01-24 00:00:00-05:00,104.63999938964844,105.79000091552734,101.7300033569336,105.54000091552734,19913600,0.0,0.0,0.0
2022-01-25 00:00:00-05:00,104.33999633789062,105.88999938964844,103.19999694824219,105.05999755859375,14780800,0.0,0.0,0.0
2022-01-26 00:00:00-05:00,105.77999877929688,106.88999938964844,102.76000213623047,103.36000061035156,15672600,0.0,0.0,0.0
2022-01-27 00:00:00-05:00,104.08999633789062,104.95999908447266,101.4000015258789,101.80999755859375,11946500,0.0,0.0,0.0
2022-01-28 00:00:00-05:00,101.98999786376953,105.12000274658203,100.80000305175781,104.9800033569336,13488400,0.0,0.0,0.0
2022-01-31 00:00:00-05:00,104.66000366210938,106.6500015258789,104.33000183105469,106.58000183105469,8569000,0.0,0.0,0.0
2022-02-01 00:00:00-05:00,106.58999633789062,106.75,105.36000061035156,105.98999786376953,11087000,0.0,0.0,0.0
2022-02-02 00:00:00-05:00,106.56999969482422,107.70999908447266,106.37000274658203,107.45999908447266,7393800,0.0,0.0,0.0
2022-02-03 00:00:00-05:00,106.79000091552734,107.19000244140625,106.11000061035156,106.11000061035156,7099600,0.0,0.0,0.0
2022-02-04 00:00:00-05:00,105.55999755859375,106.38999938964844,104.20999908447266,105.12999725341797,9197300,0.0,0.0,0.0
2022-02-07 00:00:00-05:00,105.2699966430664,105.70999908447266,104.7300033569336,104.94999694824219,7632100,0.0,0.0,0.0
2022-02-08 00:00:00-05:00,104.83000183105469,105.26000213623047,104.1500015258789,104.4000015258789,8280000,0.0,0.0,0.0
2022-02-09 00:00:00-05:00,105.52999877929688,106.87000274658203,105.5199966430664,106.79000091552734,7728600,0.0,0.0,0.0
2022-02-10 00:00:00-05:00,105.30000305175781,106.69999694824219,103.55999755859375,104.12000274658203,11837300,0.0,0.0,0.0
2022-02-11 00:00:00-05:00,104.66999816894531,104.98999786376953,102.44000244140625,103.04000091552734,10952300,0.0,0.0,0.0
2022-02-14 00:00:00-05:00,103.13999938964844,103.80999755859375,101.66000366210938,102.08000183105469,8473000,0.0,0.0,0.0
2022-02-15 00:00:00-05:00,103.05999755859375,103.54000091552734,102.55999755859375,102.86000061035156,6383600,0.0,0.0,0.0
2022-02-16 00:00:00-05:00,103.04000091552734,103.4800033569336,102.1500015258789,103.19999694824219,7205200,0.0,0.0,0.0
2022-02-17 00:00:00-05:00,102.87000274658203,103.16000366210938,101.9000015258789,102.04000091552734,7504500,0.0,0.0,0.0
2022-02-18 00:00:00-05:00,101.93000030517578,102.83999633789062,101.33000183105469,101.51000213623047,8281700,0.0,0.0,0.0
2022-02-22 00:00:00-05:00,101.2300033569336,101.81999969482422,100.44999694824219,100.98999786376953,10853700,0.0,0.0,0.0
2022-02-23 00:00:00-05:00,101.45999908447266,102.19999694824219,99.16000366210938,99.20999908447266,10679800,0.0,0.0,0.0
2022-02-24 00:00:00-05:00,97.31999969482422,101.33999633789062,97.05000305175781,100.97000122070312,15484100,0.0,0.0,0.0
2022-02-25 00:00:00-05:00,101.48999786376953,103.52999877929688,100.83999633789062,103.4000015258789,9811200,0.0,0.0,0.0
2022-02-28 00:00:00-05:00,102.30000305175781,102.86000061035156,100.75,101.69000244140625,13154700,0.0,0.0,0.0
2022-03-01 00:00:00-05:00,102.11000061035156,102.68000030517578,100.8499984741211,101.43000030517578,11661600,0.0,0.0,0.0
2022-03-02 00:00:00-05:00,101.91000366210938,103.69000244140625,101.79000091552734,103.18000030517578,10335700,0.0,0.0,0.0
2022-03-03 00:00:00-05:00,103.80999755859375,104.38999938964844,102.70999908447266,104.02999877929688,7639500,0.0,0.0,0.0
2022-03-04 00:00:00-05:00,103.16999816894531,104.6500015258789,102.91000366210938,104.54000091552734,9952700,0.0,0.0,0.0
2022-03-07 00:00:00-05:00,104.31999969482422,104.5199966430664,102.4000015258789,102.4000015258789,10114100,0.0,0.0,0.0
2022-03-08 00:00:00-05:00,102.25,103.7699966430664,101.62999725341797,101.83000183105469,9401700,0.0,0.0,0.0
2022-03-09 00:00:00-05:00,103.66999816894531,104.55000305175781,103.27999877929688,103.45999908447266,9432400,0.0,0.0,0.0
2022-03-10 00:00:00-05:00,102.30999755859375,103.95999908447266,102.06999969482422,103.70999908447266,8782900,0.0,0.0,0.0
2022-03-11 00:00:00-05:00,104.33999633789062,104.94000244140625,102.80000305175781,102.83999633789062,5966300,0.0,0.0,0.0
2022-03-14 00:00:00-04:00,103.48999786376953,103.62000274658203,101.66000366210938,102.11000061035156,8515900,0.0,0.0,0.0
2022-03-15 00:00:00-04:00,103.16000366210938,103.55999755859375,101.91000366210938,102.81999969482422,6331600,0.0,0.0,0.0
2022-03-16 00:00:00-04:00,103.62000274658203,104.58000183105469,101.86000061035156,104.11000061035156,8138300,0.0,0.0,0.0
2022-03-17 00:00:00-04:00,103.76000213623047,105.62999725341797,103.6500015258789,105.62999725341797,7172800,0.0,0.0,0.0
2022-03-18 00:00:00-04:00,105.62999725341797,106.1500015258789,105.1500015258789,105.83000183105469,7229100,0.0,0.0,0.0
2022-03-21 00:00:00-04:00,105.8499984741211,106.37000274658203,104.75,105.2699966430664,6595600,0.0,0.0,0.0
2022-03-22 00:00:00-04:00,105.77999877929688,106.08000183105469,105.30000305175781,105.55999755859375,4695000,0.0,0.0,0.0
2022-03-23 00:00:00-04:00,105.22000122070312,105.58999633789062,104.19999694824219,104.41999816894531,4720800,0.0,0.0,0.0
2022-03-24 00:00:00-04:00,104.0199966430664,104.68000030517578,103.63999938964844,104.6500015258789,3886600,0.0,0.0,0.0
2022-03-25 00:00:00-04:00,105.11000061035156,105.91999816894531,104.66999816894531,105.87000274658203,5140500,0.0,0.0,0.0
2022-03-28 00:00:00-04:00,106.12000274658203,107.08000183105469,105.83000183105469,107.06999969482422,5069500,0.0,0.0,0.0
2022-03-29 00:00:00-04:00,108.19999694824219,110.33999633789062,108.06999969482422,110.12000274658203,11486900,0.0,0.0,0.0
2022-03-30 00:00:00-04:00,109.73999786376953,109.8499984741211,108.87999725341797,109.37000274658203,6047100,0.0,0.0,0.0
2022-03-31 00:00:00-04:00,109.86000061035156,110.0999984741211,107.91999816894531,108.22000122070312,11802300,0.0,0.0,0.0
2022-04-01 00:00:00-04:00,108.47000122070312,110.11000061035156,108.08999633789062,110.02999877929688,8195800,0.0,0.0,0.0
2022-04-04 00:00:00-04:00,110.11000061035156,110.36000061035156,108.69999694824219,109.62999725341797,6140300,0.0,0.0,0.0
2022-04-05 00:00:00-04:00,109.29000091552734,110.75,108.87999725341797,109.2699966430664,8433700,0.0,0.0,0.0
2022-04-06 00:00:00-04:00,108.68000030517578,110.70999908447266,108.26000213623047,110.55000305175781,9412400,0.0,0.0,0.0
2022-04-07 00:00:00-04:00,109.97000122070312,110.12000274658203,108.86000061035156,109.72000122070312,8487900,0.0,0.0,0.0
2022-04-08 00:00:00-04:00,109.75,110.27999877929688,109.01000213623047,109.8499984741211,7789900,0.0,0.0,0.0
2022-04-11 00:00:00-04:00,109.62999725341797,110.12000274658203,108.36000061035156,108.62999725341797,7436300,0.0,0.0,0.0
2022-04-12 00:00:00-04:00,108.6500015258789,109.37000274658203,107.95999908447266,108.38999938964844,9739400,0.0,0.0,0.0
2022-04-13 00:00:00-04:00,108.38999938964844,109.16000366210938,108.06999969482422,109.02999877929688,7387700,0.0,0.0,0.0
2022-04-14 00:00:00-04:00,109.20999908447266,109.86000061035156,108.43000030517578,108.5,5112400,0.0,0.0,0.0
2022-04-18 00:00:00-04:00,108.27999877929688,108.8499984741211,107.56999969482422,108.11000061035156,6909300,0.0,0.0,0.0
2022-04-19 00:00:00-04:00,108.76000213623047,110.6500015258789,108.72000122070312,110.37999725341797,10807200,0.0,0.0,0.0
2022-04-20 00:00:00-04:00,110.62000274658203,112.5999984741211,110.61000061035156,112.37999725341797,9078600,0.0,0.0,0.0
2022-04-21 00:00:00-04:00,112.69999694824219,113.12999725341797,111.41000366210938,111.48999786376953,7741400,0.0,0.0,0.0
2022-04-22 00:00:00-04:00,111.19999694824219,111.30999755859375,109.44000244140625,109.55999755859375,8384400,0.0,0.0,0.0
2022-04-25 00:00:00-04:00,109.30999755859375,109.66999816894531,107.44000244140625,109.19000244140625,8750500,0.0,0.0,0.0
2022-04-26 00:00:00-04:00,108.81999969482422,109.58000183105469,107.31999969482422,107.41000366210938,12086000,0.0,0.0,0.0
2022-04-27 00:00:00-04:00,107.48999786376953,108.41000366210938,106.66999816894531,106.7699966430664,7418700,0.0,0.0,0.0
2022-04-28 00:00:00-04:00,107.3499984741211,109.08000183105469,106.19999694824219,108.76000213623047,10374600,0.0,0.0,0.0
2022-04-29 00:00:00-04:00,108.20999908447266,108.20999908447266,103.44999694824219,103.75,17174200,0.0,0.0,0.0
2022-05-02 00:00:00-04:00,104.06999969482422,104.36000061035156,99.29000091552734,101.19000244140625,20384100,0.0,0.0,0.0
2022-05-03 00:00:00-04:00,101.83999633789062,103.30999755859375,101.12999725341797,102.70999908447266,10678900,0.0,0.0,0.0
2022-05-04 00:00:00-04:00,102.62999725341797,104.05999755859375,100.91000366210938,103.83999633789062,11560800,0.0,0.0,0.0
2022-05-05 00:00:00-04:00,103.25,103.97000122070312,100.37999725341797,101.12999725341797,11247800,0.0,0.0,0.0
2022-05-06 00:00:00-04:00,100.44999694824219,100.68000030517578,98.87999725341797,99.83000183105469,13089000,0.0,0.0,0.0
2022-05-09 00:00:00-04:00,99.05999755859375,99.05999755859375,95.2300033569336,95.5999984741211,13663300,0.0,0.0,0.0
2022-05-10 00:00:00-04:00,96.68000030517578,97.37000274658203,93.05999755859375,93.75,16636100,0.0,0.0,0.0
2022-05-11 00:00:00-04:00,93.98999786376953,95.69000244140625,93.38999938964844,93.55000305175781,14684100,0.0,0.0,0.0
2022-05-12 00:00:00-04:00,93.37999725341797,94.37999725341797,92.88999938964844,94.22000122070312,11695300,0.0,0.0,0.0
2022-05-13 00:00:00-04:00,95.19000244140625,96.8499984741211,94.52999877929688,96.7699966430664,9053100,0.0,0.0,0.0
2022-05-16 00:00:00-04:00,96.66999816894531,96.98999786376953,95.97000122070312,96.12999725341797,6916400,0.0,0.0,0.0
2022-05-17 00:00:00-04:00,97.08999633789062,97.30000305175781,95.87000274658203,97.19999694824219,6838500,0.0,0.0,0.0
2022-05-18 00:00:00-04:00,96.9000015258789,97.12000274658203,94.11000061035156,94.38999938964844,7983200,0.0,0.0,0.0
2022-05-19 00:00:00-04:00,93.69999694824219,95.2699966430664,93.69999694824219,94.16000366210938,8900600,0.0,0.0,0.0
2022-05-20 00:00:00-04:00,95.04000091552734,95.19000244140625,93.43000030517578,94.87999725341797,11305000,0.0,0.0,0.0
2022-05-23 00:00:00-04:00,95.76000213623047,96.3499984741211,94.41000366210938,96.04000091552734,7684400,0.0,0.0,0.0
2022-05-24 00:00:00-04:00,95.66000366210938,97.0999984741211,94.25,96.95999908447266,8120500,0.0,0.0,0.0
2022-05-25 00:00:00-04:00,96.58999633789062,97.94000244140625,96.27999877929688,97.6500015258789,5831100,0.0,0.0,0.0
2022-05-26 00:00:00-04:00,98.06999969482422,98.7300033569336,97.58999633789062,97.73999786376953,5817900,0.0,0.0,0.0
2022-05-27 00:00:00-04:00,98.31999969482422,100.41999816894531,98.25,100.36000061035156,5921700,0.0,0.0,0.0
2022-05-31 00:00:00-04:00,99.4800033569336,99.81999969482422,98.63999938964844,99.13999938964844,6680400,0.0,0.0,0.0
2022-06-01 00:00:00-04:00,99.47000122070312,99.51000213623047,97.08000183105469,98.26000213623047,8342600,0.0,0.0,0.0
2022-06-02 00:00:00-04:00,97.76000213623047,99.73999786376953,96.72000122070312,99.68000030517578,6916000,0.0,0.0,0.0
2022-06-03 00:00:00-04:00,98.76000213623047,99.41999816894531,98.12000274658203,98.3499984741211,6051800,0.0,0.0,0.0
2022-06-06 00:00:00-04:00,99.08999633789062,99.30000305175781,97.83000183105469,98.01000213623047,7749900,0.0,0.0,0.0
2022-06-07 00:00:00-04:00,97.7300033569336,99.37000274658203,97.13999938964844,99.31999969482422,6406600,0.0,0.0,0.0
2022-06-08 00:00:00-04:00,98.73999786376953,98.94999694824219,96.80999755859375,97.04000091552734,5968800,0.0,0.0,0.0
2022-06-09 00:00:00-04:00,96.29000091552734,96.95999908447266,94.5,94.55000305175781,8054300,0.0,0.0,0.0
2022-06-10 00:00:00-04:00,93.5,93.52999877929688,92.4000015258789,92.47000122070312,8669300,0.0,0.0,0.0
2022-06-13 00:00:00-04:00,90.5,90.5,87.52999877929688,87.91000366210938,11994400,0.0,0.0,0.0
2022-06-14 00:00:00-04:00,88.23999786376953,88.37999725341797,86.5999984741211,87.22000122070312,10648500,0.0,0.0,0.0
2022-06-15 00:00:00-04:00,87.98999786376953,90.44000244140625,87.80000305175781,89.19000244140625,10030500,0.0,0.0,0.0
2022-06-16 00:00:00-04:00,87.3499984741211,87.91999816894531,86.56999969482422,86.94999694824219,11127100,0.0,0.0,0.0
2022-06-17 00:00:00-04:00,87.19000244140625,88.7300033569336,86.80999755859375,87.66000366210938,12095000,0.0,0.0,0.0
2022-06-21 00:00:00-04:00,88.5999984741211,89.86000061035156,88.5,89.02999877929688,5267800,0.0,0.0,0.0
2022-06-22 00:00:00-04:00,88.26000213623047,91.41000366210938,88.0999984741211,90.30999755859375,7123000,0.0,0.0,0.0
2022-06-23 00:00:00-04:00,90.69000244140625,92.31999969482422,90.52999877929688,92.08000183105469,5966300,0.0,0.0,0.0
2022-06-24 00:00:00-04:00,92.72000122070312,94.33000183105469,92.44000244140625,94.04000091552734,5548800,0.0,0.0,0.0
2022-06-27 00:00:00-04:00,93.87999725341797,94.87999725341797,93.3499984741211,93.83000183105469,6886500,0.0,0.0,0.0
2022-06-28 00:00:00-04:00,94.38999938964844,95.0,92.56999969482422,92.72000122070312,5507200,0.0,0.0,0.0
2022-06-29 00:00:00-04:00,92.12999725341797,92.3499984741211,91.0999984741211,92.16000366210938,5278200,0.0,0.0,0.0
2022-06-30 00:00:00-04:00,91.55999755859375,93.12999725341797,90.87999725341797,91.9800033569336,7746000,0.0,0.0,0.0
2022-07-01 00:00:00-04:00,91.79000091552734,93.95999908447266,91.72000122070312,93.70999908447266,7157500,0.0,0.0,0.0
2022-07-05 00:00:00-04:00,92.8499984741211,93.41000366210938,91.2300033569336,93.31999969482422,6353900,0.0,0.0,0.0
2022-07-06 00:00:00-04:00,93.66999816894531,94.54000091552734,93.02999877929688,93.30999755859375,9022000,0.0,0.0,0.0
2022-07-07 00:00:00-04:00,93.73999786376953,94.30000305175781,93.19000244140625,93.47000122070312,4296500,0.0,0.0,0.0
2022-07-08 00:00:00-04:00,93.08999633789062,93.68000030517578,92.55999755859375,93.01000213623047,4098400,0.0,0.0,0.0
2022-07-11 00:00:00-04:00,92.7300033569336,93.19999694824219,92.13999938964844,92.83000183105469,4060800,0.0,0.0,0.0
2022-07-12 00:00:00-04:00,92.33000183105469,93.33999633789062,91.69999694824219,92.36000061035156,7560800,0.0,0.0,0.0
2022-07-13 00:00:00-04:00,91.44999694824219,92.62999725341797,90.76000213623047,91.97000122070312,6089000,0.0,0.0,0.0
2022-07-14 00:00:00-04:00,90.51000213623047,91.47000122070312,90.4000015258789,91.06999969482422,5904200,0.0,0.0,0.0
2022-07-15 00:00:00-04:00,92.58000183105469,93.06999969482422,91.70999908447266,92.62000274658203,4818200,0.0,0.0,0.0
2022-07-18 00:00:00-04:00,93.29000091552734,93.33000183105469,91.52999877929688,91.87000274658203,4728500,0.0,0.0,0.0
2022-07-19 00:00:00-04:00,92.55999755859375,94.31999969482422,92.52999877929688,94.23999786376953,4771100,0.0,0.0,0.0
2022-07-20 00:00:00-04:00,94.12000274658203,95.1500015258789,93.56999969482422,93.95999908447266,6332600,0.0,0.0,0.0
2022-07-21 00:00:00-04:00,94.08000183105469,94.83000183105469,93.2300033569336,94.77999877929688,4335100,0.0,0.0,0.0
2022-07-22 00:00:00-04:00,95.0,95.95999908447266,94.66000366210938,95.3499984741211,4629200,0.0,0.0,0.0
2022-07-25 00:00:00-04:00,95.4800033569336,95.9800033569336,94.9800033569336,95.48999786376953,4302200,0.0,0.0,0.0
2022-07-26 00:00:00-04:00,95.41000366210938,96.08000183105469,95.2300033569336,95.55000305175781,2895000,0.0,0.0,0.0
2022-07-27 00:00:00-04:00,95.7699966430664,96.58999633789062,95.19999694824219,96.3499984741211,5050500,0.0,0.0,0.0
2022-07-28 00:00:00-04:00,97.05999755859375,99.63999938964844,97.0199966430664,99.55000305175781,8515600,0.0,0.0,0.0
2022-07-29 00:00:00-04:00,99.55999755859375,100.45999908447266,99.16999816894531,100.12999725341797,7852900,0.0,0.0,0.0
2022-08-01 00:00:00-04:00,99.66999816894531,99.87999725341797,98.83999633789062,99.29000091552734,6820100,0.0,0.0,0.0
2022-08-02 00:00:00-04:00,99.16000366210938,99.47000122070312,97.91999816894531,98.01000213623047,4568800,0.0,0.0,0.0
2022-08-03 00:00:00-04:00,98.55000305175781,99.29000091552734,98.2699966430664,98.31999969482422,4496000,0.0,0.0,0.0
2022-08-04 00:00:00-04:00,98.52999877929688,98.62000274658203,97.66000366210938,98.2699966430664,3993900,0.0,0.0,0.0
2022-08-05 00:00:00-04:00,97.29000091552734,98.56999969482422,97.19999694824219,98.55000305175781,4444900,0.0,0.0,0.0
2022-08-08 00:00:00-04:00,99.3499984741211,100.19999694824219,98.80999755859375,99.33999633789062,6310300,0.0,0.0,0.0
2022-08-09 00:00:00-04:00,99.62999725341797,99.94000244140625,99.05000305175781,99.93000030517578,3584900,0.0,0.0,0.0
2022-08-10 00:00:00-04:00,101.0,101.55999755859375,100.62999725341797,101.41999816894531,6627300,0.0,0.0,0.0
2022-08-11 00:00:00-04:00,101.79000091552734,102.26000213623047,100.76000213623047,101.06999969482422,5766600,0.0,0.0,0.0
2022-08-12 00:00:00-04:00,101.69000244140625,102.80000305175781,101.56999969482422,102.69000244140625,4908000,0.0,0.0,0.0
2022-08-15 00:00:00-04:00,102.52999877929688,103.33000183105469,102.38999938964844,103.19000244140625,4630900,0.0,0.0,0.0
2022-08-16 00:00:00-04:00,102.73999786376953,103.36000061035156,102.47000122070312,102.80999755859375,4132300,0.0,0.0,0.0
2022-08-17 00:00:00-04:00,101.9800033569336,102.91999816894531,101.68000030517578,102.37999725341797,3552800,0.0,0.0,0.0
2022-08-18 00:00:00-04:00,102.44999694824219,102.5999984741211,101.12000274658203,101.58999633789062,3164100,0.0,0.0,0.0
2022-08-19 00:00:00-04:00,101.27999877929688,101.41999816894531,100.27999877929688,100.66000366210938,4611100,0.0,0.0,0.0
2022-08-22 00:00:00-04:00,99.87999725341797,99.87999725341797,98.44999694824219,98.55999755859375,5565500,0.0,0.0,0.0
2022-08-23 00:00:00-04:00,98.33000183105469,98.58000183105469,96.87000274658203,97.25,5346700,0.0,0.0,0.0
2022-08-24 00:00:00-04:00,97.4000015258789,98.41999816894531,97.2699966430664,97.83000183105469,3863600,0.0,0.0,0.0
2022-08-25 00:00:00-04:00,98.1500015258789,99.33999633789062,97.93000030517578,99.33999633789062,3076900,0.0,0.0,0.0
2022-08-26 00:00:00-04:00,99.33999633789062,99.41999816894531,96.81999969482422,96.9000015258789,5300100,0.0,0.0,0.0
2022-08-29 00:00:00-04:00,96.30999755859375,97.02999877929688,95.83999633789062,96.04000091552734,3996300,0.0,0.0,0.0
2022-08-30 00:00:00-04:00,96.33000183105469,96.45999908447266,94.38999938964844,94.63999938964844,4343900,0.0,0.0,0.0
2022-08-31 00:00:00-04:00,95.19999694824219,95.6500015258789,93.94999694824219,94.26000213623047,5569100,0.0,0.0,0.0
2022-09-01 00:00:00-04:00,93.7699966430664,94.54000091552734,92.81999969482422,94.43000030517578,7122900,0.0,0.0,0.0
2022-09-02 00:00:00-04:00,95.26000213623047,95.5,93.0,93.20999908447266,5736100,0.0,0.0,0.0
2022-09-06 00:00:00-04:00,93.69000244140625,94.72000122070312,93.30000305175781,94.27999877929688,7616200,0.0,0.0,0.0
2022-09-07 00:00:00-04:00,94.30000305175781,96.27999877929688,94.11000061035156,96.12000274658203,4111500,0.0,0.0,0.0
2022-09-08 00:00:00-04:00,95.6500015258789,96.69000244140625,95.30000305175781,96.4000015258789,4503000,0.0,0.0,0.0
2022-09-09 00:00:00-04:00,96.63999938964844,97.6500015258789,96.22000122070312,97.31999969482422,4086300,0.0,0.0,0.0
2022-09-12 00:00:00-04:00,97.4800033569336,98.37999725341797,97.4800033569336,98.16000366210938,3640700,0.0,0.0,0.0
2022-09-13 00:00:00-04:00,96.26000213623047,96.55999755859375,94.22000122070312,94.52999877929688,7338700,0.0,0.0,0.0
2022-09-14 00:00:00-04:00,94.19000244140625,94.2699966430664,92.70999908447266,93.29000091552734,7836600,0.0,0.0,0.0
2022-09-15 00:00:00-04:00,93.62999725341797,93.62999725341797,91.47000122070312,91.58000183105469,7526100,0.0,0.0,0.0
2022-09-16 00:00:00-04:00,91.08999633789062,91.56999969482422,90.41999816894531,91.51000213623047,8387900,0.0,0.0,0.0
2022-09-19 00:00:00-04:00,90.69999694824219,91.43000030517578,90.06999969482422,91.38999938964844,6203600,0.0,0.0,0.0
2022-09-20 00:00:00-04:00,90.69000244140625,90.69000244140625,88.72000122070312,89.16000366210938,9755300,0.0,0.0,0.0
2022-09-21 00:00:00-04:00,89.75,90.38999938964844,87.80999755859375,87.80999755859375,7923700,0.0,0.0,0.0
2022-09-22 00:00:00-04:00,87.6500015258789,87.6500015258789,86.5999984741211,86.94000244140625,8593800,0.0,0.0,0.0
2022-09-23 00:00:00-04:00,86.12999725341797,86.48999786376953,84.8499984741211,85.80000305175781,12200900,0.0,0.0,0.0
2022-09-26 00:00:00-04:00,84.4800033569336,84.4800033569336,81.72000122070312,82.61000061035156,14629400,0.0,0.0,0.0
2022-09-27 00:00:00-04:00,83.31999969482422,83.83000183105469,81.20999908447266,81.43000030517578,10180200,0.0,0.0,0.0
2022-09-28 00:00:00-04:00,82.19999694824219,83.3499984741211,81.37000274658203,83.01000213623047,12138700,0.0,0.0,0.0
2022-09-29 00:00:00-04:00,82.2300033569336,82.23999786376953,80.08999633789062,80.63999938964844,11420000,0.0,0.0,0.0
2022-09-30 00:00:00-04:00,81.30999755859375,82.08000183105469,80.87999725341797,81.41999816894531,13320100,0.0,0.0,0.0
2022-10-03 00:00:00-04:00,82.66000366210938,83.41999816894531,81.29000091552734,82.94000244140625,9489600,0.0,0.0,0.0
2022-10-04 00:00:00-04:00,83.80000305175781,85.19999694824219,83.75,84.55000305175781,8849400,0.0,0.0,0.0
2022-10-05 00:00:00-04:00,83.48999786376953,83.55000305175781,81.54000091552734,82.86000061035156,8640700,0.0,0.0,0.0
2022-10-06 00:00:00-04:00,82.76000213623047,82.98999786376953,80.4000015258789,80.5199966430664,11077100,0.0,0.0,0.0
2022-10-07 00:00:00-04:00,79.87000274658203,80.22000122070312,78.11000061035156,78.62999725341797,10456000,0.0,0.0,0.0
2022-10-10 00:00:00-04:00,78.80000305175781,79.37000274658203,77.6500015258789,77.75,6640200,0.0,0.0,0.0
2022-10-11 00:00:00-04:00,77.76000213623047,79.13999938964844,76.83999633789062,78.61000061035156,8368000,0.0,0.0,0.0
2022-10-12 00:00:00-04:00,78.56999969482422,78.58000183105469,77.23999786376953,77.72000122070312,7080300,0.0,0.0,0.0
2022-10-13 00:00:00-04:00,75.98999786376953,79.4000015258789,75.66000366210938,78.98999786376953,10562200,0.0,0.0,0.0
2022-10-14 00:00:00-04:00,80.04000091552734,80.18000030517578,76.93000030517578,76.97000122070312,9995700,0.0,0.0,0.0
2022-10-17 00:00:00-04:00,78.41000366210938,80.1500015258789,78.31999969482422,79.80999755859375,7878200,0.0,0.0,0.0
2022-10-18 00:00:00-04:00,81.20999908447266,81.8499984741211,80.0,80.70999908447266,7811700,0.0,0.0,0.0
2022-10-19 00:00:00-04:00,80.0,80.16000366210938,78.2699966430664,78.69999694824219,6603000,0.0,0.0,0.0
2022-10-20 00:00:00-04:00,78.80000305175781,79.61000061035156,78.13999938964844,78.33000183105469,6245700,0.0,0.0,0.0
2022-10-21 00:00:00-04:00,78.48999786376953,78.91000366210938,77.23999786376953,78.87000274658203,9357400,0.0,0.0,0.0
2022-10-24 00:00:00-04:00,79.5199966430664,79.83999633789062,78.23999786376953,78.80999755859375,4703400,0.0,0.0,0.0
2022-10-25 00:00:00-04:00,79.12000274658203,82.0999984741211,79.01000213623047,81.94999694824219,8088000,0.0,0.0,0.0
2022-10-26 00:00:00-04:00,82.04000091552734,82.83999633789062,81.55000305175781,82.11000061035156,8517600,0.0,0.0,0.0
2022-10-27 00:00:00-04:00,82.4800033569336,83.18000030517578,81.94000244140625,82.26000213623047,6276500,0.0,0.0,0.0
2022-10-28 00:00:00-04:00,81.76000213623047,84.30999755859375,81.63999938964844,84.08999633789062,6150400,0.0,0.0,0.0
2022-10-31 00:00:00-04:00,83.31999969482422,84.43000030517578,83.08000183105469,83.98999786376953,6648600,0.0,0.0,0.0
2022-11-01 00:00:00-04:00,84.87000274658203,85.12999725341797,83.6500015258789,83.83000183105469,5529200,0.0,0.0,0.0
2022-11-02 00:00:00-04:00,83.37000274658203,84.38999938964844,81.45999908447266,81.58000183105469,9168500,0.0,0.0,0.0
2022-11-03 00:00:00-04:00,80.93000030517578,82.18000030517578,80.01000213623047,81.5199966430664,7062500,0.0,0.0,0.0
2022-11-04 00:00:00-04:00,82.44000244140625,83.13999938964844,81.05000305175781,82.6500015258789,7030500,0.0,0.0,0.0
2022-11-07 00:00:00-05:00,83.12999725341797,83.54000091552734,82.16999816894531,82.69999694824219,5931000,0.0,0.0,0.0
2022-11-08 00:00:00-05:00,82.88999938964844,83.9000015258789,82.5,83.08000183105469,6634400,0.0,0.0,0.0
2022-11-09 00:00:00-05:00,82.9000015258789,83.79000091552734,82.08000183105469,82.26000213623047,5438500,0.0,0.0,0.0
2022-11-10 00:00:00-05:00,85.33999633789062,88.44000244140625,85.1500015258789,88.25,10527900,0.0,0.0,0.0
2022-11-11 00:00:00-05:00,88.43000030517578,89.12000274658203,87.87000274658203,88.04000091552734,9455500,0.0,0.0,0.0
2022-11-14 00:00:00-05:00,87.69000244140625,87.80999755859375,85.93000030517578,86.0199966430664,6217700,0.0,0.0,0.0
2022-11-15 00:00:00-05:00,87.20999908447266,87.5199966430664,85.9800033569336,87.01000213623047,6334900,0.0,0.0,0.0
2022-11-16 00:00:00-05:00,86.7300033569336,87.05999755859375,85.97000122070312,86.22000122070312,6578000,0.0,0.0,0.0
2022-11-17 00:00:00-05:00,85.12000274658203,85.7300033569336,84.76000213623047,85.52999877929688,4469300,0.0,0.0,0.0
2022-11-18 00:00:00-05:00,86.8499984741211,86.88999938964844,85.6500015258789,86.58999633789062,4822800,0.0,0.0,0.0
2022-11-21 00:00:00-05:00,86.2699966430664,87.16999816894531,86.05999755859375,87.05999755859375,4889800,0.0,0.0,0.0
2022-11-22 00:00:00-05:00,87.38999938964844,87.56999969482422,86.87000274658203,87.5,3302700,0.0,0.0,0.0
2022-11-23 00:00:00-05:00,87.41000366210938,88.02999877929688,86.93000030517578,87.62000274658203,3266100,0.0,0.0,0.0
2022-11-25 00:00:00-05:00,87.97000122070312,88.20999908447266,87.66999816894531,88.19999694824219,2441800,0.0,0.0,0.0
2022-11-28 00:00:00-05:00,87.70999908447266,88.08000183105469,85.61000061035156,85.7699966430664,4659500,0.0,0.0,0.0
2022-11-29 00:00:00-05:00,85.9000015258789,87.25,85.62999725341797,87.19999694824219,4084500,0.0,0.0,0.0
2022-11-30 00:00:00-05:00,86.95999908447266,89.22000122070312,86.37000274658203,89.16999816894531,7413100,0.0,0.0,0.0
2022-12-01 00:00:00-05:00,90.04000091552734,90.47000122070312,88.33000183105469,89.05999755859375,8371800,0.0,0.0,0.0
2022-12-02 00:00:00-05:00,87.91000366210938,89.22000122070312,87.62999725341797,88.77999877929688,5360200,0.0,0.0,0.0
2022-12-05 00:00:00-05:00,88.16999816894531,88.37999725341797,87.01000213623047,87.19000244140625,10561400,0.0,0.0,0.0
2022-12-06 00:00:00-05:00,87.44000244140625,87.44000244140625,86.0,86.37000274658203,7308500,0.0,0.0,0.0
2022-12-07 00:00:00-05:00,86.11000061035156,87.44000244140625,86.06999969482422,86.54000091552734,5575500,0.0,0.0,0.0
2022-12-08 00:00:00-05:00,87.01000213623047,87.94000244140625,86.69000244140625,87.19999694824219,5272200,0.0,0.0,0.0
2022-12-09 00:00:00-05:00,87.0199966430664,87.91000366210938,86.75,87.08999633789062,5124600,0.0,0.0,0.0
2022-12-12 00:00:00-05:00,87.30000305175781,87.7699966430664,86.33000183105469,87.7300033569336,5613700,0.0,0.0,0.0
2022-12-13 00:00:00-05:00,89.75,89.95999908447266,87.5999984741211,88.56999969482422,10901600,0.0,0.0,0.0
2022-12-14 00:00:00-05:00,88.56999969482422,89.58999633789062,87.55000305175781,87.97000122070312,8411200,0.0,0.0,0.0
2022-12-15 00:00:00-05:00,86.77999877929688,87.58000183105469,86.27999877929688,86.70999908447266,8088300,0.0,0.0,0.0
2022-12-16 00:00:00-05:00,85.91999816894531,85.91999816894531,83.6500015258789,84.5199966430664,7904000,0.0,0.0,0.0
2022-12-19 00:00:00-05:00,84.25,84.4800033569336,83.02999877929688,83.5199966430664,4759000,0.0,0.0,0.0
2022-12-20 00:00:00-05:00,83.1500015258789,83.80000305175781,82.3499984741211,83.29000091552734,4732000,0.0,0.0,0.0
2022-12-21 00:00:00-05:00,83.87999725341797,85.0199966430664,83.80000305175781,84.1500015258789,4836000,0.0,0.0,0.0
2022-12-22 00:00:00-05:00,83.44000244140625,83.87999725341797,82.27999877929688,83.80999755859375,5294100,0.0,0.0,0.0
2022-12-23 00:00:00-05:00,83.80000305175781,84.55000305175781,83.22000122070312,84.52999877929688,2958900,0.0,0.0,0.0
2022-12-27 00:00:00-05:00,84.55999755859375,84.76000213623047,83.73999786376953,84.47000122070312,3787800,0.0,0.0,0.0
2022-12-28 00:00:00-05:00,84.72000122070312,85.05999755859375,82.97000122070312,83.04000091552734,3734900,0.0,0.0,0.0
2022-12-29 00:00:00-05:00,83.72000122070312,85.08000183105469,83.43000030517578,84.88999938964844,3904000,0.0,0.0,0.0
2022-12-30 00:00:00-05:00,84.30999755859375,84.66999816894531,83.23999786376953,84.19000244140625,4576300,0.0,0.0,0.0
2023-01-03 00:00:00-05:00,84.95999908447266,85.61000061035156,83.41999816894531,84.33999633789062,8371700,0.0,0.0,0.0
2023-01-04 00:00:00-05:00,85.0999984741211,86.97000122070312,84.7699966430664,86.1500015258789,8849000,0.0,0.0,0.0
2023-01-05 00:00:00-05:00,85.51000213623047,85.51000213623047,83.72000122070312,83.8499984741211,7553900,0.0,0.0,0.0
2023-01-06 00:00:00-05:00,84.58000183105469,86.48999786376953,83.91999816894531,86.20999908447266,5508400,0.0,0.0,0.0
2023-01-09 00:00:00-05:00,86.5,87.19000244140625,85.87000274658203,86.20999908447266,5028500,0.0,0.0,0.0
2023-01-10 00:00:00-05:00,86.12000274658203,86.44000244140625,85.31999969482422,86.4000015258789,3950500,0.0,0.0,0.0
2023-01-11 00:00:00-05:00,87.16000366210938,89.55000305175781,87.13999938964844,89.54000091552734,7431800,0.0,0.0,0.0
2023-01-12 00:00:00-05:00,89.98999786376953,90.66999816894531,88.97000122070312,90.51000213623047,6204500,0.0,0.0,0.0
2023-01-13 00:00:00-05:00,89.77999877929688,90.3499984741211,89.3499984741211,90.01000213623047,5779600,0.0,0.0,0.0
2023-01-17 00:00:00-05:00,90.11000061035156,90.63999938964844,89.8499984741211,90.0999984741211,4915600,0.0,0.0,0.0
2023-01-18 00:00:00-05:00,90.56999969482422,90.66999816894531,88.72000122070312,88.8499984741211,5395000,0.0,0.0,0.0
2023-01-19 00:00:00-05:00,88.4800033569336,89.37999725341797,88.1500015258789,88.37000274658203,4160500,0.0,0.0,0.0
2023-01-20 00:00:00-05:00,88.41000366210938,89.51000213623047,87.37999725341797,89.47000122070312,4729000,0.0,0.0,0.0
2023-01-23 00:00:00-05:00,89.51000213623047,90.30999755859375,88.88999938964844,89.80000305175781,5141800,0.0,0.0,0.0
2023-01-24 00:00:00-05:00,89.68000030517578,90.4000015258789,88.41999816894531,90.06999969482422,3608000,0.0,0.0,0.0
2023-01-25 00:00:00-05:00,89.5,90.23999786376953,89.16999816894531,89.97000122070312,3782900,0.0,0.0,0.0
2023-01-26 00:00:00-05:00,90.4800033569336,91.0199966430664,90.01000213623047,90.97000122070312,3765500,0.0,0.0,0.0
2023-01-27 00:00:00-05:00,90.80999755859375,92.26000213623047,90.75,91.9000015258789,3790000,0.0,0.0,0.0
2023-01-30 00:00:00-05:00,91.2300033569336,92.16999816894531,90.75,90.80000305175781,3465700,0.0,0.0,0.0
2023-01-31 00:00:00-05:00,90.76000213623047,92.66999816894531,90.7300033569336,92.58999633789062,6607000,0.0,0.0,0.0
2023-02-01 00:00:00-05:00,92.2300033569336,93.80999755859375,91.18000030517578,93.19000244140625,9861300,0.0,0.0,0.0
2023-02-02 00:00:00-05:00,93.98999786376953,96.0199966430664,93.97000122070312,95.23999786376953,7677400,0.0,0.0,0.0
2023-02-03 00:00:00-05:00,93.98999786376953,93.98999786376953,92.23999786376953,93.30999755859375,7994000,0.0,0.0,0.0
2023-02-06 00:00:00-05:00,92.20999908447266,92.81999969482422,91.7300033569336,92.73999786376953,5769400,0.0,0.0,0.0
2023-02-07 00:00:00-05:00,92.16000366210938,92.98999786376953,91.31999969482422,92.58000183105469,6626200,0.0,0.0,0.0
2023-02-08 00:00:00-05:00,92.20999908447266,92.66000366210938,91.81999969482422,92.19000244140625,3648700,0.0,0.0,0.0
2023-02-09 00:00:00-05:00,92.68000030517578,93.0999984741211,90.87999725341797,91.12000274658203,4531700,0.0,0.0,0.0
2023-02-10 00:00:00-05:00,90.7300033569336,91.62999725341797,90.25,91.41000366210938,5992100,0.0,0.0,0.0
2023-02-13 00:00:00-05:00,91.75,92.37999725341797,91.62000274658203,92.27999877929688,3022000,0.0,0.0,0.0
2023-02-14 00:00:00-05:00,91.98999786376953,92.62999725341797,90.91999816894531,91.47000122070312,4286700,0.0,0.0,0.0
2023-02-15 00:00:00-05:00,90.81999969482422,91.87999725341797,90.68000030517578,91.87000274658203,3061000,0.0,0.0,0.0
2023-02-16 00:00:00-05:00,90.8499984741211,91.80999755859375,89.88999938964844,91.08000183105469,5476100,0.0,0.0,0.0
2023-02-17 00:00:00-05:00,90.72000122070312,90.94000244140625,89.79000091552734,90.66000366210938,5494700,0.0,0.0,0.0
2023-02-21 00:00:00-05:00,90.11000061035156,90.12999725341797,88.5,88.86000061035156,4577500,0.0,0.0,0.0
2023-02-22 00:00:00-05:00,89.26000213623047,89.26000213623047,87.56999969482422,87.94999694824219,8041600,0.0,0.0,0.0
2023-02-23 00:00:00-05:00,88.45999908447266,88.8499984741211,87.63999938964844,88.48999786376953,8262700,0.0,0.0,0.0
2023-02-24 00:00:00-05:00,87.51000213623047,87.62999725341797,86.56999969482422,86.9800033569336,8579100,0.0,0.0,0.0
2023-02-27 00:00:00-05:00,88.06999969482422,88.41999816894531,86.73999786376953,87.16000366210938,5895700,0.0,0.0,0.0
2023-02-28 00:00:00-05:00,87.19999694824219,88.13999938964844,86.8499984741211,87.06999969482422,6287800,0.0,0.0,0.0
2023-03-01 00:00:00-05:00,86.41999816894531,86.6500015258789,85.25,85.87999725341797,7388100,0.0,0.0,0.0
2023-03-02 00:00:00-05:00,85.27999877929688,87.05999755859375,85.18000030517578,86.9000015258789,6459900,0.0,0.0,0.0
2023-03-03 00:00:00-05:00,87.48999786376953,88.48999786376953,87.33999633789062,88.31999969482422,6044200,0.0,0.0,0.0
2023-03-06 00:00:00-05:00,88.68000030517578,88.77999877929688,87.80999755859375,87.97000122070312,6009600,0.0,0.0,0.0
2023-03-07 00:00:00-05:00,88.0,88.02999877929688,85.79000091552734,85.9000015258789,7663500,0.0,0.0,0.0
2023-03-08 00:00:00-05:00,86.13999938964844,87.43000030517578,85.8499984741211,86.91000366210938,6873400,0.0,0.0,0.0
2023-03-09 00:00:00-05:00,86.95999908447266,87.12999725341797,84.7300033569336,84.88999938964844,8018000,0.0,0.0,0.0
2023-03-10 00:00:00-05:00,84.7300033569336,84.98999786376953,81.72000122070312,82.0999984741211,15665600,0.0,0.0,0.0
2023-03-13 00:00:00-04:00,81.61000061035156,84.3499984741211,81.41000366210938,83.23999786376953,20371400,0.0,0.0,0.0
2023-03-14 00:00:00-04:00,84.55999755859375,85.0,83.18000030517578,84.06999969482422,9897000,0.0,0.0,0.0
2023-03-15 00:00:00-04:00,83.06999969482422,84.27999877929688,82.69000244140625,83.91999816894531,15743700,0.0,0.0,0.0
2023-03-16 00:00:00-04:00,83.36000061035156,84.27999877929688,82.44999694824219,83.94000244140625,11693900,0.0,0.0,0.0
2023-03-17 00:00:00-04:00,83.44000244140625,83.66999816894531,81.91000366210938,82.05999755859375,11823400,0.0,0.0,0.0
2023-03-20 00:00:00-04:00,82.36000061035156,83.2699966430664,81.91000366210938,82.98999786376953,9923600,0.0,0.0,0.0
2023-03-21 00:00:00-04:00,83.55999755859375,83.66999816894531,81.83999633789062,82.5199966430664,8059000,0.0,0.0,0.0
2023-03-22 00:00:00-04:00,82.13999938964844,82.13999938964844,79.58999633789062,79.6500015258789,11555300,0.0,0.0,0.0
2023-03-23 00:00:00-04:00,79.58000183105469,80.61000061035156,78.41000366210938,78.7300033569336,10029600,0.0,0.0,0.0
2023-03-24 00:00:00-04:00,78.33999633789062,80.7300033569336,78.11000061035156,80.69000244140625,10335800,0.0,0.0,0.0
2023-03-27 00:00:00-04:00,81.29000091552734,81.4800033569336,80.5,80.58000183105469,5936500,0.0,0.0,0.0
2023-03-28 00:00:00-04:00,80.01000213623047,80.76000213623047,79.75,80.31999969482422,5155800,0.0,0.0,0.0
2023-03-29 00:00:00-04:00,81.4000015258789,82.25,81.18000030517578,82.12000274658203,6142200,0.0,0.0,0.0
2023-03-30 00:00:00-04:00,83.0,83.4000015258789,82.77999877929688,83.1500015258789,7304400,0.0,0.0,0.0
2023-03-31 00:00:00-04:00,83.62000274658203,85.11000061035156,83.47000122070312,84.9000015258789,9879300,0.0,0.0,0.0
2023-04-03 00:00:00-04:00,84.80000305175781,85.41000366210938,83.77999877929688,84.2300033569336,16471000,0.0,0.0,0.0
2023-04-04 00:00:00-04:00,84.41000366210938,84.56999969482422,83.5999984741211,84.16999816894531,14169100,0.0,0.0,0.0
2023-04-05 00:00:00-04:00,83.87999725341797,84.51000213623047,83.63999938964844,83.70999908447266,13544600,0.0,0.0,0.0
2023-04-06 00:00:00-04:00,84.02999877929688,84.30000305175781,83.33999633789062,84.22000122070312,13907800,0.0,0.0,0.0
2023-04-10 00:00:00-04:00,83.77999877929688,84.68000030517578,83.37999725341797,84.62999725341797,7395700,0.0,0.0,0.0
2023-04-11 00:00:00-04:00,84.87999725341797,85.72000122070312,84.51000213623047,85.08000183105469,6484000,0.0,0.0,0.0
2023-04-12 00:00:00-04:00,85.88999938964844,85.93000030517578,84.58000183105469,84.66000366210938,6572200,0.0,0.0,0.0
2023-04-13 00:00:00-04:00,84.83000183105469,84.83000183105469,83.62999725341797,84.41999816894531,4839900,0.0,0.0,0.0
2023-04-14 00:00:00-04:00,84.56999969482422,84.94999694824219,82.51000213623047,83.05999755859375,7371600,0.0,0.0,0.0
2023-04-17 00:00:00-04:00,83.16999816894531,84.86000061035156,83.1500015258789,84.86000061035156,6174700,0.0,0.0,0.0
2023-04-18 00:00:00-04:00,84.97000122070312,84.97000122070312,84.22000122070312,84.69999694824219,4257400,0.0,0.0,0.0
2023-04-19 00:00:00-04:00,84.25,85.36000061035156,83.94000244140625,85.12000274658203,5031500,0.0,0.0,0.0
2023-04-20 00:00:00-04:00,84.69000244140625,84.7300033569336,83.93000030517578,84.25,4444100,0.0,0.0,0.0
2023-04-21 00:00:00-04:00,84.26000213623047,84.79000091552734,83.69999694824219,84.41999816894531,5031500,0.0,0.0,0.0
2023-04-24 00:00:00-04:00,84.4800033569336,84.77999877929688,83.44999694824219,84.18000030517578,4270900,0.0,0.0,0.0
2023-04-25 00:00:00-04:00,83.68000030517578,83.98999786376953,83.22000122070312,83.29000091552734,3879800,0.0,0.0,0.0
2023-04-26 00:00:00-04:00,83.22000122070312,83.95999908447266,82.5,82.63999938964844,4950100,0.0,0.0,0.0
2023-04-27 00:00:00-04:00,82.87999725341797,84.88999938964844,82.80000305175781,84.66999816894531,6338900,0.0,0.0,0.0
2023-04-28 00:00:00-04:00,84.88999938964844,86.05000305175781,84.63999938964844,85.68000030517578,5242000,0.0,0.0,0.0
2023-05-01 00:00:00-04:00,85.36000061035156,85.88999938964844,84.80000305175781,84.91999816894531,4390000,0.0,0.0,0.0
2023-05-02 00:00:00-04:00,84.69999694824219,84.88999938964844,82.91000366210938,83.47000122070312,5962600,0.0,0.0,0.0
2023-05-03 00:00:00-04:00,83.91000366210938,84.72000122070312,83.0,83.06999969482422,6510100,0.0,0.0,0.0
2023-05-04 00:00:00-04:00,83.08000183105469,84.2699966430664,82.55999755859375,83.75,6806900,0.0,0.0,0.0
2023-05-05 00:00:00-04:00,84.4000015258789,85.30000305175781,84.23999786376953,85.13999938964844,6020500,0.0,0.0,0.0
2023-05-08 00:00:00-04:00,84.87999725341797,85.19000244140625,84.30999755859375,84.66000366210938,3514600,0.0,0.0,0.0
2023-05-09 00:00:00-04:00,84.20999908447266,84.62000274658203,83.4000015258789,84.2699966430664,3581800,0.0,0.0,0.0
2023-05-10 00:00:00-04:00,85.19999694824219,85.38999938964844,84.23999786376953,85.08000183105469,6104000,0.0,0.0,0.0
2023-05-11 00:00:00-04:00,84.4800033569336,84.55000305175781,83.66000366210938,84.1500015258789,5522900,0.0,0.0,0.0
2023-05-12 00:00:00-04:00,84.31999969482422,84.41999816894531,83.51000213623047,84.16999816894531,5352300,0.0,0.0,0.0
2023-05-15 00:00:00-04:00,84.38999938964844,84.54000091552734,83.83000183105469,84.02999877929688,6693400,0.0,0.0,0.0
2023-05-16 00:00:00-04:00,83.94999694824219,83.9800033569336,81.97000122070312,81.9800033569336,7454200,0.0,0.0,0.0
2023-05-17 00:00:00-04:00,82.5,83.19000244140625,81.7300033569336,83.04000091552734,5566400,0.0,0.0,0.0
2023-05-18 00:00:00-04:00,82.66000366210938,83.05999755859375,82.0,82.66999816894531,5176100,0.0,0.0,0.0
2023-05-19 00:00:00-04:00,83.13999938964844,83.41000366210938,82.16000366210938,82.55999755859375,5054900,0.0,0.0,0.0
2023-05-22 00:00:00-04:00,82.75,83.58999633789062,82.2300033569336,83.08000183105469,5847400,0.0,0.0,0.0
2023-05-23 00:00:00-04:00,82.9000015258789,83.68000030517578,82.12000274658203,82.19000244140625,5888800,0.0,0.0,0.0
2023-05-24 00:00:00-04:00,81.93000030517578,82.02999877929688,80.43000030517578,80.51000213623047,5649000,0.0,0.0,0.0
2023-05-25 00:00:00-04:00,80.98999786376953,81.11000061035156,79.94000244140625,80.5199966430664,6282500,0.0,0.0,0.0
2023-05-26 00:00:00-04:00,80.70999908447266,81.6500015258789,80.31999969482422,81.44999694824219,5791800,0.0,0.0,0.0
2023-05-30 00:00:00-04:00,82.05000305175781,82.69999694824219,81.56999969482422,81.80000305175781,5191700,0.0,0.0,0.0
2023-05-31 00:00:00-04:00,81.87000274658203,82.38999938964844,81.33000183105469,82.2300033569336,6593100,0.0,0.0,0.0
2023-06-01 00:00:00-04:00,82.08999633789062,82.66999816894531,81.36000061035156,82.27999877929688,6137700,0.0,0.0,0.0
2023-06-02 00:00:00-04:00,83.22000122070312,84.37999725341797,82.93000030517578,84.12000274658203,6738100,0.0,0.0,0.0
2023-06-05 00:00:00-04:00,84.12000274658203,84.51000213623047,83.41999816894531,83.55999755859375,5701300,0.0,0.0,0.0
2023-06-06 00:00:00-04:00,84.0999984741211,84.43000030517578,83.37999725341797,84.27999877929688,5344500,0.0,0.0,0.0
2023-06-07 00:00:00-04:00,84.27999877929688,85.44000244140625,83.75,85.19999694824219,6594200,0.0,0.0,0.0
2023-06-08 00:00:00-04:00,84.83000183105469,84.98999786376953,83.8499984741211,84.76000213623047,4701000,0.0,0.0,0.0
2023-06-09 00:00:00-04:00,84.87999725341797,84.93000030517578,83.91000366210938,84.23999786376953,5801400,0.0,0.0,0.0
2023-06-12 00:00:00-04:00,84.68000030517578,84.68000030517578,83.55000305175781,84.33999633789062,5775300,0.0,0.0,0.0
2023-06-13 00:00:00-04:00,84.4000015258789,85.08000183105469,84.04000091552734,84.95999908447266,6487300,0.0,0.0,0.0
2023-06-14 00:00:00-04:00,85.31999969482422,85.91999816894531,84.66000366210938,85.38999938964844,7965600,0.0,0.0,0.0
2023-06-15 00:00:00-04:00,85.01000213623047,86.02999877929688,84.55000305175781,85.83999633789062,7261500,0.0,0.0,0.0
2023-06-16 00:00:00-04:00,86.16000366210938,86.58000183105469,85.66000366210938,85.80999755859375,7814300,0.0,0.0,0.0
2023-06-20 00:00:00-04:00,85.44000244140625,85.5999984741211,84.36000061035156,84.91000366210938,5985900,0.0,0.0,0.0
2023-06-21 00:00:00-04:00,84.45999908447266,84.80999755859375,83.83000183105469,84.54000091552734,6214300,0.0,0.0,0.0
2023-06-22 00:00:00-04:00,84.66000366210938,84.66000366210938,82.8499984741211,83.30000305175781,7309100,0.0,0.0,0.0
2023-06-23 00:00:00-04:00,83.0199966430664,83.55999755859375,82.22000122070312,82.23999786376953,6717200,0.0,0.0,0.0
2023-06-26 00:00:00-04:00,82.30000305175781,84.19999694824219,82.18000030517578,84.11000061035156,5030600,0.0,0.0,0.0
2023-06-27 00:00:00-04:00,84.41999816894531,85.33000183105469,83.87000274658203,85.12000274658203,5045000,0.0,0.0,0.0
2023-06-28 00:00:00-04:00,85.16000366210938,85.44999694824219,84.5199966430664,85.25,5234900,0.0,0.0,0.0
2023-06-29 00:00:00-04:00,84.97000122070312,86.11000061035156,84.62000274658203,86.11000061035156,5753600,0.0,0.0,0.0
2023-06-30 00:00:00-04:00,86.94000244140625,87.04000091552734,85.45999908447266,86.54000091552734,6279200,0.0,0.0,0.0
2023-07-03 00:00:00-04:00,86.44000244140625,87.69999694824219,86.08000183105469,87.27999877929688,3903200,0.0,0.0,0.0
2023-07-05 00:00:00-04:00,87.12000274658203,88.08000183105469,86.38999938964844,87.58000183105469,6291600,0.0,0.0,0.0
2023-07-06 00:00:00-04:00,86.44000244140625,86.98999786376953,85.2699966430664,86.87999725341797,7128600,0.0,0.0,0.0
2023-07-07 00:00:00-04:00,86.4800033569336,87.19999694824219,86.2300033569336,86.6500015258789,6737900,0.0,0.0,0.0
2023-07-10 00:00:00-04:00,86.43000030517578,87.08999633789062,86.18000030517578,87.01000213623047,5419000,0.0,0.0,0.0
2023-07-11 00:00:00-04:00,87.30000305175781,88.22000122070312,87.0199966430664,88.18000030517578,4294300,0.0,0.0,0.0
2023-07-12 00:00:00-04:00,89.2300033569336,89.45999908447266,88.58000183105469,88.66000366210938,7678700,0.0,0.0,0.0
2023-07-13 00:00:00-04:00,88.68000030517578,89.29000091552734,88.13999938964844,89.27999877929688,5869200,0.0,0.0,0.0
2023-07-14 00:00:00-04:00,89.19999694824219,89.37999725341797,88.54000091552734,89.1500015258789,5566200,0.0,0.0,0.0
2023-07-17 00:00:00-04:00,88.83999633789062,89.2300033569336,88.41000366210938,88.55000305175781,4058400,0.0,0.0,0.0
2023-07-18 00:00:00-04:00,88.8499984741211,88.8499984741211,87.2699966430664,88.02999877929688,7295300,0.0,0.0,0.0
2023-07-19 00:00:00-04:00,88.69999694824219,89.4000015258789,88.47000122070312,89.0,5853400,0.0,0.0,0.0
2023-07-20 00:00:00-04:00,88.6500015258789,88.73999786376953,87.5999984741211,88.7300033569336,6771000,0.0,0.0,0.0
2023-07-21 00:00:00-04:00,88.94999694824219,89.37999725341797,88.70999908447266,89.13999938964844,6570200,0.0,0.0,0.0
2023-07-24 00:00:00-04:00,89.25,89.94000244140625,89.0999984741211,89.86000061035156,5716400,0.0,0.0,0.0
2023-07-25 00:00:00-04:00,89.75,90.1500015258789,89.19000244140625,89.2300033569336,6629100,0.0,0.0,0.0
2023-07-26 00:00:00-04:00,89.16000366210938,89.83000183105469,89.11000061035156,89.69000244140625,7138900,0.0,0.0,0.0
2023-07-27 00:00:00-04:00,90.05000305175781,90.33999633789062,87.62999725341797,87.72000122070312,10635500,0.0,0.0,0.0
2023-07-28 00:00:00-04:00,88.86000061035156,88.94000244140625,87.37000274658203,87.55000305175781,5812400,0.0,0.0,0.0
2023-07-31 00:00:00-04:00,87.72000122070312,88.55999755859375,87.5199966430664,88.05000305175781,6546900,0.0,0.0,0.0
2023-08-01 00:00:00-04:00,87.83000183105469,88.22000122070312,87.47000122070312,87.87999725341797,6867100,0.0,0.0,0.0
2023-08-02 00:00:00-04:00,87.33999633789062,87.62000274658203,86.87000274658203,87.37000274658203,6499600,0.0,0.0,0.0
2023-08-03 00:00:00-04:00,86.54000091552734,86.73999786376953,85.23999786376953,86.41000366210938,8494900,0.0,0.0,0.0
2023-08-04 00:00:00-04:00,86.08999633789062,87.01000213623047,85.4800033569336,85.75,8059900,0.0,0.0,0.0
2023-08-07 00:00:00-04:00,85.86000061035156,86.83000183105469,85.86000061035156,86.79000091552734,4650900,0.0,0.0,0.0
2023-08-08 00:00:00-04:00,86.02999877929688,86.45999908447266,85.44999694824219,86.20999908447266,4185900,0.0,0.0,0.0
2023-08-09 00:00:00-04:00,85.9800033569336,86.70999908447266,85.66000366210938,86.25,3850600,0.0,0.0,0.0
2023-08-10 00:00:00-04:00,86.62000274658203,87.12999725341797,85.69000244140625,85.91999816894531,4186300,0.0,0.0,0.0
2023-08-11 00:00:00-04:00,85.5199966430664,86.18000030517578,85.33999633789062,86.08999633789062,3340900,0.0,0.0,0.0
2023-08-14 00:00:00-04:00,85.87000274658203,85.93000030517578,85.23999786376953,85.48999786376953,3785400,0.0,0.0,0.0
2023-08-15 00:00:00-04:00,84.83999633789062,85.1500015258789,84.37999725341797,84.47000122070312,4457300,0.0,0.0,0.0
2023-08-16 00:00:00-04:00,84.56999969482422,84.69000244140625,83.5,83.51000213623047,5295300,0.0,0.0,0.0
2023-08-17 00:00:00-04:00,83.70999908447266,84.18000030517578,82.87000274658203,82.93000030517578,5909200,0.0,0.0,0.0
2023-08-18 00:00:00-04:00,82.37999725341797,83.33999633789062,82.12000274658203,83.12999725341797,5194600,0.0,0.0,0.0
2023-08-21 00:00:00-04:00,83.0,83.05000305175781,81.75,82.4000015258789,4746600,0.0,0.0,0.0
2023-08-22 00:00:00-04:00,82.7699966430664,83.0199966430664,82.41000366210938,82.66999816894531,5256200,0.0,0.0,0.0
2023-08-23 00:00:00-04:00,83.2300033569336,84.12000274658203,83.08000183105469,84.0,5131400,0.0,0.0,0.0
2023-08-24 00:00:00-04:00,84.2300033569336,85.1500015258789,83.62999725341797,83.63999938964844,5419200,0.0,0.0,0.0
2023-08-25 00:00:00-04:00,83.86000061035156,84.33999633789062,83.41000366210938,83.79000091552734,5789200,0.0,0.0,0.0
2023-08-28 00:00:00-04:00,84.23999786376953,84.97000122070312,84.16000366210938,84.48999786376953,4479100,0.0,0.0,0.0
2023-08-29 00:00:00-04:00,84.55999755859375,85.55999755859375,84.20999908447266,85.51000213623047,6630900,0.0,0.0,0.0
2023-08-30 00:00:00-04:00,85.48999786376953,86.05999755859375,85.44000244140625,85.83000183105469,5658500,0.0,0.0,0.0
2023-08-31 00:00:00-04:00,85.8499984741211,85.94999694824219,85.08999633789062,85.33999633789062,4463100,0.0,0.0,0.0
2023-09-01 00:00:00-04:00,85.72000122070312,86.0999984741211,85.12000274658203,85.38999938964844,5769900,0.0,0.0,0.0
2023-09-05 00:00:00-04:00,85.11000061035156,85.33999633789062,84.33000183105469,84.33000183105469,6565700,0.0,0.0,0.0
2023-09-06 00:00:00-04:00,84.31999969482422,84.5199966430664,83.52999877929688,84.16000366210938,5332100,0.0,0.0,0.0
2023-09-07 00:00:00-04:00,84.08000183105469,85.08000183105469,83.93000030517578,84.70999908447266,5260600,0.0,0.0,0.0
2023-09-08 00:00:00-04:00,84.94000244140625,84.9800033569336,84.13999938964844,84.27999877929688,4260500,0.0,0.0,0.0
2023-09-11 00:00:00-04:00,84.38999938964844,84.58999633789062,83.91999816894531,84.27999877929688,4085900,0.0,0.0,0.0
2023-09-12 00:00:00-04:00,84.2300033569336,84.48999786376953,83.73999786376953,84.37999725341797,4518100,0.0,0.0,0.0
2023-09-13 00:00:00-04:00,84.31999969482422,84.41999816894531,83.25,83.4800033569336,5446500,0.0,0.0,0.0
2023-09-14 00:00:00-04:00,84.2300033569336,85.16999816894531,84.08999633789062,85.02999877929688,5846200,0.0,0.0,0.0
2023-09-15 00:00:00-04:00,84.56999969482422,84.91000366210938,84.31999969482422,84.58000183105469,6497000,0.0,0.0,0.0
2023-09-18 00:00:00-04:00,84.61000061035156,84.6500015258789,83.73999786376953,83.91999816894531,4982500,0.0,0.0,0.0
2023-09-19 00:00:00-04:00,83.86000061035156,84.19999694824219,83.30000305175781,83.54000091552734,4389800,0.0,0.0,0.0
2023-09-20 00:00:00-04:00,84.12000274658203,84.6500015258789,83.62999725341797,83.62999725341797,5643400,0.0,0.0,0.0
2023-09-21 00:00:00-04:00,83.13999938964844,83.18000030517578,80.68000030517578,80.68000030517578,9010000,0.0,0.0,0.0
2023-09-22 00:00:00-04:00,80.76000213623047,81.26000213623047,80.12999725341797,80.19000244140625,8696000,0.0,0.0,0.0
2023-09-25 00:00:00-04:00,79.81999969482422,80.1500015258789,79.52999877929688,80.04000091552734,6067800,0.0,0.0,0.0
2023-09-26 00:00:00-04:00,78.58999633789062,78.86000061035156,77.47000122070312,77.68000030517578,7726200,0.0,0.0,0.0
2023-09-27 00:00:00-04:00,78.11000061035156,78.37999725341797,76.75,77.12000274658203,8713100,0.0,0.0,0.0
2023-09-28 00:00:00-04:00,77.45999908447266,78.18000030517578,77.2699966430664,77.87999725341797,8431500,0.0,0.0,0.0
2023-09-29 00:00:00-04:00,79.2300033569336,79.25,77.70999908447266,78.13999938964844,8764900,0.0,0.0,0.0
2023-10-02 00:00:00-04:00,77.88999938964844,78.19000244140625,76.20999908447266,76.69999694824219,11887600,0.0,0.0,0.0
2023-10-03 00:00:00-04:00,76.29000091552734,76.56999969482422,75.01000213623047,75.20999908447266,10290000,0.0,0.0,0.0
2023-10-04 00:00:00-04:00,75.76000213623047,76.12000274658203,74.69999694824219,76.02999877929688,7980400,0.0,0.0,0.0
2023-10-05 00:00:00-04:00,76.13999938964844,76.69000244140625,75.66999816894531,76.61000061035156,6656300,0.0,0.0,0.0
2023-10-06 00:00:00-04:00,75.94999694824219,77.30999755859375,75.20999908447266,76.7699966430664,7606700,0.0,0.0,0.0
2023-10-09 00:00:00-04:00,76.37999725341797,77.94999694824219,76.33000183105469,77.75,8146600,0.0,0.0,0.0
2023-10-10 00:00:00-04:00,77.68000030517578,78.69000244140625,77.30000305175781,78.0,5994400,0.0,0.0,0.0
2023-10-11 00:00:00-04:00,78.69000244140625,79.45999908447266,78.5,79.44000244140625,6364000,0.0,0.0,0.0
2023-10-12 00:00:00-04:00,79.41000366210938,79.41000366210938,77.8499984741211,78.19999694824219,9653000,0.0,0.0,0.0
2023-10-13 00:00:00-04:00,78.7300033569336,78.86000061035156,77.75,78.12000274658203,8625100,0.0,0.0,0.0
2023-10-16 00:00:00-04:00,78.75,79.20999908447266,77.80999755859375,79.0199966430664,6540200,0.0,0.0,0.0
2023-10-17 00:00:00-04:00,78.26000213623047,79.81999969482422,78.26000213623047,78.80000305175781,10660300,0.0,0.0,0.0
2023-10-18 00:00:00-04:00,78.26000213623047,78.48999786376953,77.02999877929688,77.08000183105469,8722600,0.0,0.0,0.0
2023-10-19 00:00:00-04:00,76.47000122070312,77.08000183105469,75.11000061035156,75.23999786376953,12199100,0.0,0.0,0.0
2023-10-20 00:00:00-04:00,75.37000274658203,75.87000274658203,74.72000122070312,74.75,9323700,0.0,0.0,0.0
2023-10-23 00:00:00-04:00,74.18000030517578,75.06999969482422,73.83999633789062,74.04000091552734,8808400,0.0,0.0,0.0
2023-10-24 00:00:00-04:00,74.30000305175781,75.12999725341797,74.11000061035156,74.91999816894531,8164400,0.0,0.0,0.0
2023-10-25 00:00:00-04:00,74.19999694824219,74.44000244140625,73.16999816894531,73.27999877929688,8236100,0.0,0.0,0.0
2023-10-26 00:00:00-04:00,73.62000274658203,75.23999786376953,73.5999984741211,74.7300033569336,10955200,0.0,0.0,0.0
2023-10-27 00:00:00-04:00,75.06999969482422,75.06999969482422,73.3499984741211,73.62000274658203,9656000,0.0,0.0,0.0
2023-10-30 00:00:00-04:00,74.19999694824219,74.54000091552734,72.87999725341797,73.95999908447266,8309600,0.0,0.0,0.0
2023-10-31 00:00:00-04:00,74.5999984741211,75.37999725341797,73.94000244140625,75.33000183105469,8676300,0.0,0.0,0.0
2023-11-01 00:00:00-04:00,75.3499984741211,75.86000061035156,74.94000244140625,75.83999633789062,10792900,0.0,0.0,0.0
2023-11-02 00:00:00-04:00,76.8499984741211,78.48999786376953,76.6500015258789,78.2300033569336,9187400,0.0,0.0,0.0
2023-11-03 00:00:00-04:00,79.54000091552734,81.11000061035156,79.48999786376953,80.02999877929688,10154000,0.0,0.0,0.0
2023-11-06 00:00:00-05:00,80.02999877929688,80.02999877929688,78.5,78.97000122070312,8434400,0.0,0.0,0.0
2023-11-07 00:00:00-05:00,78.83000183105469,78.97000122070312,78.13999938964844,78.27999877929688,8560900,0.0,0.0,0.0
2023-11-08 00:00:00-05:00,78.62000274658203,78.88999938964844,78.30999755859375,78.66000366210938,6482600,0.0,0.0,0.0
2023-11-09 00:00:00-05:00,78.94000244140625,78.9800033569336,77.26000213623047,77.41999816894531,9070100,0.0,0.0,0.0
2023-11-10 00:00:00-05:00,78.0199966430664,78.30999755859375,77.26000213623047,78.19000244140625,5418400,0.0,0.0,0.0
2023-11-13 00:00:00-05:00,77.62000274658203,77.81999969482422,77.05999755859375,77.55000305175781,4812700,0.0,0.0,0.0
2023-11-14 00:00:00-05:00,80.04000091552734,82.41000366210938,79.55999755859375,81.72000122070312,15751000,0.0,0.0,0.0
2023-11-15 00:00:00-05:00,81.55999755859375,82.63999938964844,81.41999816894531,81.94999694824219,7927800,0.0,0.0,0.0
2023-11-16 00:00:00-05:00,82.19999694824219,82.3499984741211,81.62999725341797,81.86000061035156,6620600,0.0,0.0,0.0
2023-11-17 00:00:00-05:00,82.55000305175781,82.58999633789062,81.44000244140625,81.69999694824219,4579400,0.0,0.0,0.0
2023-11-20 00:00:00-05:00,81.5999984741211,82.37000274658203,81.0199966430664,82.33999633789062,6169900,0.0,0.0,0.0
2023-11-21 00:00:00-05:00,82.0,82.19000244140625,81.66999816894531,81.94000244140625,4730700,0.0,0.0,0.0
2023-11-22 00:00:00-05:00,82.4800033569336,82.8499984741211,81.88999938964844,82.25,4303800,0.0,0.0,0.0
2023-11-24 00:00:00-05:00,82.06999969482422,82.55000305175781,81.68000030517578,82.55000305175781,2314400,0.0,0.0,0.0
2023-11-27 00:00:00-05:00,82.5999984741211,83.26000213623047,82.19000244140625,82.8499984741211,6466400,0.0,0.0,0.0
2023-11-28 00:00:00-05:00,82.61000061035156,83.43000030517578,82.18000030517578,83.33999633789062,7386200,0.0,0.0,0.0
2023-11-29 00:00:00-05:00,83.94999694824219,84.69000244140625,83.8499984741211,83.94999694824219,6359500,0.0,0.0,0.0
2023-11-30 00:00:00-05:00,83.87000274658203,84.63999938964844,83.5999984741211,84.58999633789062,8109100,0.0,0.0,0.0
2023-12-01 00:00:00-05:00,84.52999877929688,86.56999969482422,84.27999877929688,86.56999969482422,17020700,0.0,0.0,0.0
2023-12-04 00:00:00-05:00,86.0199966430664,87.08999633789062,85.95999908447266,87.08999633789062,13459700,0.0,0.0,0.0
2023-12-05 00:00:00-05:00,86.66000366210938,86.77999877929688,86.11000061035156,86.55999755859375,13199600,0.0,0.0,0.0
2023-12-06 00:00:00-05:00,86.93000030517578,87.51000213623047,86.16999816894531,86.18000030517578,10876700,0.0,0.0,0.0
2023-12-07 00:00:00-05:00,86.23999786376953,86.72000122070312,85.87999725341797,86.47000122070312,8795100,0.0,0.0,0.0
2023-12-08 00:00:00-05:00,86.11000061035156,86.51000213623047,85.41000366210938,86.29000091552734,5477800,0.0,0.0,0.0
2023-12-11 00:00:00-05:00,85.98999786376953,86.6500015258789,85.81999969482422,86.48999786376953,4347300,0.0,0.0,0.0
2023-12-12 00:00:00-05:00,86.44999694824219,86.77999877929688,86.0,86.55000305175781,5163800,0.0,0.0,0.0
2023-12-13 00:00:00-05:00,86.5999984741211,90.05000305175781,86.37999725341797,89.77999877929688,11198900,0.0,0.0,0.0
2023-12-14 00:00:00-05:00,91.22000122070312,92.8499984741211,91.22000122070312,92.26000213623047,10613300,0.0,0.0,0.0
2023-12-15 00:00:00-05:00,92.1500015258789,92.1500015258789,90.36000061035156,91.11000061035156,12226500,0.0,0.0,0.0
2023-12-18 00:00:00-05:00,91.5,91.61000061035156,90.7699966430664,90.97000122070312,7094300,0.0,0.0,0.0
2023-12-19 00:00:00-05:00,91.30999755859375,91.79000091552734,91.12999725341797,91.58000183105469,6754200,0.0,0.0,0.0
2023-12-20 00:00:00-05:00,90.77999877929688,91.41999816894531,89.56999969482422,89.62999725341797,7895400,0.0,0.0,0.0
2023-12-21 00:00:00-05:00,90.41000366210938,90.6500015258789,89.44999694824219,90.4800033569336,6895300,0.0,0.0,0.0
2023-12-22 00:00:00-05:00,90.7699966430664,91.44000244140625,90.31999969482422,90.77999877929688,4737300,0.0,0.0,0.0
2023-12-26 00:00:00-05:00,90.83999633789062,91.68000030517578,90.66000366210938,91.47000122070312,3094100,0.0,0.0,0.0
2023-12-27 00:00:00-05:00,91.63999938964844,91.95999908447266,91.16000366210938,91.94999694824219,5522900,0.0,0.0,0.0
2023-12-28 00:00:00-05:00,91.73999786376953,92.47000122070312,91.68000030517578,92.45999908447266,4143700,0.0,0.0,0.0
2023-12-29 00:00:00-05:00,91.91999816894531,92.2300033569336,91.31999969482422,91.41000366210938,4854400,0.0,0.0,0.0
2024-01-02 00:00:00-05:00,91.0,92.31999969482422,90.70999908447266,92.22000122070312,4613800,0.0,0.0,0.0
2024-01-03 00:00:00-05:00,91.38999938964844,91.44999694824219,89.83000183105469,90.0199966430664,7145500,0.0,0.0,0.0
2024-01-04 00:00:00-05:00,90.06999969482422,90.44000244140625,89.47000122070312,89.86000061035156,6303700,0.0,0.0,0.0
2024-01-05 00:00:00-05:00,89.16000366210938,90.37000274658203,88.68000030517578,89.66000366210938,6890700,0.0,0.0,0.0
2024-01-08 00:00:00-05:00,89.5,90.9800033569336,89.37999725341797,90.94999694824219,4941900,0.0,0.0,0.0
2024-01-09 00:00:00-05:00,90.1500015258789,90.69000244140625,89.63999938964844,90.31999969482422,5348300,0.0,0.0,0.0
2024-01-10 00:00:00-05:00,90.5199966430664,90.81999969482422,90.08999633789062,90.38999938964844,5212200,0.0,0.0,0.0
2024-01-11 00:00:00-05:00,90.08999633789062,90.19000244140625,89.0999984741211,89.58999633789062,6250400,0.0,0.0,0.0
2024-01-12 00:00:00-05:00,90.54000091552734,90.73999786376953,89.69000244140625,90.16999816894531,5250000,0.0,0.0,0.0
2024-01-16 00:00:00-05:00,89.69999694824219,90.08000183105469,89.20999908447266,89.54000091552734,7090200,0.0,0.0,0.0
2024-01-17 00:00:00-05:00,88.3499984741211,89.41999816894531,86.98999786376953,87.94000244140625,8928100,0.0,0.0,0.0
2024-01-18 00:00:00-05:00,87.98999786376953,88.30999755859375,86.77999877929688,87.3499984741211,6415800,0.0,0.0,0.0
2024-01-19 00:00:00-05:00,87.55000305175781,88.63999938964844,86.91999816894531,88.31999969482422,7749000,0.0,0.0,0.0
2024-01-22 00:00:00-05:00,88.56999969482422,89.68000030517578,88.38999938964844,88.77999877929688,5674500,0.0,0.0,0.0
2024-01-23 00:00:00-05:00,89.08000183105469,89.36000061035156,87.9000015258789,88.23999786376953,4400900,0.0,0.0,0.0
2024-01-24 00:00:00-05:00,89.19000244140625,89.19000244140625,86.91999816894531,86.94999694824219,5461800,0.0,0.0,0.0
2024-01-25 00:00:00-05:00,88.13999938964844,88.48999786376953,87.61000061035156,88.08999633789062,5037700,0.0,0.0,0.0
2024-01-26 00:00:00-05:00,88.18000030517578,88.44999694824219,87.56999969482422,87.80999755859375,3705400,0.0,0.0,0.0
2024-01-29 00:00:00-05:00,87.8499984741211,88.51000213623047,87.5199966430664,88.41999816894531,4002600,0.0,0.0,0.0
2024-01-30 00:00:00-05:00,87.93000030517578,88.2699966430664,87.36000061035156,87.56999969482422,4935100,0.0,0.0,0.0
2024-01-31 00:00:00-05:00,87.94999694824219,88.47000122070312,86.54000091552734,86.75,9875200,0.0,0.0,0.0
2024-02-01 00:00:00-05:00,86.87000274658203,88.3499984741211,86.2300033569336,88.30999755859375,12125900,0.0,0.0,0.0
2024-02-02 00:00:00-05:00,87.37000274658203,87.77999877929688,85.77999877929688,87.11000061035156,15816800,0.0,0.0,0.0
2024-02-05 00:00:00-05:00,86.08999633789062,86.1500015258789,85.1500015258789,85.33999633789062,12253400,0.0,0.0,0.0
2024-02-06 00:00:00-05:00,85.4800033569336,86.72000122070312,85.22000122070312,86.5199966430664,10685600,0.0,0.0,0.0
2024-02-07 00:00:00-05:00,86.88999938964844,86.94000244140625,85.94999694824219,86.5,5407500,0.0,0.0,0.0
2024-02-08 00:00:00-05:00,86.22000122070312,87.30000305175781,86.22000122070312,87.0999984741211,4580600,0.0,0.0,0.0
2024-02-09 00:00:00-05:00,87.0199966430664,87.31999969482422,86.20999908447266,87.1500015258789,5128500,0.0,0.0,0.0
2024-02-12 00:00:00-05:00,87.36000061035156,87.80999755859375,86.93000030517578,87.08999633789062,3816100,0.0,0.0,0.0
2024-02-13 00:00:00-05:00,85.25,85.43000030517578,84.23999786376953,85.31999969482422,10341700,0.0,0.0,0.0
2024-02-14 00:00:00-05:00,85.79000091552734,86.55999755859375,85.41000366210938,86.0999984741211,7169700,0.0,0.0,0.0
2024-02-15 00:00:00-05:00,86.80000305175781,88.1500015258789,86.80000305175781,88.04000091552734,5352200,0.0,0.0,0.0
2024-02-16 00:00:00-05:00,86.94000244140625,87.63999938964844,86.44999694824219,87.0999984741211,7266700,0.0,0.0,0.0
2024-02-20 00:00:00-05:00,86.79000091552734,87.37999725341797,86.2699966430664,86.95999908447266,5858200,0.0,0.0,0.0
2024-02-21 00:00:00-05:00,87.3499984741211,87.63999938964844,86.88999938964844,87.5999984741211,5101000,0.0,0.0,0.0
2024-02-22 00:00:00-05:00,87.80000305175781,88.18000030517578,87.5,87.66000366210938,5262400,0.0,0.0,0.0
2024-02-23 00:00:00-05:00,87.93000030517578,88.19999694824219,87.47000122070312,87.7699966430664,5583900,0.0,0.0,0.0
2024-02-26 00:00:00-05:00,87.4800033569336,87.94999694824219,86.61000061035156,86.77999877929688,5589100,0.0,0.0,0.0
2024-02-27 00:00:00-05:00,87.27999877929688,87.63999938964844,86.63999938964844,86.94999694824219,5385500,0.0,0.0,0.0
2024-02-28 00:00:00-05:00,86.4000015258789,88.23999786376953,86.30000305175781,87.81999969482422,5674300,0.0,0.0,0.0
2024-02-29 00:00:00-05:00,88.48999786376953,88.98999786376953,88.12999725341797,88.5999984741211,8300400,0.0,0.0,0.0
2024-03-01 00:00:00-05:00,88.56999969482422,89.55999755859375,87.45999908447266,89.55999755859375,14064600,0.0,0.0,0.0
2024-03-04 00:00:00-05:00,89.30000305175781,90.4800033569336,88.68000030517578,90.43000030517578,12760500,0.0,0.0,0.0
2024-03-05 00:00:00-05:00,90.0,90.5999984741211,88.91999816894531,89.37999725341797,10980100,0.0,0.0,0.0
2024-03-06 00:00:00-05:00,89.9000015258789,90.08999633789062,89.26000213623047,89.6500015258789,10676300,0.0,0.0,0.0
2024-03-07 00:00:00-05:00,90.18000030517578,90.44999694824219,89.33999633789062,89.83999633789062,3898500,0.0,0.0,0.0
2024-03-08 00:00:00-05:00,90.25,91.06999969482422,90.1500015258789,90.8499984741211,6119400,0.0,0.0,0.0
2024-03-11 00:00:00-04:00,90.54000091552734,91.19999694824219,90.0199966430664,90.41999816894531,5528300,0.0,0.0,0.0
2024-03-12 00:00:00-04:00,90.23999786376953,90.54000091552734,89.43000030517578,90.19999694824219,5505100,0.0,0.0,0.0
2024-03-13 00:00:00-04:00,90.06999969482422,90.62999725341797,89.44999694824219,89.73999786376953,4356500,0.0,0.0,0.0
2024-03-14 00:00:00-04:00,89.37999725341797,89.55999755859375,87.62000274658203,88.33999633789062,8196000,0.0,0.0,0.0
2024-03-15 00:00:00-04:00,87.63999938964844,88.52999877929688,87.52999877929688,88.23999786376953,5869000,0.0,0.0,0.0
2024-03-18 00:00:00-04:00,88.38999938964844,88.70999908447266,88.05999755859375,88.16999816894531,4758500,0.0,0.0,0.0
2024-03-19 00:00:00-04:00,88.16999816894531,88.52999877929688,87.6500015258789,88.25,5295500,0.0,0.0,0.0
2024-03-20 00:00:00-04:00,87.55000305175781,89.0199966430664,87.33000183105469,88.79000091552734,6651400,0.0,0.0,0.0
2024-03-21 00:00:00-04:00,88.83999633789062,89.41000366210938,88.47000122070312,89.06999969482422,5545100,0.0,0.0,0.0
2024-03-22 00:00:00-04:00,88.98999786376953,89.20999908447266,87.83000183105469,87.88999938964844,4604500,0.0,0.0,0.0
2024-03-25 00:00:00-04:00,88.05999755859375,88.36000061035156,87.48999786376953,87.48999786376953,3989300,0.0,0.0,0.0
2024-03-26 00:00:00-04:00,87.63999938964844,87.7300033569336,87.0199966430664,87.06999969482422,3713200,0.0,0.0,0.0
2024-03-27 00:00:00-04:00,87.88999938964844,89.29000091552734,87.80999755859375,89.26000213623047,5766900,0.0,0.0,0.0
2024-03-28 00:00:00-04:00,89.6500015258789,90.12999725341797,89.54000091552734,89.9000015258789,6174700,0.0,0.0,0.0
2024-04-01 00:00:00-04:00,90.04000091552734,90.04000091552734,88.2300033569336,88.41999816894531,6770300,0.0,0.0,0.0
2024-04-02 00:00:00-04:00,87.72000122070312,87.8499984741211,87.04000091552734,87.31999969482422,6075100,0.0,0.0,0.0
2024-04-03 00:00:00-04:00,87.23999786376953,87.54000091552734,86.7699966430664,87.43000030517578,5085700,0.0,0.0,0.0
2024-04-04 00:00:00-04:00,88.18000030517578,88.54000091552734,86.54000091552734,86.80999755859375,5767300,0.0,0.0,0.0
2024-04-05 00:00:00-04:00,86.7300033569336,87.4800033569336,86.31999969482422,87.19000244140625,6698000,0.0,0.0,0.0
2024-04-08 00:00:00-04:00,87.54000091552734,88.22000122070312,87.41000366210938,88.16999816894531,5115400,0.0,0.0,0.0
2024-04-09 00:00:00-04:00,88.62000274658203,89.29000091552734,88.33000183105469,89.2300033569336,6223700,0.0,0.0,0.0
2024-04-10 00:00:00-04:00,86.93000030517578,87.16999816894531,85.11000061035156,85.61000061035156,13392400,0.0,0.0,0.0
2024-04-11 00:00:00-04:00,86.22000122070312,86.3499984741211,85.01000213623047,85.70999908447266,8081100,0.0,0.0,0.0
2024-04-12 00:00:00-04:00,85.4000015258789,85.51000213623047,84.52999877929688,84.80000305175781,8962400,0.0,0.0,0.0
2024-04-15 00:00:00-04:00,85.41000366210938,85.48999786376953,82.88999938964844,83.41999816894531,8786100,0.0,0.0,0.0
2024-04-16 00:00:00-04:00,83.0199966430664,83.12999725341797,81.97000122070312,82.18000030517578,7518400,0.0,0.0,0.0
2024-04-17 00:00:00-04:00,81.9800033569336,82.43000030517578,81.58999633789062,81.62999725341797,6989700,0.0,0.0,0.0
2024-04-18 00:00:00-04:00,81.91000366210938,82.12000274658203,81.25,81.5999984741211,5545700,0.0,0.0,0.0
2024-04-19 00:00:00-04:00,81.93000030517578,82.37000274658203,81.6500015258789,81.98999786376953,4579400,0.0,0.0,0.0
2024-04-22 00:00:00-04:00,82.26000213623047,82.86000061035156,81.75,82.6500015258789,4251400,0.0,0.0,0.0
2024-04-23 00:00:00-04:00,82.80000305175781,83.72000122070312,82.6500015258789,83.3499984741211,4777200,0.0,0.0,0.0
2024-04-24 00:00:00-04:00,83.0999984741211,83.7300033569336,82.54000091552734,83.61000061035156,4856200,0.0,0.0,0.0
2024-04-25 00:00:00-04:00,82.76000213623047,83.30999755859375,82.23999786376953,83.11000061035156,5678400,0.0,0.0,0.0
2024-04-26 00:00:00-04:00,83.2699966430664,84.05000305175781,83.05999755859375,83.23999786376953,4978900,0.0,0.0,0.0
2024-04-29 00:00:00-04:00,83.52999877929688,84.33999633789062,83.52999877929688,84.12000274658203,5499900,0.0,0.0,0.0
2024-04-30 00:00:00-04:00,83.5199966430664,83.9000015258789,82.56999969482422,82.5999984741211,9296300,0.0,0.0,0.0
2024-05-01 00:00:00-04:00,82.5199966430664,84.23999786376953,82.37999725341797,82.72000122070312,14147700,0.0,0.0,0.0
2024-05-02 00:00:00-04:00,83.54000091552734,84.0999984741211,82.62000274658203,83.81999969482422,12627400,0.0,0.0,0.0
2024-05-03 00:00:00-04:00,85.47000122070312,85.8499984741211,84.3499984741211,84.45999908447266,12365700,0.0,0.0,0.0
2024-05-06 00:00:00-04:00,85.19000244140625,85.30000305175781,84.30000305175781,84.66999816894531,8851900,0.0,0.0,0.0
2024-05-07 00:00:00-04:00,85.16000366210938,85.66999816894531,85.02999877929688,85.41999816894531,6117700,0.0,0.0,0.0
2024-05-08 00:00:00-04:00,84.94999694824219,84.98999786376953,84.45999908447266,84.7699966430664,5385400,0.0,0.0,0.0
2024-05-09 00:00:00-04:00,85.4800033569336,86.47000122070312,85.38999938964844,86.4000015258789,8093800,0.0,0.0,0.0
2024-05-10 00:00:00-04:00,86.68000030517578,86.69999694824219,85.94999694824219,86.23999786376953,5146200,0.0,0.0,0.0
2024-05-13 00:00:00-04:00,86.58000183105469,86.97000122070312,86.05000305175781,86.43000030517578,4207700,0.0,0.0,0.0
2024-05-14 00:00:00-04:00,87.06999969482422,87.48999786376953,86.63999938964844,87.06999969482422,5882100,0.0,0.0,0.0
2024-05-15 00:00:00-04:00,88.48999786376953,88.73999786376953,88.0999984741211,88.4000015258789,6438100,0.0,0.0,0.0
2024-05-16 00:00:00-04:00,88.56999969482422,88.7300033569336,88.1500015258789,88.33000183105469,4169700,0.0,0.0,0.0
2024-05-17 00:00:00-04:00,88.26000213623047,88.54000091552734,87.97000122070312,88.33999633789062,4138500,0.0,0.0,0.0
2024-05-20 00:00:00-04:00,88.19000244140625,88.38999938964844,87.69000244140625,87.72000122070312,3240500,0.0,0.0,0.0
2024-05-21 00:00:00-04:00,87.61000061035156,87.91999816894531,87.41000366210938,87.75,2763100,0.0,0.0,0.0
2024-05-22 00:00:00-04:00,87.45999908447266,87.80000305175781,86.73999786376953,86.94000244140625,3796900,0.0,0.0,0.0
2024-05-23 00:00:00-04:00,86.97000122070312,87.01000213623047,85.02999877929688,85.08000183105469,5336100,0.0,0.0,0.0
2024-05-24 00:00:00-04:00,85.62999725341797,85.73999786376953,85.0,85.08999633789062,4392400,0.0,0.0,0.0
2024-05-28 00:00:00-04:00,85.75,85.87000274658203,84.5,84.56999969482422,3709500,0.0,0.0,0.0
2024-05-29 00:00:00-04:00,83.7699966430664,83.88999938964844,83.38999938964844,83.77999877929688,4983800,0.0,0.0,0.0
2024-05-30 00:00:00-04:00,84.33000183105469,85.04000091552734,84.23999786376953,85.0,4901000,0.0,0.0,0.0
2024-05-31 00:00:00-04:00,85.7300033569336,86.69000244140625,85.13999938964844,86.66999816894531,5354000,0.0,0.0,0.0
2024-06-03 00:00:00-04:00,86.83000183105469,86.9800033569336,85.94000244140625,86.43000030517578,5413700,0.0,0.0,0.0
2024-06-04 00:00:00-04:00,86.02999877929688,87.48999786376953,86.02999877929688,87.19999694824219,4294400,0.0,0.0,0.0
2024-06-05 00:00:00-04:00,87.08999633789062,87.25,86.5199966430664,86.98999786376953,3256000,0.0,0.0,0.0
2024-06-06 00:00:00-04:00,86.79000091552734,87.25,86.27999877929688,87.12999725341797,4098000,0.0,0.0,0.0
2024-06-07 00:00:00-04:00,86.02999877929688,86.66999816894531,85.7699966430664,86.43000030517578,5987600,0.0,0.0,0.0
2024-06-10 00:00:00-04:00,86.26000213623047,87.06999969482422,85.58999633789062,86.66999816894531,3305500,0.0,0.0,0.0
2024-06-11 00:00:00-04:00,85.80000305175781,86.30999755859375,85.55999755859375,85.87999725341797,3129100,0.0,0.0,0.0
2024-06-12 00:00:00-04:00,88.02999877929688,88.2699966430664,86.5,86.62000274658203,7425200,0.0,0.0,0.0
2024-06-13 00:00:00-04:00,86.91999816894531,87.30000305175781,86.33000183105469,87.12999725341797,4051500,0.0,0.0,0.0
2024-06-14 00:00:00-04:00,86.80999755859375,87.31999969482422,86.33000183105469,87.05999755859375,3743500,0.0,0.0,0.0
2024-06-17 00:00:00-04:00,86.54000091552734,87.13999938964844,86.16000366210938,86.75,4547500,0.0,0.0,0.0
2024-06-18 00:00:00-04:00,86.91000366210938,87.3499984741211,86.7699966430664,87.0,3567900,0.0,0.0,0.0
2024-06-20 00:00:00-04:00,86.80000305175781,87.08000183105469,86.5199966430664,86.7699966430664,3613600,0.0,0.0,0.0
2024-06-21 00:00:00-04:00,86.91999816894531,87.19999694824219,86.41000366210938,87.12999725341797,3345300,0.0,0.0,0.0
2024-06-24 00:00:00-04:00,87.19000244140625,88.58999633789062,86.94999694824219,87.6500015258789,4135100,0.0,0.0,0.0
2024-06-25 00:00:00-04:00,87.58000183105469,87.58999633789062,86.1500015258789,86.58999633789062,3915400,0.0,0.0,0.0
2024-06-26 00:00:00-04:00,86.13999938964844,86.61000061035156,85.87999725341797,86.33999633789062,2950900,0.0,0.0,0.0
2024-06-27 00:00:00-04:00,86.63999938964844,87.18000030517578,86.25,87.06999969482422,2865900,0.0,0.0,0.0
2024-06-28 00:00:00-04:00,87.5199966430664,88.19999694824219,87.0999984741211,87.73999786376953,5015700,0.0,0.0,0.0
2024-07-01 00:00:00-04:00,87.4800033569336,87.87000274658203,86.37999725341797,86.93000030517578,5124100,0.0,0.0,0.0
2024-07-02 00:00:00-04:00,87.18000030517578,87.45999908447266,86.81999969482422,87.26000213623047,2963200,0.0,0.0,0.0
2024-07-03 00:00:00-04:00,87.58999633789062,87.91999816894531,87.20999908447266,87.22000122070312,2833000,0.0,0.0,0.0
2024-07-05 00:00:00-04:00,87.41999816894531,87.66999816894531,86.91999816894531,87.47000122070312,3871800,0.0,0.0,0.0
2024-07-08 00:00:00-04:00,87.52999877929688,87.93000030517578,87.37000274658203,87.77999877929688,3107200,0.0,0.0,0.0
2024-07-09 00:00:00-04:00,87.55000305175781,88.05999755859375,86.9000015258789,87.76000213623047,2348900,0.0,0.0,0.0
2024-07-10 00:00:00-04:00,88.20999908447266,88.47000122070312,87.55000305175781,88.44000244140625,3444700,0.0,0.0,0.0
2024-07-11 00:00:00-04:00,89.8499984741211,91.2300033569336,89.69999694824219,90.87999725341797,7488300,0.0,0.0,0.0
2024-07-12 00:00:00-04:00,91.4800033569336,92.19999694824219,91.2300033569336,91.63999938964844,5344800,0.0,0.0,0.0
2024-07-15 00:00:00-04:00,91.79000091552734,92.25,91.41999816894531,92.05999755859375,4012600,0.0,0.0,0.0
2024-07-16 00:00:00-04:00,92.66000366210938,93.19000244140625,92.16000366210938,93.19000244140625,4809900,0.0,0.0,0.0
2024-07-17 00:00:00-04:00,93.08999633789062,94.37000274658203,93.08999633789062,93.80000305175781,6270100,0.0,0.0,0.0
2024-07-18 00:00:00-04:00,93.23999786376953,94.87999725341797,92.80000305175781,93.0999984741211,5090200,0.0,0.0,0.0
2024-07-19 00:00:00-04:00,93.20999908447266,93.44999694824219,92.45999908447266,92.91000366210938,3812800,0.0,0.0,0.0
2024-07-22 00:00:00-04:00,93.08999633789062,93.87999725341797,92.48999786376953,93.80999755859375,4144000,0.0,0.0,0.0
2024-07-23 00:00:00-04:00,93.58000183105469,94.25,93.19999694824219,93.69000244140625,4054000,0.0,0.0,0.0
2024-07-24 00:00:00-04:00,93.54000091552734,94.1500015258789,92.16000366210938,92.19999694824219,4693500,0.0,0.0,0.0
2024-07-25 00:00:00-04:00,92.86000061035156,93.66999816894531,91.69999694824219,91.88999938964844,6443500,0.0,0.0,0.0
2024-07-26 00:00:00-04:00,92.31999969482422,93.73999786376953,92.26000213623047,93.44000244140625,4575600,0.0,0.0,0.0
2024-07-29 00:00:00-04:00,93.72000122070312,94.30000305175781,92.7300033569336,94.04000091552734,5905300,0.0,0.0,0.0
2024-07-30 00:00:00-04:00,94.33999633789062,94.86000061035156,94.0199966430664,94.68000030517578,3982000,0.0,0.0,0.0
2024-07-31 00:00:00-04:00,94.43000030517578,95.5,94.12000274658203,94.43000030517578,6431000,0.0,0.0,0.0
2024-08-01 00:00:00-04:00,95.19999694824219,95.91999816894531,94.56999969482422,95.5199966430664,11377200,0.0,0.0,0.0
2024-08-02 00:00:00-04:00,95.19999694824219,96.48999786376953,94.69000244140625,95.61000061035156,10929000,0.0,0.0,0.0
2024-08-05 00:00:00-04:00,93.91999816894531,95.44000244140625,92.68000030517578,92.9000015258789,12392800,0.0,0.0,0.0
2024-08-06 00:00:00-04:00,92.80999755859375,95.73999786376953,92.48999786376953,94.83999633789062,9250800,0.0,0.0,0.0
2024-08-07 00:00:00-04:00,95.1500015258789,96.27999877929688,93.9800033569336,94.01000213623047,7478500,0.0,0.0,0.0
2024-08-08 00:00:00-04:00,94.22000122070312,95.16999816894531,93.80000305175781,95.01000213623047,6434600,0.0,0.0,0.0
2024-08-09 00:00:00-04:00,95.4000015258789,95.66000366210938,94.43000030517578,95.44000244140625,4156500,0.0,0.0,0.0
2024-08-12 00:00:00-04:00,95.1500015258789,95.1500015258789,94.13999938964844,94.79000091552734,3658300,0.0,0.0,0.0
2024-08-13 00:00:00-04:00,95.45999908447266,95.68000030517578,94.94000244140625,95.5199966430664,3203000,0.0,0.0,0.0
2024-08-14 00:00:00-04:00,95.75,96.30000305175781,95.30999755859375,95.9000015258789,4231500,0.0,0.0,0.0
2024-08-15 00:00:00-04:00,95.97000122070312,96.0999984741211,95.29000091552734,95.61000061035156,5084500,0.0,0.0,0.0
2024-08-16 00:00:00-04:00,95.54000091552734,95.94999694824219,95.19999694824219,95.63999938964844,4700100,0.0,0.0,0.0
2024-08-19 00:00:00-04:00,95.69000244140625,96.38999938964844,95.62000274658203,96.37000274658203,3101400,0.0,0.0,0.0
2024-08-20 00:00:00-04:00,96.54000091552734,96.62999725341797,95.91000366210938,96.3499984741211,3944000,0.0,0.0,0.0
2024-08-21 00:00:00-04:00,96.30000305175781,96.80000305175781,95.88999938964844,96.69000244140625,3571700,0.0,0.0,0.0
2024-08-22 00:00:00-04:00,96.75,97.11000061035156,96.48999786376953,97.05999755859375,2741000,0.0,0.0,0.0
2024-08-23 00:00:00-04:00,97.44000244140625,99.2300033569336,97.3499984741211,99.13999938964844,6437900,0.0,0.0,0.0
2024-08-26 00:00:00-04:00,99.52999877929688,99.69999694824219,98.8499984741211,98.98999786376953,3571700,0.0,0.0,0.0
2024-08-27 00:00:00-04:00,98.25,99.27999877929688,98.19999694824219,99.20999908447266,3713000,0.0,0.0,0.0
2024-08-28 00:00:00-04:00,99.20999908447266,99.4800033569336,98.30999755859375,98.86000061035156,2873900,0.0,0.0,0.0
2024-08-29 00:00:00-04:00,98.75,98.91000366210938,98.08000183105469,98.52999877929688,5013900,0.0,0.0,0.0
2024-08-30 00:00:00-04:00,99.01000213623047,99.52999877929688,98.25,99.52999877929688,4101900,0.0,0.0,0.0
2024-09-03 00:00:00-04:00,98.80000305175781,99.98999786376953,98.80000305175781,99.52999877929688,7191100,0.0,0.0,0.0
2024-09-04 00:00:00-04:00,99.80000305175781,100.7300033569336,99.25,99.80999755859375,6448200,0.0,0.0,0.0
2024-09-05 00:00:00-04:00,100.48999786376953,100.58999633789062,99.27999877929688,99.48999786376953,7729800,0.0,0.0,0.0
2024-09-06 00:00:00-04:00,99.61000061035156,99.77999877929688,98.62000274658203,99.4000015258789,9306300,0.0,0.0,0.0
2024-09-09 00:00:00-04:00,99.3499984741211,100.7699966430664,99.30999755859375,100.61000061035156,5657300,0.0,0.0,0.0
2024-09-10 00:00:00-04:00,100.91999816894531,102.19999694824219,100.69000244140625,102.19999694824219,5856100,0.0,0.0,0.0
2024-09-11 00:00:00-04:00,101.18000030517578,101.95999908447266,100.01000213623047,101.83999633789062,4270200,0.0,0.0,0.0
2024-09-12 00:00:00-04:00,102.02999877929688,102.27999877929688,101.12000274658203,102.19999694824219,4537700,0.0,0.0,0.0
2024-09-13 00:00:00-04:00,102.79000091552734,103.1500015258789,102.55000305175781,103.13999938964844,4797000,0.0,0.0,0.0
2024-09-16 00:00:00-04:00,103.5999984741211,103.93000030517578,103.1500015258789,103.61000061035156,4680400,0.0,0.0,0.0
2024-09-17 00:00:00-04:00,103.69999694824219,103.94000244140625,102.48999786376953,102.76000213623047,5279000,0.0,0.0,0.0
2024-09-18 00:00:00-04:00,102.93000030517578,104.04000091552734,102.41999816894531,102.56999969482422,6219100,0.0,0.0,0.0
2024-09-19 00:00:00-04:00,103.47000122070312,103.47000122070312,101.9000015258789,102.45999908447266,6329900,0.0,0.0,0.0
2024-09-20 00:00:00-04:00,102.06999969482422,102.37999725341797,101.72000122070312,102.2699966430664,6514900,0.0,0.0,0.0
2024-09-23 00:00:00-04:00,102.7699966430664,103.26000213623047,102.61000061035156,103.16999816894531,4126500,0.0,0.0,0.0
2024-09-24 00:00:00-04:00,102.66000366210938,103.55000305175781,102.33999633789062,103.19999694824219,4173100,0.0,0.0,0.0
2024-09-25 00:00:00-04:00,102.69000244140625,102.87000274658203,101.63999938964844,101.88999938964844,3969100,0.0,0.0,0.0
2024-09-26 00:00:00-04:00,101.98999786376953,102.08999633789062,100.66000366210938,100.94999694824219,5236800,0.0,0.0,0.0
2024-09-27 00:00:00-04:00,101.76000213623047,101.97000122070312,101.0,101.1500015258789,4384500,0.0,0.0,0.0
2024-09-30 00:00:00-04:00,100.88999938964844,101.9800033569336,100.6500015258789,101.87000274658203,5498600,0.0,0.0,0.0
2024-10-01 00:00:00-04:00,102.16000366210938,102.31999969482422,100.80000305175781,101.26000213623047,10335000,0.0,0.0,0.0
2024-10-02 00:00:00-04:00,100.38999938964844,100.95999908447266,100.16000366210938,100.91999816894531,5577200,0.0,0.0,0.0
2024-10-03 00:00:00-04:00,100.5199966430664,100.77999877929688,99.62999725341797,99.91999816894531,4147200,0.0,0.0,0.0
2024-10-04 00:00:00-04:00,99.41000366210938,99.66999816894531,98.48999786376953,99.36000061035156,5790600,0.0,0.0,0.0
2024-10-07 00:00:00-04:00,98.87000274658203,98.87000274658203,98.05000305175781,98.5,5101400,0.0,0.0,0.0
2024-10-08 00:00:00-04:00,98.93000030517578,99.16999816894531,98.38999938964844,98.7300033569336,5238200,0.0,0.0,0.0
2024-10-09 00:00:00-04:00,98.54000091552734,98.87000274658203,98.19000244140625,98.80000305175781,3079700,0.0,0.0,0.0
2024-10-10 00:00:00-04:00,98.3499984741211,99.04000091552734,97.73999786376953,98.01000213623047,3391600,0.0,0.0,0.0
2024-10-11 00:00:00-04:00,98.54000091552734,99.11000061035156,98.33999633789062,99.11000061035156,3757000,0.0,0.0,0.0
2024-10-14 00:00:00-04:00,98.75,99.86000061035156,98.55999755859375,99.76000213623047,3193300,0.0,0.0,0.0
2024-10-15 00:00:00-04:00,100.13999938964844,101.75,100.13999938964844,100.94000244140625,6918700,0.0,0.0,0.0
2024-10-16 00:00:00-04:00,101.18000030517578,102.0999984741211,100.88999938964844,101.9800033569336,4237900,0.0,0.0,0.0
2024-10-17 00:00:00-04:00,101.51000213623047,101.69999694824219,100.87000274658203,101.19000244140625,3736000,0.0,0.0,0.0
2024-10-18 00:00:00-04:00,101.48999786376953,101.97000122070312,101.05000305175781,101.94000244140625,3713600,0.0,0.0,0.0
2024-10-21 00:00:00-04:00,101.37999725341797,101.83000183105469,99.77999877929688,99.9000015258789,6073600,0.0,0.0,0.0
2024-10-22 00:00:00-04:00,99.66000366210938,100.44000244140625,99.44000244140625,100.01000213623047,5405900,0.0,0.0,0.0
2024-10-23 00:00:00-04:00,99.83000183105469,101.08000183105469,99.66999816894531,100.91000366210938,5452700,0.0,0.0,0.0
2024-10-24 00:00:00-04:00,101.05000305175781,101.7300033569336,100.97000122070312,101.16000366210938,3491500,0.0,0.0,0.0
2024-10-25 00:00:00-04:00,101.76000213623047,102.18000030517578,100.1500015258789,100.19999694824219,4394800,0.0,0.0,0.0
2024-10-28 00:00:00-04:00,100.98999786376953,101.45999908447266,100.29000091552734,100.45999908447266,4458800,0.0,0.0,0.0
2024-10-29 00:00:00-04:00,100.18000030517578,100.55000305175781,99.26000213623047,99.52999877929688,7021200,0.0,0.0,0.0
2024-10-30 00:00:00-04:00,99.58999633789062,100.7300033569336,99.52999877929688,100.01000213623047,6237600,0.0,0.0,0.0
2024-10-31 00:00:00-04:00,99.22000122070312,99.7699966430664,98.23999786376953,98.30999755859375,7701000,0.0,0.0,0.0
2024-11-01 00:00:00-04:00,98.93000030517578,99.0999984741211,97.16000366210938,97.19999694824219,9487500,0.0,0.0,0.0
2024-11-04 00:00:00-05:00,97.68000030517578,98.52999877929688,97.55000305175781,98.25,3926900,0.0,0.0,0.0
2024-11-05 00:00:00-05:00,97.72000122070312,99.5999984741211,97.47000122070312,99.58999633789062,5125600,0.0,0.0,0.0
2024-11-06 00:00:00-05:00,99.30999755859375,99.30999755859375,96.05999755859375,97.08000183105469,10360500,0.0,0.0,0.0
2024-11-07 00:00:00-05:00,97.62999725341797,98.56999969482422,97.33999633789062,98.27999877929688,7768300,0.0,0.0,0.0
2024-11-08 00:00:00-05:00,98.73999786376953,100.16000366210938,98.58000183105469,99.88999938964844,7286700,0.0,0.0,0.0
2024-11-11 00:00:00-05:00,99.66000366210938,100.37000274658203,99.18000030517578,99.2300033569336,3711500,0.0,0.0,0.0
2024-11-12 00:00:00-05:00,98.91999816894531,99.33000183105469,97.88999938964844,97.88999938964844,7729300,0.0,0.0,0.0
2024-11-13 00:00:00-05:00,99.01000213623047,99.41000366210938,98.43000030517578,98.55999755859375,4801500,0.0,0.0,0.0
2024-11-14 00:00:00-05:00,98.54000091552734,98.54000091552734,97.55999755859375,97.69000244140625,6714800,0.0,0.0,0.0
2024-11-15 00:00:00-05:00,97.26000213623047,97.98999786376953,96.95999908447266,97.80000305175781,6786300,0.0,0.0,0.0
2024-11-18 00:00:00-05:00,97.38999938964844,98.62000274658203,97.18000030517578,98.5999984741211,4726100,0.0,0.0,0.0
2024-11-19 00:00:00-05:00,98.30000305175781,99.31999969482422,97.88999938964844,99.12000274658203,5340800,0.0,0.0,0.0
2024-11-20 00:00:00-05:00,98.52999877929688,99.06999969482422,98.12999725341797,98.91000366210938,4329700,0.0,0.0,0.0
2024-11-21 00:00:00-05:00,99.05000305175781,99.93000030517578,98.62999725341797,99.62000274658203,3826200,0.0,0.0,0.0
2024-11-22 00:00:00-05:00,99.9800033569336,100.52999877929688,99.93000030517578,100.36000061035156,3402700,0.0,0.0,0.0
2024-11-25 00:00:00-05:00,100.94000244140625,102.2300033569336,100.94000244140625,101.76000213623047,5112800,0.0,0.0,0.0
